ISO-10303-21;
HEADER;

/* File generated by Shapr3D Version 5.881.9034.0 */

FILE_DESCRIPTION(('HOOPS Exchange Step'),'2;1');

FILE_NAME('C:\\Users\\bilal\\AppData\\Local\\Packages\\Shapr3D.Shapr3D_j403pzjkqtqbj\\TempState\\export\\temp_export',
'2025-06-23T16:48:40+02:00',
('bilal'),
('Shapr3D Limited'),
'HOOPS Exchange 2024.8',
'Shapr3D',
'Authorized');

FILE_SCHEMA( ('AP242_MANAGED_MODEL_BASED_3D_ENGINEERING_MIM_LF {1 0 10303 442 1 1 4}') );

ENDSEC;

DATA;
#3=(NAMED_UNIT(*)PLANE_ANGLE_UNIT()SI_UNIT($,.RADIAN.));
#4=PLANE_ANGLE_MEASURE_WITH_UNIT(PLANE_ANGLE_MEASURE(0.0174532925),#3);
#5=(CONVERSION_BASED_UNIT('DEGREE',#4)NAMED_UNIT(#6)PLANE_ANGLE_UNIT());
#6=DIMENSIONAL_EXPONENTS(0.,0.,0.,0.,0.,0.,0.);
#7=(NAMED_UNIT(*)SI_UNIT($,.STERADIAN.)SOLID_ANGLE_UNIT());
#8=(LENGTH_UNIT()NAMED_UNIT(*)SI_UNIT(.MILLI.,.METRE.));
#9=UNCERTAINTY_MEASURE_WITH_UNIT(LENGTH_MEASURE(1.000000E-03),#8,'DISTANCE_ACCURACY_VALUE','Maximum Tolerance applied to model');
#10=(GEOMETRIC_REPRESENTATION_CONTEXT(3)GLOBAL_UNCERTAINTY_ASSIGNED_CONTEXT((#9))GLOBAL_UNIT_ASSIGNED_CONTEXT((#8,#5,#7))REPRESENTATION_CONTEXT('','root'));
#12=CARTESIAN_POINT('',(0.,0.,0.));
#13=DIRECTION('',(0.,0.,1.));
#14=DIRECTION('',(1.,0.,0.));
#15=AXIS2_PLACEMENT_3D('',#12,#13,#14);
#26=(NAMED_UNIT(*)PLANE_ANGLE_UNIT()SI_UNIT($,.RADIAN.));
#27=PLANE_ANGLE_MEASURE_WITH_UNIT(PLANE_ANGLE_MEASURE(0.0174532925),#26);
#28=(CONVERSION_BASED_UNIT('DEGREE',#27)NAMED_UNIT(#29)PLANE_ANGLE_UNIT());
#29=DIMENSIONAL_EXPONENTS(0.,0.,0.,0.,0.,0.,0.);
#30=(NAMED_UNIT(*)SI_UNIT($,.STERADIAN.)SOLID_ANGLE_UNIT());
#31=(LENGTH_UNIT()NAMED_UNIT(*)SI_UNIT(.MILLI.,.METRE.));
#32=UNCERTAINTY_MEASURE_WITH_UNIT(LENGTH_MEASURE(1.000000E-05),#31,'DISTANCE_ACCURACY_VALUE','Maximum Tolerance applied to model');
#33=(GEOMETRIC_REPRESENTATION_CONTEXT(3)GLOBAL_UNCERTAINTY_ASSIGNED_CONTEXT((#32))GLOBAL_UNIT_ASSIGNED_CONTEXT((#31,#28,#30))REPRESENTATION_CONTEXT('','BackPlane_Support.step'));
#45=CARTESIAN_POINT('',(0.,0.,0.));
#46=DIRECTION('',(0.,0.,1.));
#47=DIRECTION('',(1.,0.,-0.));
#48=AXIS2_PLACEMENT_3D('',#45,#46,#47);
#49=ITEM_DEFINED_TRANSFORMATION('','',#48,#15);
#50=(REPRESENTATION_RELATIONSHIP('','',#35,#16)REPRESENTATION_RELATIONSHIP_WITH_TRANSFORMATION(#49)SHAPE_REPRESENTATION_RELATIONSHIP());
#51=NEXT_ASSEMBLY_USAGE_OCCURRENCE('BackPlane_Support.step_1','BackPlane_Support.step','BackPlane_Support.step',#25,#44,$);
#52=PRODUCT_DEFINITION_SHAPE('','',#51);
#53=CONTEXT_DEPENDENT_SHAPE_REPRESENTATION(#50,#52);
#55=CARTESIAN_POINT('',(177.9975,70.086325,-3.));
#56=DIRECTION('',(-1.,0.,0.));
#57=DIRECTION('',(0.,0.,1.));
#58=AXIS2_PLACEMENT_3D('',#55,#56,#57);
#59=PLANE('',#58);
#60=CARTESIAN_POINT('',(177.9975,54.61465,-3.));
#61=VERTEX_POINT('',#60);
#62=CARTESIAN_POINT('',(177.9975,24.61465,-3.));
#63=VERTEX_POINT('',#62);
#64=CARTESIAN_POINT('',(177.9975,54.61465,-3.));
#65=DIRECTION('',(-0.,-1.,-0.));
#66=VECTOR('',#65,30.);
#67=LINE('',#64,#66);
#68=EDGE_CURVE('',#61,#63,#67,.T.);
#69=ORIENTED_EDGE('',*,*,#68,.T.);
#70=CARTESIAN_POINT('',(177.9975,24.61465,0.));
#71=VERTEX_POINT('',#70);
#72=CARTESIAN_POINT('',(177.9975,24.61465,-3.));
#73=DIRECTION('',(0.,0.,1.));
#74=VECTOR('',#73,3.);
#75=LINE('',#72,#74);
#76=EDGE_CURVE('',#63,#71,#75,.T.);
#77=ORIENTED_EDGE('',*,*,#76,.T.);
#78=CARTESIAN_POINT('',(177.9975,54.61465,0.));
#79=VERTEX_POINT('',#78);
#80=CARTESIAN_POINT('',(177.9975,54.61465,0.));
#81=DIRECTION('',(-0.,-1.,-0.));
#82=VECTOR('',#81,30.);
#83=LINE('',#80,#82);
#84=EDGE_CURVE('',#79,#71,#83,.T.);
#85=ORIENTED_EDGE('',*,*,#84,.F.);
#86=CARTESIAN_POINT('',(177.9975,54.61465,-3.));
#87=DIRECTION('',(0.,0.,1.));
#88=VECTOR('',#87,3.);
#89=LINE('',#86,#88);
#90=EDGE_CURVE('',#61,#79,#89,.T.);
#91=ORIENTED_EDGE('',*,*,#90,.F.);
#92=EDGE_LOOP('',(#69,#77,#85,#91));
#93=FACE_BOUND('',#92,.T.);
#94=ADVANCED_FACE('',(#93),#59,.T.);
#95=CARTESIAN_POINT('',(177.9975,54.61465,-3.));
#96=DIRECTION('',(0.,0.,1.));
#97=DIRECTION('',(1.,0.,-0.));
#98=AXIS2_PLACEMENT_3D('',#95,#96,#97);
#99=CYLINDRICAL_SURFACE('',#98,3.);
#100=CARTESIAN_POINT('',(180.9975,54.61465,0.));
#101=VERTEX_POINT('',#100);
#102=CARTESIAN_POINT('',(177.9975,57.61465,0.));
#103=VERTEX_POINT('',#102);
#104=CARTESIAN_POINT('',(177.9975,54.61465,0.));
#105=DIRECTION('',(0.,0.,1.));
#106=DIRECTION('',(1.,0.,-0.));
#107=AXIS2_PLACEMENT_3D('',#104,#105,#106);
#108=CIRCLE('',#107,3.);
#109=EDGE_CURVE('',#101,#103,#108,.T.);
#110=ORIENTED_EDGE('',*,*,#109,.F.);
#111=CARTESIAN_POINT('',(180.9975,54.61465,-3.));
#112=VERTEX_POINT('',#111);
#113=CARTESIAN_POINT('',(180.9975,54.61465,-3.));
#114=DIRECTION('',(0.,0.,1.));
#115=VECTOR('',#114,3.);
#116=LINE('',#113,#115);
#117=EDGE_CURVE('',#112,#101,#116,.T.);
#118=ORIENTED_EDGE('',*,*,#117,.F.);
#119=CARTESIAN_POINT('',(177.9975,57.61465,-3.));
#120=VERTEX_POINT('',#119);
#121=CARTESIAN_POINT('',(177.9975,54.61465,-3.));
#122=DIRECTION('',(0.,0.,1.));
#123=DIRECTION('',(1.,0.,-0.));
#124=AXIS2_PLACEMENT_3D('',#121,#122,#123);
#125=CIRCLE('',#124,3.);
#126=EDGE_CURVE('',#112,#120,#125,.T.);
#127=ORIENTED_EDGE('',*,*,#126,.T.);
#128=CARTESIAN_POINT('',(177.9975,57.61465,-3.));
#129=DIRECTION('',(0.,0.,1.));
#130=VECTOR('',#129,3.);
#131=LINE('',#128,#130);
#132=EDGE_CURVE('',#120,#103,#131,.T.);
#133=ORIENTED_EDGE('',*,*,#132,.T.);
#134=EDGE_LOOP('',(#110,#118,#127,#133));
#135=FACE_BOUND('',#134,.T.);
#136=ADVANCED_FACE('',(#135),#99,.T.);
#137=CARTESIAN_POINT('',(177.9975,24.61465,-3.));
#138=DIRECTION('',(0.,0.,1.));
#139=DIRECTION('',(1.,0.,-0.));
#140=AXIS2_PLACEMENT_3D('',#137,#138,#139);
#141=CYLINDRICAL_SURFACE('',#140,3.);
#142=CARTESIAN_POINT('',(177.9975,21.61465,0.));
#143=VERTEX_POINT('',#142);
#144=CARTESIAN_POINT('',(180.9975,24.61465,0.));
#145=VERTEX_POINT('',#144);
#146=CARTESIAN_POINT('',(177.9975,24.61465,0.));
#147=DIRECTION('',(0.,0.,1.));
#148=DIRECTION('',(1.,0.,-0.));
#149=AXIS2_PLACEMENT_3D('',#146,#147,#148);
#150=CIRCLE('',#149,3.);
#151=EDGE_CURVE('',#143,#145,#150,.T.);
#152=ORIENTED_EDGE('',*,*,#151,.F.);
#153=CARTESIAN_POINT('',(177.9975,21.61465,-3.));
#154=VERTEX_POINT('',#153);
#155=CARTESIAN_POINT('',(177.9975,21.61465,-3.));
#156=DIRECTION('',(0.,0.,1.));
#157=VECTOR('',#156,3.);
#158=LINE('',#155,#157);
#159=EDGE_CURVE('',#154,#143,#158,.T.);
#160=ORIENTED_EDGE('',*,*,#159,.F.);
#161=CARTESIAN_POINT('',(180.9975,24.61465,-3.));
#162=VERTEX_POINT('',#161);
#163=CARTESIAN_POINT('',(177.9975,24.61465,-3.));
#164=DIRECTION('',(0.,0.,1.));
#165=DIRECTION('',(1.,0.,-0.));
#166=AXIS2_PLACEMENT_3D('',#163,#164,#165);
#167=CIRCLE('',#166,3.);
#168=EDGE_CURVE('',#154,#162,#167,.T.);
#169=ORIENTED_EDGE('',*,*,#168,.T.);
#170=CARTESIAN_POINT('',(180.9975,24.61465,-3.));
#171=DIRECTION('',(0.,0.,1.));
#172=VECTOR('',#171,3.);
#173=LINE('',#170,#172);
#174=EDGE_CURVE('',#162,#145,#173,.T.);
#175=ORIENTED_EDGE('',*,*,#174,.T.);
#176=EDGE_LOOP('',(#152,#160,#169,#175));
#177=FACE_BOUND('',#176,.T.);
#178=ADVANCED_FACE('',(#177),#141,.T.);
#179=CARTESIAN_POINT('',(180.9975,39.61465,-3.));
#180=DIRECTION('',(-1.,0.,0.));
#181=DIRECTION('',(0.,0.,1.));
#182=AXIS2_PLACEMENT_3D('',#179,#180,#181);
#183=PLANE('',#182);
#184=CARTESIAN_POINT('',(180.9975,54.61465,0.));
#185=DIRECTION('',(-0.,-1.,-0.));
#186=VECTOR('',#185,30.);
#187=LINE('',#184,#186);
#188=EDGE_CURVE('',#101,#145,#187,.T.);
#189=ORIENTED_EDGE('',*,*,#188,.T.);
#190=ORIENTED_EDGE('',*,*,#174,.F.);
#191=CARTESIAN_POINT('',(180.9975,54.61465,-3.));
#192=DIRECTION('',(-0.,-1.,-0.));
#193=VECTOR('',#192,30.);
#194=LINE('',#191,#193);
#195=EDGE_CURVE('',#112,#162,#194,.T.);
#196=ORIENTED_EDGE('',*,*,#195,.F.);
#197=ORIENTED_EDGE('',*,*,#117,.T.);
#198=EDGE_LOOP('',(#189,#190,#196,#197));
#199=FACE_BOUND('',#198,.T.);
#200=ADVANCED_FACE('',(#199),#183,.F.);
#201=CARTESIAN_POINT('',(0.,0.,-3.));
#202=DIRECTION('',(0.,0.,1.));
#203=DIRECTION('',(1.,0.,0.));
#204=AXIS2_PLACEMENT_3D('',#201,#202,#203);
#205=PLANE('',#204);
#206=CARTESIAN_POINT('',(174.9975,24.61465,-3.));
#207=VERTEX_POINT('',#206);
#208=CARTESIAN_POINT('',(174.9975,24.61465,-3.));
#209=DIRECTION('',(1.,0.,-0.));
#210=VECTOR('',#209,3.);
#211=LINE('',#208,#210);
#212=EDGE_CURVE('',#207,#63,#211,.T.);
#213=ORIENTED_EDGE('',*,*,#212,.T.);
#214=ORIENTED_EDGE('',*,*,#68,.F.);
#215=CARTESIAN_POINT('',(174.9975,54.61465,-3.));
#216=VERTEX_POINT('',#215);
#217=CARTESIAN_POINT('',(177.9975,54.61465,-3.));
#218=DIRECTION('',(-1.,-0.,0.));
#219=VECTOR('',#218,3.);
#220=LINE('',#217,#219);
#221=EDGE_CURVE('',#61,#216,#220,.T.);
#222=ORIENTED_EDGE('',*,*,#221,.T.);
#223=CARTESIAN_POINT('',(174.9975,54.61465,-3.));
#224=DIRECTION('',(-0.,-1.,-0.));
#225=VECTOR('',#224,30.);
#226=LINE('',#223,#225);
#227=EDGE_CURVE('',#216,#207,#226,.T.);
#228=ORIENTED_EDGE('',*,*,#227,.T.);
#229=EDGE_LOOP('',(#213,#214,#222,#228));
#230=FACE_BOUND('',#229,.T.);
#231=ORIENTED_EDGE('',*,*,#126,.F.);
#232=ORIENTED_EDGE('',*,*,#195,.T.);
#233=ORIENTED_EDGE('',*,*,#168,.F.);
#234=CARTESIAN_POINT('',(177.9975,-6.3287,-3.));
#235=VERTEX_POINT('',#234);
#236=CARTESIAN_POINT('',(177.9975,-6.3287,-3.));
#237=DIRECTION('',(0.,1.,0.));
#238=VECTOR('',#237,27.94335);
#239=LINE('',#236,#238);
#240=EDGE_CURVE('',#235,#154,#239,.T.);
#241=ORIENTED_EDGE('',*,*,#240,.F.);
#242=CARTESIAN_POINT('',(-5.2775,-6.3287,-3.));
#243=VERTEX_POINT('',#242);
#244=CARTESIAN_POINT('',(177.9975,-6.3287,-3.));
#245=DIRECTION('',(-1.,-0.,0.));
#246=VECTOR('',#245,183.275);
#247=LINE('',#244,#246);
#248=EDGE_CURVE('',#235,#243,#247,.T.);
#249=ORIENTED_EDGE('',*,*,#248,.T.);
#250=CARTESIAN_POINT('',(-5.2775,21.61465,-3.));
#251=VERTEX_POINT('',#250);
#252=CARTESIAN_POINT('',(-5.2775,-6.3287,-3.));
#253=DIRECTION('',(0.,1.,0.));
#254=VECTOR('',#253,27.94335);
#255=LINE('',#252,#254);
#256=EDGE_CURVE('',#243,#251,#255,.T.);
#257=ORIENTED_EDGE('',*,*,#256,.T.);
#258=CARTESIAN_POINT('',(-8.2775,24.61465,-3.));
#259=VERTEX_POINT('',#258);
#260=CARTESIAN_POINT('',(-5.2775,24.61465,-3.));
#261=DIRECTION('',(0.,0.,1.));
#262=DIRECTION('',(1.,0.,-0.));
#263=AXIS2_PLACEMENT_3D('',#260,#261,#262);
#264=CIRCLE('',#263,3.);
#265=EDGE_CURVE('',#259,#251,#264,.T.);
#266=ORIENTED_EDGE('',*,*,#265,.F.);
#267=CARTESIAN_POINT('',(-8.2775,54.61465,-3.));
#268=VERTEX_POINT('',#267);
#269=CARTESIAN_POINT('',(-8.2775,54.61465,-3.));
#270=DIRECTION('',(-0.,-1.,-0.));
#271=VECTOR('',#270,30.);
#272=LINE('',#269,#271);
#273=EDGE_CURVE('',#268,#259,#272,.T.);
#274=ORIENTED_EDGE('',*,*,#273,.F.);
#275=CARTESIAN_POINT('',(-5.2775,57.61465,-3.));
#276=VERTEX_POINT('',#275);
#277=CARTESIAN_POINT('',(-5.2775,54.61465,-3.));
#278=DIRECTION('',(0.,0.,1.));
#279=DIRECTION('',(1.,0.,-0.));
#280=AXIS2_PLACEMENT_3D('',#277,#278,#279);
#281=CIRCLE('',#280,3.);
#282=EDGE_CURVE('',#276,#268,#281,.T.);
#283=ORIENTED_EDGE('',*,*,#282,.F.);
#284=CARTESIAN_POINT('',(-5.2775,85.558,-3.));
#285=VERTEX_POINT('',#284);
#286=CARTESIAN_POINT('',(-5.2775,57.61465,-3.));
#287=DIRECTION('',(0.,1.,0.));
#288=VECTOR('',#287,27.94335);
#289=LINE('',#286,#288);
#290=EDGE_CURVE('',#276,#285,#289,.T.);
#291=ORIENTED_EDGE('',*,*,#290,.T.);
#292=CARTESIAN_POINT('',(177.9975,85.558,-3.));
#293=VERTEX_POINT('',#292);
#294=CARTESIAN_POINT('',(177.9975,85.558,-3.));
#295=DIRECTION('',(-1.,-0.,0.));
#296=VECTOR('',#295,183.275);
#297=LINE('',#294,#296);
#298=EDGE_CURVE('',#293,#285,#297,.T.);
#299=ORIENTED_EDGE('',*,*,#298,.F.);
#300=CARTESIAN_POINT('',(177.9975,57.61465,-3.));
#301=DIRECTION('',(0.,1.,0.));
#302=VECTOR('',#301,27.94335);
#303=LINE('',#300,#302);
#304=EDGE_CURVE('',#120,#293,#303,.T.);
#305=ORIENTED_EDGE('',*,*,#304,.F.);
#306=EDGE_LOOP('',(#231,#232,#233,#241,#249,#257,#266,#274,#283,#291,#299,#305));
#307=FACE_BOUND('',#306,.T.);
#308=CARTESIAN_POINT('',(67.615,75.604,-3.));
#309=VERTEX_POINT('',#308);
#310=CARTESIAN_POINT('',(69.215,75.604,-3.));
#311=DIRECTION('',(0.,0.,-1.));
#312=DIRECTION('',(-1.,0.,0.));
#313=AXIS2_PLACEMENT_3D('',#310,#311,#312);
#314=CIRCLE('',#313,1.6);
#315=EDGE_CURVE('',#309,#309,#314,.T.);
#316=ORIENTED_EDGE('',*,*,#315,.F.);
#317=EDGE_LOOP('',(#316));
#318=FACE_BOUND('',#317,.T.);
#319=CARTESIAN_POINT('',(1.448,75.604,-3.));
#320=VERTEX_POINT('',#319);
#321=CARTESIAN_POINT('',(3.048,75.604,-3.));
#322=DIRECTION('',(0.,0.,-1.));
#323=DIRECTION('',(-1.,0.,0.));
#324=AXIS2_PLACEMENT_3D('',#321,#322,#323);
#325=CIRCLE('',#324,1.6);
#326=EDGE_CURVE('',#320,#320,#325,.T.);
#327=ORIENTED_EDGE('',*,*,#326,.F.);
#328=EDGE_LOOP('',(#327));
#329=FACE_BOUND('',#328,.T.);
#330=CARTESIAN_POINT('',(1.448,2.706,-3.));
#331=VERTEX_POINT('',#330);
#332=CARTESIAN_POINT('',(3.048,2.706,-3.));
#333=DIRECTION('',(0.,0.,-1.));
#334=DIRECTION('',(-1.,0.,0.));
#335=AXIS2_PLACEMENT_3D('',#332,#333,#334);
#336=CIRCLE('',#335,1.6);
#337=EDGE_CURVE('',#331,#331,#336,.T.);
#338=ORIENTED_EDGE('',*,*,#337,.F.);
#339=EDGE_LOOP('',(#338));
#340=FACE_BOUND('',#339,.T.);
#341=CARTESIAN_POINT('',(67.615,2.706,-3.));
#342=VERTEX_POINT('',#341);
#343=CARTESIAN_POINT('',(69.215,2.706,-3.));
#344=DIRECTION('',(0.,0.,-1.));
#345=DIRECTION('',(-1.,0.,0.));
#346=AXIS2_PLACEMENT_3D('',#343,#344,#345);
#347=CIRCLE('',#346,1.6);
#348=EDGE_CURVE('',#342,#342,#347,.T.);
#349=ORIENTED_EDGE('',*,*,#348,.F.);
#350=EDGE_LOOP('',(#349));
#351=FACE_BOUND('',#350,.T.);
#352=CARTESIAN_POINT('',(168.072,75.604,-3.));
#353=VERTEX_POINT('',#352);
#354=CARTESIAN_POINT('',(169.672,75.604,-3.));
#355=DIRECTION('',(0.,0.,-1.));
#356=DIRECTION('',(-1.,0.,0.));
#357=AXIS2_PLACEMENT_3D('',#354,#355,#356);
#358=CIRCLE('',#357,1.6);
#359=EDGE_CURVE('',#353,#353,#358,.T.);
#360=ORIENTED_EDGE('',*,*,#359,.F.);
#361=EDGE_LOOP('',(#360));
#362=FACE_BOUND('',#361,.T.);
#363=CARTESIAN_POINT('',(168.072,2.706,-3.));
#364=VERTEX_POINT('',#363);
#365=CARTESIAN_POINT('',(169.672,2.706,-3.));
#366=DIRECTION('',(0.,0.,-1.));
#367=DIRECTION('',(-1.,0.,0.));
#368=AXIS2_PLACEMENT_3D('',#365,#366,#367);
#369=CIRCLE('',#368,1.6);
#370=EDGE_CURVE('',#364,#364,#369,.T.);
#371=ORIENTED_EDGE('',*,*,#370,.F.);
#372=EDGE_LOOP('',(#371));
#373=FACE_BOUND('',#372,.T.);
#374=CARTESIAN_POINT('',(-5.2775,54.61465,-3.));
#375=VERTEX_POINT('',#374);
#376=CARTESIAN_POINT('',(-5.2775,24.61465,-3.));
#377=VERTEX_POINT('',#376);
#378=CARTESIAN_POINT('',(-5.2775,54.61465,-3.));
#379=DIRECTION('',(-0.,-1.,-0.));
#380=VECTOR('',#379,30.);
#381=LINE('',#378,#380);
#382=EDGE_CURVE('',#375,#377,#381,.T.);
#383=ORIENTED_EDGE('',*,*,#382,.T.);
#384=CARTESIAN_POINT('',(-2.2775,24.61465,-3.));
#385=VERTEX_POINT('',#384);
#386=CARTESIAN_POINT('',(-2.2775,24.61465,-3.));
#387=DIRECTION('',(-1.,-0.,0.));
#388=VECTOR('',#387,3.);
#389=LINE('',#386,#388);
#390=EDGE_CURVE('',#385,#377,#389,.T.);
#391=ORIENTED_EDGE('',*,*,#390,.F.);
#392=CARTESIAN_POINT('',(-2.2775,54.61465,-3.));
#393=VERTEX_POINT('',#392);
#394=CARTESIAN_POINT('',(-2.2775,54.61465,-3.));
#395=DIRECTION('',(-0.,-1.,-0.));
#396=VECTOR('',#395,30.);
#397=LINE('',#394,#396);
#398=EDGE_CURVE('',#393,#385,#397,.T.);
#399=ORIENTED_EDGE('',*,*,#398,.F.);
#400=CARTESIAN_POINT('',(-5.2775,54.61465,-3.));
#401=DIRECTION('',(1.,0.,-0.));
#402=VECTOR('',#401,3.);
#403=LINE('',#400,#402);
#404=EDGE_CURVE('',#375,#393,#403,.T.);
#405=ORIENTED_EDGE('',*,*,#404,.F.);
#406=EDGE_LOOP('',(#383,#391,#399,#405));
#407=FACE_BOUND('',#406,.T.);
#408=ADVANCED_FACE('',(#230,#307,#318,#329,#340,#351,#362,#373,#407),#205,.F.);
#409=CARTESIAN_POINT('',(0.,0.,0.));
#410=DIRECTION('',(0.,0.,1.));
#411=DIRECTION('',(1.,0.,0.));
#412=AXIS2_PLACEMENT_3D('',#409,#410,#411);
#413=PLANE('',#412);
#414=CARTESIAN_POINT('',(177.9975,-6.3287,0.));
#415=VERTEX_POINT('',#414);
#416=CARTESIAN_POINT('',(177.9975,21.61465,0.));
#417=DIRECTION('',(-0.,-1.,-0.));
#418=VECTOR('',#417,27.94335);
#419=LINE('',#416,#418);
#420=EDGE_CURVE('',#143,#415,#419,.T.);
#421=ORIENTED_EDGE('',*,*,#420,.F.);
#422=ORIENTED_EDGE('',*,*,#151,.T.);
#423=ORIENTED_EDGE('',*,*,#188,.F.);
#424=ORIENTED_EDGE('',*,*,#109,.T.);
#425=CARTESIAN_POINT('',(177.9975,85.558,0.));
#426=VERTEX_POINT('',#425);
#427=CARTESIAN_POINT('',(177.9975,85.558,0.));
#428=DIRECTION('',(-0.,-1.,-0.));
#429=VECTOR('',#428,27.94335);
#430=LINE('',#427,#429);
#431=EDGE_CURVE('',#426,#103,#430,.T.);
#432=ORIENTED_EDGE('',*,*,#431,.F.);
#433=CARTESIAN_POINT('',(-5.2775,85.558,0.));
#434=VERTEX_POINT('',#433);
#435=CARTESIAN_POINT('',(-5.2775,85.558,0.));
#436=DIRECTION('',(1.,0.,-0.));
#437=VECTOR('',#436,183.275);
#438=LINE('',#435,#437);
#439=EDGE_CURVE('',#434,#426,#438,.T.);
#440=ORIENTED_EDGE('',*,*,#439,.F.);
#441=CARTESIAN_POINT('',(-5.2775,57.61465,0.));
#442=VERTEX_POINT('',#441);
#443=CARTESIAN_POINT('',(-5.2775,85.558,0.));
#444=DIRECTION('',(-0.,-1.,-0.));
#445=VECTOR('',#444,27.94335);
#446=LINE('',#443,#445);
#447=EDGE_CURVE('',#434,#442,#446,.T.);
#448=ORIENTED_EDGE('',*,*,#447,.T.);
#449=CARTESIAN_POINT('',(-8.2775,54.61465,0.));
#450=VERTEX_POINT('',#449);
#451=CARTESIAN_POINT('',(-5.2775,54.61465,0.));
#452=DIRECTION('',(0.,0.,1.));
#453=DIRECTION('',(1.,0.,-0.));
#454=AXIS2_PLACEMENT_3D('',#451,#452,#453);
#455=CIRCLE('',#454,3.);
#456=EDGE_CURVE('',#442,#450,#455,.T.);
#457=ORIENTED_EDGE('',*,*,#456,.T.);
#458=CARTESIAN_POINT('',(-8.2775,24.61465,0.));
#459=VERTEX_POINT('',#458);
#460=CARTESIAN_POINT('',(-8.2775,54.61465,0.));
#461=DIRECTION('',(-0.,-1.,-0.));
#462=VECTOR('',#461,30.);
#463=LINE('',#460,#462);
#464=EDGE_CURVE('',#450,#459,#463,.T.);
#465=ORIENTED_EDGE('',*,*,#464,.T.);
#466=CARTESIAN_POINT('',(-5.2775,21.61465,0.));
#467=VERTEX_POINT('',#466);
#468=CARTESIAN_POINT('',(-5.2775,24.61465,0.));
#469=DIRECTION('',(0.,0.,1.));
#470=DIRECTION('',(1.,0.,-0.));
#471=AXIS2_PLACEMENT_3D('',#468,#469,#470);
#472=CIRCLE('',#471,3.);
#473=EDGE_CURVE('',#459,#467,#472,.T.);
#474=ORIENTED_EDGE('',*,*,#473,.T.);
#475=CARTESIAN_POINT('',(-5.2775,-6.3287,0.));
#476=VERTEX_POINT('',#475);
#477=CARTESIAN_POINT('',(-5.2775,21.61465,0.));
#478=DIRECTION('',(-0.,-1.,-0.));
#479=VECTOR('',#478,27.94335);
#480=LINE('',#477,#479);
#481=EDGE_CURVE('',#467,#476,#480,.T.);
#482=ORIENTED_EDGE('',*,*,#481,.T.);
#483=CARTESIAN_POINT('',(-5.2775,-6.3287,0.));
#484=DIRECTION('',(1.,-0.,-0.));
#485=VECTOR('',#484,183.275);
#486=LINE('',#483,#485);
#487=EDGE_CURVE('',#476,#415,#486,.T.);
#488=ORIENTED_EDGE('',*,*,#487,.T.);
#489=EDGE_LOOP('',(#421,#422,#423,#424,#432,#440,#448,#457,#465,#474,#482,#488));
#490=FACE_BOUND('',#489,.T.);
#491=ORIENTED_EDGE('',*,*,#84,.T.);
#492=CARTESIAN_POINT('',(174.9975,24.61465,0.));
#493=VERTEX_POINT('',#492);
#494=CARTESIAN_POINT('',(174.9975,24.61465,0.));
#495=DIRECTION('',(1.,0.,-0.));
#496=VECTOR('',#495,3.);
#497=LINE('',#494,#496);
#498=EDGE_CURVE('',#493,#71,#497,.T.);
#499=ORIENTED_EDGE('',*,*,#498,.F.);
#500=CARTESIAN_POINT('',(174.9975,54.61465,0.));
#501=VERTEX_POINT('',#500);
#502=CARTESIAN_POINT('',(174.9975,54.61465,0.));
#503=DIRECTION('',(-0.,-1.,-0.));
#504=VECTOR('',#503,30.);
#505=LINE('',#502,#504);
#506=EDGE_CURVE('',#501,#493,#505,.T.);
#507=ORIENTED_EDGE('',*,*,#506,.F.);
#508=CARTESIAN_POINT('',(177.9975,54.61465,0.));
#509=DIRECTION('',(-1.,-0.,0.));
#510=VECTOR('',#509,3.);
#511=LINE('',#508,#510);
#512=EDGE_CURVE('',#79,#501,#511,.T.);
#513=ORIENTED_EDGE('',*,*,#512,.F.);
#514=EDGE_LOOP('',(#491,#499,#507,#513));
#515=FACE_BOUND('',#514,.T.);
#516=CARTESIAN_POINT('',(67.615,75.604,-0.));
#517=VERTEX_POINT('',#516);
#518=CARTESIAN_POINT('',(69.215,75.604,0.));
#519=DIRECTION('',(0.,0.,-1.));
#520=DIRECTION('',(-1.,0.,0.));
#521=AXIS2_PLACEMENT_3D('',#518,#519,#520);
#522=CIRCLE('',#521,1.6);
#523=EDGE_CURVE('',#517,#517,#522,.T.);
#524=ORIENTED_EDGE('',*,*,#523,.T.);
#525=EDGE_LOOP('',(#524));
#526=FACE_BOUND('',#525,.T.);
#527=CARTESIAN_POINT('',(1.448,75.604,-0.));
#528=VERTEX_POINT('',#527);
#529=CARTESIAN_POINT('',(3.048,75.604,0.));
#530=DIRECTION('',(0.,0.,-1.));
#531=DIRECTION('',(-1.,0.,0.));
#532=AXIS2_PLACEMENT_3D('',#529,#530,#531);
#533=CIRCLE('',#532,1.6);
#534=EDGE_CURVE('',#528,#528,#533,.T.);
#535=ORIENTED_EDGE('',*,*,#534,.T.);
#536=EDGE_LOOP('',(#535));
#537=FACE_BOUND('',#536,.T.);
#538=CARTESIAN_POINT('',(1.448,2.706,-0.));
#539=VERTEX_POINT('',#538);
#540=CARTESIAN_POINT('',(3.048,2.706,0.));
#541=DIRECTION('',(0.,0.,-1.));
#542=DIRECTION('',(-1.,0.,0.));
#543=AXIS2_PLACEMENT_3D('',#540,#541,#542);
#544=CIRCLE('',#543,1.6);
#545=EDGE_CURVE('',#539,#539,#544,.T.);
#546=ORIENTED_EDGE('',*,*,#545,.T.);
#547=EDGE_LOOP('',(#546));
#548=FACE_BOUND('',#547,.T.);
#549=CARTESIAN_POINT('',(67.615,2.706,-0.));
#550=VERTEX_POINT('',#549);
#551=CARTESIAN_POINT('',(69.215,2.706,0.));
#552=DIRECTION('',(0.,0.,-1.));
#553=DIRECTION('',(-1.,0.,0.));
#554=AXIS2_PLACEMENT_3D('',#551,#552,#553);
#555=CIRCLE('',#554,1.6);
#556=EDGE_CURVE('',#550,#550,#555,.T.);
#557=ORIENTED_EDGE('',*,*,#556,.T.);
#558=EDGE_LOOP('',(#557));
#559=FACE_BOUND('',#558,.T.);
#560=CARTESIAN_POINT('',(168.072,75.604,-0.));
#561=VERTEX_POINT('',#560);
#562=CARTESIAN_POINT('',(169.672,75.604,0.));
#563=DIRECTION('',(0.,0.,-1.));
#564=DIRECTION('',(-1.,0.,0.));
#565=AXIS2_PLACEMENT_3D('',#562,#563,#564);
#566=CIRCLE('',#565,1.6);
#567=EDGE_CURVE('',#561,#561,#566,.T.);
#568=ORIENTED_EDGE('',*,*,#567,.T.);
#569=EDGE_LOOP('',(#568));
#570=FACE_BOUND('',#569,.T.);
#571=CARTESIAN_POINT('',(168.072,2.706,-0.));
#572=VERTEX_POINT('',#571);
#573=CARTESIAN_POINT('',(169.672,2.706,0.));
#574=DIRECTION('',(0.,0.,-1.));
#575=DIRECTION('',(-1.,0.,0.));
#576=AXIS2_PLACEMENT_3D('',#573,#574,#575);
#577=CIRCLE('',#576,1.6);
#578=EDGE_CURVE('',#572,#572,#577,.T.);
#579=ORIENTED_EDGE('',*,*,#578,.T.);
#580=EDGE_LOOP('',(#579));
#581=FACE_BOUND('',#580,.T.);
#582=CARTESIAN_POINT('',(-2.2775,54.61465,0.));
#583=VERTEX_POINT('',#582);
#584=CARTESIAN_POINT('',(-2.2775,24.61465,0.));
#585=VERTEX_POINT('',#584);
#586=CARTESIAN_POINT('',(-2.2775,54.61465,0.));
#587=DIRECTION('',(-0.,-1.,-0.));
#588=VECTOR('',#587,30.);
#589=LINE('',#586,#588);
#590=EDGE_CURVE('',#583,#585,#589,.T.);
#591=ORIENTED_EDGE('',*,*,#590,.T.);
#592=CARTESIAN_POINT('',(-5.2775,24.61465,0.));
#593=VERTEX_POINT('',#592);
#594=CARTESIAN_POINT('',(-2.2775,24.61465,0.));
#595=DIRECTION('',(-1.,-0.,0.));
#596=VECTOR('',#595,3.);
#597=LINE('',#594,#596);
#598=EDGE_CURVE('',#585,#593,#597,.T.);
#599=ORIENTED_EDGE('',*,*,#598,.T.);
#600=CARTESIAN_POINT('',(-5.2775,54.61465,0.));
#601=VERTEX_POINT('',#600);
#602=CARTESIAN_POINT('',(-5.2775,54.61465,0.));
#603=DIRECTION('',(0.,-1.,0.));
#604=VECTOR('',#603,30.);
#605=LINE('',#602,#604);
#606=EDGE_CURVE('',#601,#593,#605,.T.);
#607=ORIENTED_EDGE('',*,*,#606,.F.);
#608=CARTESIAN_POINT('',(-5.2775,54.61465,0.));
#609=DIRECTION('',(1.,0.,-0.));
#610=VECTOR('',#609,3.);
#611=LINE('',#608,#610);
#612=EDGE_CURVE('',#601,#583,#611,.T.);
#613=ORIENTED_EDGE('',*,*,#612,.T.);
#614=EDGE_LOOP('',(#591,#599,#607,#613));
#615=FACE_BOUND('',#614,.T.);
#616=ADVANCED_FACE('',(#490,#515,#526,#537,#548,#559,#570,#581,#615),#413,.T.);
#617=CARTESIAN_POINT('',(177.9975,-9.3287,58.64325));
#618=DIRECTION('',(-1.,0.,0.));
#619=DIRECTION('',(0.,0.,1.));
#620=AXIS2_PLACEMENT_3D('',#617,#618,#619);
#621=PLANE('',#620);
#622=ORIENTED_EDGE('',*,*,#240,.T.);
#623=ORIENTED_EDGE('',*,*,#159,.T.);
#624=ORIENTED_EDGE('',*,*,#420,.T.);
#625=CARTESIAN_POINT('',(177.9975,-6.3287,28.8337));
#626=VERTEX_POINT('',#625);
#627=CARTESIAN_POINT('',(177.9975,-6.3287,0.));
#628=DIRECTION('',(0.,0.,1.));
#629=VECTOR('',#628,28.8337);
#630=LINE('',#627,#629);
#631=EDGE_CURVE('',#415,#626,#630,.T.);
#632=ORIENTED_EDGE('',*,*,#631,.T.);
#633=CARTESIAN_POINT('',(177.9975,-9.3287,28.8337));
#634=VERTEX_POINT('',#633);
#635=CARTESIAN_POINT('',(177.9975,-9.3287,28.8337));
#636=DIRECTION('',(0.,1.,0.));
#637=VECTOR('',#636,3.);
#638=LINE('',#635,#637);
#639=EDGE_CURVE('',#634,#626,#638,.T.);
#640=ORIENTED_EDGE('',*,*,#639,.F.);
#641=CARTESIAN_POINT('',(177.9975,-9.3287,0.));
#642=VERTEX_POINT('',#641);
#643=CARTESIAN_POINT('',(177.9975,-9.3287,0.));
#644=DIRECTION('',(0.,0.,1.));
#645=VECTOR('',#644,28.8337);
#646=LINE('',#643,#645);
#647=EDGE_CURVE('',#642,#634,#646,.T.);
#648=ORIENTED_EDGE('',*,*,#647,.F.);
#649=CARTESIAN_POINT('',(177.9975,-6.3287,0.));
#650=DIRECTION('',(1.,0.,0.));
#651=DIRECTION('',(0.,0.,-1.));
#652=AXIS2_PLACEMENT_3D('',#649,#650,#651);
#653=CIRCLE('',#652,3.);
#654=EDGE_CURVE('',#642,#235,#653,.T.);
#655=ORIENTED_EDGE('',*,*,#654,.T.);
#656=EDGE_LOOP('',(#622,#623,#624,#632,#640,#648,#655));
#657=FACE_BOUND('',#656,.T.);
#658=ADVANCED_FACE('',(#657),#621,.F.);
#659=CARTESIAN_POINT('',(177.9975,-9.3287,58.64325));
#660=DIRECTION('',(-1.,0.,0.));
#661=DIRECTION('',(0.,0.,1.));
#662=AXIS2_PLACEMENT_3D('',#659,#660,#661);
#663=PLANE('',#662);
#664=ORIENTED_EDGE('',*,*,#132,.F.);
#665=ORIENTED_EDGE('',*,*,#304,.T.);
#666=CARTESIAN_POINT('',(177.9975,85.558,-3.));
#667=DIRECTION('',(0.,0.,1.));
#668=VECTOR('',#667,3.);
#669=LINE('',#666,#668);
#670=EDGE_CURVE('',#293,#426,#669,.T.);
#671=ORIENTED_EDGE('',*,*,#670,.T.);
#672=ORIENTED_EDGE('',*,*,#431,.T.);
#673=EDGE_LOOP('',(#664,#665,#671,#672));
#674=FACE_BOUND('',#673,.T.);
#675=ADVANCED_FACE('',(#674),#663,.F.);
#676=CARTESIAN_POINT('',(0.,-9.3287,0.));
#677=DIRECTION('',(0.,1.,0.));
#678=DIRECTION('',(0.,0.,1.));
#679=AXIS2_PLACEMENT_3D('',#676,#677,#678);
#680=PLANE('',#679);
#681=CARTESIAN_POINT('',(177.9975,-9.3287,31.8337));
#682=VERTEX_POINT('',#681);
#683=CARTESIAN_POINT('',(177.9975,-9.3287,61.8337));
#684=VERTEX_POINT('',#683);
#685=CARTESIAN_POINT('',(177.9975,-9.3287,31.8337));
#686=DIRECTION('',(0.,0.,1.));
#687=VECTOR('',#686,30.);
#688=LINE('',#685,#687);
#689=EDGE_CURVE('',#682,#684,#688,.T.);
#690=ORIENTED_EDGE('',*,*,#689,.F.);
#691=CARTESIAN_POINT('',(174.8225,-9.3287,31.8337));
#692=VERTEX_POINT('',#691);
#693=CARTESIAN_POINT('',(174.8225,-9.3287,31.8337));
#694=DIRECTION('',(1.,0.,-0.));
#695=VECTOR('',#694,3.175);
#696=LINE('',#693,#695);
#697=EDGE_CURVE('',#692,#682,#696,.T.);
#698=ORIENTED_EDGE('',*,*,#697,.F.);
#699=CARTESIAN_POINT('',(174.8225,-9.3287,61.8337));
#700=VERTEX_POINT('',#699);
#701=CARTESIAN_POINT('',(174.8225,-9.3287,61.8337));
#702=DIRECTION('',(0.,0.,-1.));
#703=VECTOR('',#702,30.);
#704=LINE('',#701,#703);
#705=EDGE_CURVE('',#700,#692,#704,.T.);
#706=ORIENTED_EDGE('',*,*,#705,.F.);
#707=CARTESIAN_POINT('',(177.9975,-9.3287,61.8337));
#708=DIRECTION('',(-1.,0.,0.));
#709=VECTOR('',#708,3.175);
#710=LINE('',#707,#709);
#711=EDGE_CURVE('',#684,#700,#710,.T.);
#712=ORIENTED_EDGE('',*,*,#711,.F.);
#713=EDGE_LOOP('',(#690,#698,#706,#712));
#714=FACE_BOUND('',#713,.T.);
#715=CARTESIAN_POINT('',(177.9975,-9.3287,120.2865));
#716=VERTEX_POINT('',#715);
#717=CARTESIAN_POINT('',(-5.2775,-9.3287,120.2865));
#718=VERTEX_POINT('',#717);
#719=CARTESIAN_POINT('',(177.9975,-9.3287,120.2865));
#720=DIRECTION('',(-1.,-0.,0.));
#721=VECTOR('',#720,183.275);
#722=LINE('',#719,#721);
#723=EDGE_CURVE('',#716,#718,#722,.T.);
#724=ORIENTED_EDGE('',*,*,#723,.T.);
#725=CARTESIAN_POINT('',(-5.2775,-9.3287,64.8337));
#726=VERTEX_POINT('',#725);
#727=CARTESIAN_POINT('',(-5.2775,-9.3287,64.8337));
#728=DIRECTION('',(0.,0.,1.));
#729=VECTOR('',#728,55.4528);
#730=LINE('',#727,#729);
#731=EDGE_CURVE('',#726,#718,#730,.T.);
#732=ORIENTED_EDGE('',*,*,#731,.F.);
#733=CARTESIAN_POINT('',(-8.2775,-9.3287,61.8337));
#734=VERTEX_POINT('',#733);
#735=CARTESIAN_POINT('',(-5.2775,-9.3287,61.8337));
#736=DIRECTION('',(0.,1.,0.));
#737=DIRECTION('',(0.,-0.,1.));
#738=AXIS2_PLACEMENT_3D('',#735,#736,#737);
#739=CIRCLE('',#738,3.);
#740=EDGE_CURVE('',#734,#726,#739,.T.);
#741=ORIENTED_EDGE('',*,*,#740,.F.);
#742=CARTESIAN_POINT('',(-8.2775,-9.3287,31.8337));
#743=VERTEX_POINT('',#742);
#744=CARTESIAN_POINT('',(-8.2775,-9.3287,61.8337));
#745=DIRECTION('',(-0.,-0.,-1.));
#746=VECTOR('',#745,30.);
#747=LINE('',#744,#746);
#748=EDGE_CURVE('',#734,#743,#747,.T.);
#749=ORIENTED_EDGE('',*,*,#748,.T.);
#750=CARTESIAN_POINT('',(-5.2775,-9.3287,28.8337));
#751=VERTEX_POINT('',#750);
#752=CARTESIAN_POINT('',(-5.2775,-9.3287,31.8337));
#753=DIRECTION('',(0.,1.,0.));
#754=DIRECTION('',(0.,-0.,1.));
#755=AXIS2_PLACEMENT_3D('',#752,#753,#754);
#756=CIRCLE('',#755,3.);
#757=EDGE_CURVE('',#751,#743,#756,.T.);
#758=ORIENTED_EDGE('',*,*,#757,.F.);
#759=CARTESIAN_POINT('',(-5.2775,-9.3287,0.));
#760=VERTEX_POINT('',#759);
#761=CARTESIAN_POINT('',(-5.2775,-9.3287,0.));
#762=DIRECTION('',(0.,0.,1.));
#763=VECTOR('',#762,28.8337);
#764=LINE('',#761,#763);
#765=EDGE_CURVE('',#760,#751,#764,.T.);
#766=ORIENTED_EDGE('',*,*,#765,.F.);
#767=CARTESIAN_POINT('',(-5.2775,-9.3287,0.));
#768=DIRECTION('',(1.,0.,-0.));
#769=VECTOR('',#768,183.275);
#770=LINE('',#767,#769);
#771=EDGE_CURVE('',#760,#642,#770,.T.);
#772=ORIENTED_EDGE('',*,*,#771,.T.);
#773=ORIENTED_EDGE('',*,*,#647,.T.);
#774=CARTESIAN_POINT('',(180.9975,-9.3287,31.8337));
#775=VERTEX_POINT('',#774);
#776=CARTESIAN_POINT('',(177.9975,-9.3287,31.8337));
#777=DIRECTION('',(0.,1.,0.));
#778=DIRECTION('',(0.,-0.,1.));
#779=AXIS2_PLACEMENT_3D('',#776,#777,#778);
#780=CIRCLE('',#779,3.);
#781=EDGE_CURVE('',#775,#634,#780,.T.);
#782=ORIENTED_EDGE('',*,*,#781,.F.);
#783=CARTESIAN_POINT('',(180.9975,-9.3287,61.8337));
#784=VERTEX_POINT('',#783);
#785=CARTESIAN_POINT('',(180.9975,-9.3287,61.8337));
#786=DIRECTION('',(-0.,-0.,-1.));
#787=VECTOR('',#786,30.);
#788=LINE('',#785,#787);
#789=EDGE_CURVE('',#784,#775,#788,.T.);
#790=ORIENTED_EDGE('',*,*,#789,.F.);
#791=CARTESIAN_POINT('',(177.9975,-9.3287,64.8337));
#792=VERTEX_POINT('',#791);
#793=CARTESIAN_POINT('',(177.9975,-9.3287,61.8337));
#794=DIRECTION('',(0.,1.,0.));
#795=DIRECTION('',(0.,-0.,1.));
#796=AXIS2_PLACEMENT_3D('',#793,#794,#795);
#797=CIRCLE('',#796,3.);
#798=EDGE_CURVE('',#792,#784,#797,.T.);
#799=ORIENTED_EDGE('',*,*,#798,.F.);
#800=CARTESIAN_POINT('',(177.9975,-9.3287,64.8337));
#801=DIRECTION('',(0.,0.,1.));
#802=VECTOR('',#801,55.4528);
#803=LINE('',#800,#802);
#804=EDGE_CURVE('',#792,#716,#803,.T.);
#805=ORIENTED_EDGE('',*,*,#804,.T.);
#806=EDGE_LOOP('',(#724,#732,#741,#749,#758,#766,#772,#773,#782,#790,#799,#805));
#807=FACE_BOUND('',#806,.T.);
#808=CARTESIAN_POINT('',(-2.1025,-9.3287,31.8337));
#809=VERTEX_POINT('',#808);
#810=CARTESIAN_POINT('',(-5.2775,-9.3287,31.8337));
#811=VERTEX_POINT('',#810);
#812=CARTESIAN_POINT('',(-2.1025,-9.3287,31.8337));
#813=DIRECTION('',(-1.,-0.,0.));
#814=VECTOR('',#813,3.175);
#815=LINE('',#812,#814);
#816=EDGE_CURVE('',#809,#811,#815,.T.);
#817=ORIENTED_EDGE('',*,*,#816,.T.);
#818=CARTESIAN_POINT('',(-5.2775,-9.3287,61.8337));
#819=VERTEX_POINT('',#818);
#820=CARTESIAN_POINT('',(-5.2775,-9.3287,31.8337));
#821=DIRECTION('',(0.,0.,1.));
#822=VECTOR('',#821,30.);
#823=LINE('',#820,#822);
#824=EDGE_CURVE('',#811,#819,#823,.T.);
#825=ORIENTED_EDGE('',*,*,#824,.T.);
#826=CARTESIAN_POINT('',(-2.1025,-9.3287,61.8337));
#827=VERTEX_POINT('',#826);
#828=CARTESIAN_POINT('',(-2.1025,-9.3287,61.8337));
#829=DIRECTION('',(-1.,0.,0.));
#830=VECTOR('',#829,3.175);
#831=LINE('',#828,#830);
#832=EDGE_CURVE('',#827,#819,#831,.T.);
#833=ORIENTED_EDGE('',*,*,#832,.F.);
#834=CARTESIAN_POINT('',(-2.1025,-9.3287,61.8337));
#835=DIRECTION('',(-0.,-0.,-1.));
#836=VECTOR('',#835,30.);
#837=LINE('',#834,#836);
#838=EDGE_CURVE('',#827,#809,#837,.T.);
#839=ORIENTED_EDGE('',*,*,#838,.T.);
#840=EDGE_LOOP('',(#817,#825,#833,#839));
#841=FACE_BOUND('',#840,.T.);
#842=CARTESIAN_POINT('',(70.7975,-9.3287,61.8337));
#843=VERTEX_POINT('',#842);
#844=CARTESIAN_POINT('',(67.6225,-9.3287,61.8337));
#845=VERTEX_POINT('',#844);
#846=CARTESIAN_POINT('',(70.7975,-9.3287,61.8337));
#847=DIRECTION('',(-1.,0.,0.));
#848=VECTOR('',#847,3.175);
#849=LINE('',#846,#848);
#850=EDGE_CURVE('',#843,#845,#849,.T.);
#851=ORIENTED_EDGE('',*,*,#850,.F.);
#852=CARTESIAN_POINT('',(70.7975,-9.3287,31.8337));
#853=VERTEX_POINT('',#852);
#854=CARTESIAN_POINT('',(70.7975,-9.3287,31.8337));
#855=DIRECTION('',(0.,0.,1.));
#856=VECTOR('',#855,30.);
#857=LINE('',#854,#856);
#858=EDGE_CURVE('',#853,#843,#857,.T.);
#859=ORIENTED_EDGE('',*,*,#858,.F.);
#860=CARTESIAN_POINT('',(67.6225,-9.3287,31.8337));
#861=VERTEX_POINT('',#860);
#862=CARTESIAN_POINT('',(67.6225,-9.3287,31.8337));
#863=DIRECTION('',(1.,0.,-0.));
#864=VECTOR('',#863,3.175);
#865=LINE('',#862,#864);
#866=EDGE_CURVE('',#861,#853,#865,.T.);
#867=ORIENTED_EDGE('',*,*,#866,.F.);
#868=CARTESIAN_POINT('',(67.6225,-9.3287,61.8337));
#869=DIRECTION('',(0.,0.,-1.));
#870=VECTOR('',#869,30.);
#871=LINE('',#868,#870);
#872=EDGE_CURVE('',#845,#861,#871,.T.);
#873=ORIENTED_EDGE('',*,*,#872,.F.);
#874=EDGE_LOOP('',(#851,#859,#867,#873));
#875=FACE_BOUND('',#874,.T.);
#876=CARTESIAN_POINT('',(105.0975,-9.3287,31.8337));
#877=VERTEX_POINT('',#876);
#878=CARTESIAN_POINT('',(101.9225,-9.3287,31.8337));
#879=VERTEX_POINT('',#878);
#880=CARTESIAN_POINT('',(105.0975,-9.3287,31.8337));
#881=DIRECTION('',(-1.,-0.,0.));
#882=VECTOR('',#881,3.175);
#883=LINE('',#880,#882);
#884=EDGE_CURVE('',#877,#879,#883,.T.);
#885=ORIENTED_EDGE('',*,*,#884,.T.);
#886=CARTESIAN_POINT('',(101.9225,-9.3287,61.8337));
#887=VERTEX_POINT('',#886);
#888=CARTESIAN_POINT('',(101.9225,-9.3287,31.8337));
#889=DIRECTION('',(0.,0.,1.));
#890=VECTOR('',#889,30.);
#891=LINE('',#888,#890);
#892=EDGE_CURVE('',#879,#887,#891,.T.);
#893=ORIENTED_EDGE('',*,*,#892,.T.);
#894=CARTESIAN_POINT('',(105.0975,-9.3287,61.8337));
#895=VERTEX_POINT('',#894);
#896=CARTESIAN_POINT('',(101.9225,-9.3287,61.8337));
#897=DIRECTION('',(1.,0.,-0.));
#898=VECTOR('',#897,3.175);
#899=LINE('',#896,#898);
#900=EDGE_CURVE('',#887,#895,#899,.T.);
#901=ORIENTED_EDGE('',*,*,#900,.T.);
#902=CARTESIAN_POINT('',(105.0975,-9.3287,61.8337));
#903=DIRECTION('',(-0.,-0.,-1.));
#904=VECTOR('',#903,30.);
#905=LINE('',#902,#904);
#906=EDGE_CURVE('',#895,#877,#905,.T.);
#907=ORIENTED_EDGE('',*,*,#906,.T.);
#908=EDGE_LOOP('',(#885,#893,#901,#907));
#909=FACE_BOUND('',#908,.T.);
#910=CARTESIAN_POINT('',(139.3975,-9.3287,31.8337));
#911=VERTEX_POINT('',#910);
#912=CARTESIAN_POINT('',(136.2225,-9.3287,31.8337));
#913=VERTEX_POINT('',#912);
#914=CARTESIAN_POINT('',(139.3975,-9.3287,31.8337));
#915=DIRECTION('',(-1.,-0.,0.));
#916=VECTOR('',#915,3.175);
#917=LINE('',#914,#916);
#918=EDGE_CURVE('',#911,#913,#917,.T.);
#919=ORIENTED_EDGE('',*,*,#918,.T.);
#920=CARTESIAN_POINT('',(136.2225,-9.3287,61.8337));
#921=VERTEX_POINT('',#920);
#922=CARTESIAN_POINT('',(136.2225,-9.3287,31.8337));
#923=DIRECTION('',(0.,0.,1.));
#924=VECTOR('',#923,30.);
#925=LINE('',#922,#924);
#926=EDGE_CURVE('',#913,#921,#925,.T.);
#927=ORIENTED_EDGE('',*,*,#926,.T.);
#928=CARTESIAN_POINT('',(139.3975,-9.3287,61.8337));
#929=VERTEX_POINT('',#928);
#930=CARTESIAN_POINT('',(136.2225,-9.3287,61.8337));
#931=DIRECTION('',(1.,0.,-0.));
#932=VECTOR('',#931,3.175);
#933=LINE('',#930,#932);
#934=EDGE_CURVE('',#921,#929,#933,.T.);
#935=ORIENTED_EDGE('',*,*,#934,.T.);
#936=CARTESIAN_POINT('',(139.3975,-9.3287,61.8337));
#937=DIRECTION('',(-0.,-0.,-1.));
#938=VECTOR('',#937,30.);
#939=LINE('',#936,#938);
#940=EDGE_CURVE('',#929,#911,#939,.T.);
#941=ORIENTED_EDGE('',*,*,#940,.T.);
#942=EDGE_LOOP('',(#919,#927,#935,#941));
#943=FACE_BOUND('',#942,.T.);
#944=CARTESIAN_POINT('',(36.4975,-9.3287,61.8337));
#945=VERTEX_POINT('',#944);
#946=CARTESIAN_POINT('',(33.3225,-9.3287,61.8337));
#947=VERTEX_POINT('',#946);
#948=CARTESIAN_POINT('',(36.4975,-9.3287,61.8337));
#949=DIRECTION('',(-1.,0.,0.));
#950=VECTOR('',#949,3.175);
#951=LINE('',#948,#950);
#952=EDGE_CURVE('',#945,#947,#951,.T.);
#953=ORIENTED_EDGE('',*,*,#952,.F.);
#954=CARTESIAN_POINT('',(36.4975,-9.3287,31.8337));
#955=VERTEX_POINT('',#954);
#956=CARTESIAN_POINT('',(36.4975,-9.3287,31.8337));
#957=DIRECTION('',(0.,0.,1.));
#958=VECTOR('',#957,30.);
#959=LINE('',#956,#958);
#960=EDGE_CURVE('',#955,#945,#959,.T.);
#961=ORIENTED_EDGE('',*,*,#960,.F.);
#962=CARTESIAN_POINT('',(33.3225,-9.3287,31.8337));
#963=VERTEX_POINT('',#962);
#964=CARTESIAN_POINT('',(33.3225,-9.3287,31.8337));
#965=DIRECTION('',(1.,0.,-0.));
#966=VECTOR('',#965,3.175);
#967=LINE('',#964,#966);
#968=EDGE_CURVE('',#963,#955,#967,.T.);
#969=ORIENTED_EDGE('',*,*,#968,.F.);
#970=CARTESIAN_POINT('',(33.3225,-9.3287,61.8337));
#971=DIRECTION('',(0.,0.,-1.));
#972=VECTOR('',#971,30.);
#973=LINE('',#970,#972);
#974=EDGE_CURVE('',#947,#963,#973,.T.);
#975=ORIENTED_EDGE('',*,*,#974,.F.);
#976=EDGE_LOOP('',(#953,#961,#969,#975));
#977=FACE_BOUND('',#976,.T.);
#978=CARTESIAN_POINT('',(139.3975,-9.3287,95.3337));
#979=VERTEX_POINT('',#978);
#980=CARTESIAN_POINT('',(136.2225,-9.3287,95.3337));
#981=VERTEX_POINT('',#980);
#982=CARTESIAN_POINT('',(139.3975,-9.3287,95.3337));
#983=DIRECTION('',(-1.,0.,0.));
#984=VECTOR('',#983,3.175);
#985=LINE('',#982,#984);
#986=EDGE_CURVE('',#979,#981,#985,.T.);
#987=ORIENTED_EDGE('',*,*,#986,.F.);
#988=CARTESIAN_POINT('',(139.3975,-9.3287,80.3337));
#989=VERTEX_POINT('',#988);
#990=CARTESIAN_POINT('',(139.3975,-9.3287,80.3337));
#991=DIRECTION('',(0.,0.,1.));
#992=VECTOR('',#991,15.);
#993=LINE('',#990,#992);
#994=EDGE_CURVE('',#989,#979,#993,.T.);
#995=ORIENTED_EDGE('',*,*,#994,.F.);
#996=CARTESIAN_POINT('',(136.2225,-9.3287,80.3337));
#997=VERTEX_POINT('',#996);
#998=CARTESIAN_POINT('',(136.2225,-9.3287,80.3337));
#999=DIRECTION('',(1.,0.,-0.));
#1000=VECTOR('',#999,3.175);
#1001=LINE('',#998,#1000);
#1002=EDGE_CURVE('',#997,#989,#1001,.T.);
#1003=ORIENTED_EDGE('',*,*,#1002,.F.);
#1004=CARTESIAN_POINT('',(136.2225,-9.3287,95.3337));
#1005=DIRECTION('',(-0.,-0.,-1.));
#1006=VECTOR('',#1005,15.);
#1007=LINE('',#1004,#1006);
#1008=EDGE_CURVE('',#981,#997,#1007,.T.);
#1009=ORIENTED_EDGE('',*,*,#1008,.F.);
#1010=EDGE_LOOP('',(#987,#995,#1003,#1009));
#1011=FACE_BOUND('',#1010,.T.);
#1012=CARTESIAN_POINT('',(105.0975,-9.3287,80.3337));
#1013=VERTEX_POINT('',#1012);
#1014=CARTESIAN_POINT('',(101.9225,-9.3287,80.3337));
#1015=VERTEX_POINT('',#1014);
#1016=CARTESIAN_POINT('',(105.0975,-9.3287,80.3337));
#1017=DIRECTION('',(-1.,-0.,0.));
#1018=VECTOR('',#1017,3.175);
#1019=LINE('',#1016,#1018);
#1020=EDGE_CURVE('',#1013,#1015,#1019,.T.);
#1021=ORIENTED_EDGE('',*,*,#1020,.T.);
#1022=CARTESIAN_POINT('',(101.9225,-9.3287,95.3337));
#1023=VERTEX_POINT('',#1022);
#1024=CARTESIAN_POINT('',(101.9225,-9.3287,80.3337));
#1025=DIRECTION('',(0.,0.,1.));
#1026=VECTOR('',#1025,15.);
#1027=LINE('',#1024,#1026);
#1028=EDGE_CURVE('',#1015,#1023,#1027,.T.);
#1029=ORIENTED_EDGE('',*,*,#1028,.T.);
#1030=CARTESIAN_POINT('',(105.0975,-9.3287,95.3337));
#1031=VERTEX_POINT('',#1030);
#1032=CARTESIAN_POINT('',(101.9225,-9.3287,95.3337));
#1033=DIRECTION('',(1.,0.,-0.));
#1034=VECTOR('',#1033,3.175);
#1035=LINE('',#1032,#1034);
#1036=EDGE_CURVE('',#1023,#1031,#1035,.T.);
#1037=ORIENTED_EDGE('',*,*,#1036,.T.);
#1038=CARTESIAN_POINT('',(105.0975,-9.3287,95.3337));
#1039=DIRECTION('',(-0.,-0.,-1.));
#1040=VECTOR('',#1039,15.);
#1041=LINE('',#1038,#1040);
#1042=EDGE_CURVE('',#1031,#1013,#1041,.T.);
#1043=ORIENTED_EDGE('',*,*,#1042,.T.);
#1044=EDGE_LOOP('',(#1021,#1029,#1037,#1043));
#1045=FACE_BOUND('',#1044,.T.);
#1046=CARTESIAN_POINT('',(36.4975,-9.3287,80.3337));
#1047=VERTEX_POINT('',#1046);
#1048=CARTESIAN_POINT('',(33.3225,-9.3287,80.3337));
#1049=VERTEX_POINT('',#1048);
#1050=CARTESIAN_POINT('',(36.4975,-9.3287,80.3337));
#1051=DIRECTION('',(-1.,-0.,0.));
#1052=VECTOR('',#1051,3.175);
#1053=LINE('',#1050,#1052);
#1054=EDGE_CURVE('',#1047,#1049,#1053,.T.);
#1055=ORIENTED_EDGE('',*,*,#1054,.T.);
#1056=CARTESIAN_POINT('',(33.3225,-9.3287,95.3337));
#1057=VERTEX_POINT('',#1056);
#1058=CARTESIAN_POINT('',(33.3225,-9.3287,80.3337));
#1059=DIRECTION('',(0.,0.,1.));
#1060=VECTOR('',#1059,15.);
#1061=LINE('',#1058,#1060);
#1062=EDGE_CURVE('',#1049,#1057,#1061,.T.);
#1063=ORIENTED_EDGE('',*,*,#1062,.T.);
#1064=CARTESIAN_POINT('',(36.4975,-9.3287,95.3337));
#1065=VERTEX_POINT('',#1064);
#1066=CARTESIAN_POINT('',(33.3225,-9.3287,95.3337));
#1067=DIRECTION('',(1.,0.,-0.));
#1068=VECTOR('',#1067,3.175);
#1069=LINE('',#1066,#1068);
#1070=EDGE_CURVE('',#1057,#1065,#1069,.T.);
#1071=ORIENTED_EDGE('',*,*,#1070,.T.);
#1072=CARTESIAN_POINT('',(36.4975,-9.3287,95.3337));
#1073=DIRECTION('',(-0.,-0.,-1.));
#1074=VECTOR('',#1073,15.);
#1075=LINE('',#1072,#1074);
#1076=EDGE_CURVE('',#1065,#1047,#1075,.T.);
#1077=ORIENTED_EDGE('',*,*,#1076,.T.);
#1078=EDGE_LOOP('',(#1055,#1063,#1071,#1077));
#1079=FACE_BOUND('',#1078,.T.);
#1080=CARTESIAN_POINT('',(14.8225,-9.3287,117.5365));
#1081=VERTEX_POINT('',#1080);
#1082=CARTESIAN_POINT('',(12.5725,-9.3287,115.2865));
#1083=VERTEX_POINT('',#1082);
#1084=CARTESIAN_POINT('',(14.8225,-9.3287,115.2865));
#1085=DIRECTION('',(0.,1.,0.));
#1086=DIRECTION('',(0.,-0.,1.));
#1087=AXIS2_PLACEMENT_3D('',#1084,#1085,#1086);
#1088=CIRCLE('',#1087,2.25);
#1089=EDGE_CURVE('',#1081,#1083,#1088,.T.);
#1090=ORIENTED_EDGE('',*,*,#1089,.T.);
#1091=CARTESIAN_POINT('',(14.8225,-9.3287,115.2865));
#1092=DIRECTION('',(0.,1.,0.));
#1093=DIRECTION('',(0.,-0.,1.));
#1094=AXIS2_PLACEMENT_3D('',#1091,#1092,#1093);
#1095=CIRCLE('',#1094,2.25);
#1096=EDGE_CURVE('',#1083,#1081,#1095,.T.);
#1097=ORIENTED_EDGE('',*,*,#1096,.T.);
#1098=EDGE_LOOP('',(#1090,#1097));
#1099=FACE_BOUND('',#1098,.T.);
#1100=CARTESIAN_POINT('',(157.8975,-9.3287,117.5365));
#1101=VERTEX_POINT('',#1100);
#1102=CARTESIAN_POINT('',(155.6475,-9.3287,115.2865));
#1103=VERTEX_POINT('',#1102);
#1104=CARTESIAN_POINT('',(157.8975,-9.3287,115.2865));
#1105=DIRECTION('',(0.,1.,0.));
#1106=DIRECTION('',(0.,-0.,1.));
#1107=AXIS2_PLACEMENT_3D('',#1104,#1105,#1106);
#1108=CIRCLE('',#1107,2.25);
#1109=EDGE_CURVE('',#1101,#1103,#1108,.T.);
#1110=ORIENTED_EDGE('',*,*,#1109,.T.);
#1111=CARTESIAN_POINT('',(157.8975,-9.3287,115.2865));
#1112=DIRECTION('',(0.,1.,0.));
#1113=DIRECTION('',(0.,-0.,1.));
#1114=AXIS2_PLACEMENT_3D('',#1111,#1112,#1113);
#1115=CIRCLE('',#1114,2.25);
#1116=EDGE_CURVE('',#1103,#1101,#1115,.T.);
#1117=ORIENTED_EDGE('',*,*,#1116,.T.);
#1118=EDGE_LOOP('',(#1110,#1117));
#1119=FACE_BOUND('',#1118,.T.);
#1120=CARTESIAN_POINT('',(70.7975,-9.3287,95.3337));
#1121=VERTEX_POINT('',#1120);
#1122=CARTESIAN_POINT('',(67.6225,-9.3287,95.3337));
#1123=VERTEX_POINT('',#1122);
#1124=CARTESIAN_POINT('',(70.7975,-9.3287,95.3337));
#1125=DIRECTION('',(-1.,0.,0.));
#1126=VECTOR('',#1125,3.175);
#1127=LINE('',#1124,#1126);
#1128=EDGE_CURVE('',#1121,#1123,#1127,.T.);
#1129=ORIENTED_EDGE('',*,*,#1128,.F.);
#1130=CARTESIAN_POINT('',(70.7975,-9.3287,80.3337));
#1131=VERTEX_POINT('',#1130);
#1132=CARTESIAN_POINT('',(70.7975,-9.3287,80.3337));
#1133=DIRECTION('',(0.,0.,1.));
#1134=VECTOR('',#1133,15.);
#1135=LINE('',#1132,#1134);
#1136=EDGE_CURVE('',#1131,#1121,#1135,.T.);
#1137=ORIENTED_EDGE('',*,*,#1136,.F.);
#1138=CARTESIAN_POINT('',(67.6225,-9.3287,80.3337));
#1139=VERTEX_POINT('',#1138);
#1140=CARTESIAN_POINT('',(67.6225,-9.3287,80.3337));
#1141=DIRECTION('',(1.,0.,-0.));
#1142=VECTOR('',#1141,3.175);
#1143=LINE('',#1140,#1142);
#1144=EDGE_CURVE('',#1139,#1131,#1143,.T.);
#1145=ORIENTED_EDGE('',*,*,#1144,.F.);
#1146=CARTESIAN_POINT('',(67.6225,-9.3287,95.3337));
#1147=DIRECTION('',(-0.,-0.,-1.));
#1148=VECTOR('',#1147,15.);
#1149=LINE('',#1146,#1148);
#1150=EDGE_CURVE('',#1123,#1139,#1149,.T.);
#1151=ORIENTED_EDGE('',*,*,#1150,.F.);
#1152=EDGE_LOOP('',(#1129,#1137,#1145,#1151));
#1153=FACE_BOUND('',#1152,.T.);
#1154=ADVANCED_FACE('',(#714,#807,#841,#875,#909,#943,#977,#1011,#1045,#1079,#1099,#1119,#1153),#680,.F.);
#1155=CARTESIAN_POINT('',(0.,-6.3287,0.));
#1156=DIRECTION('',(0.,1.,0.));
#1157=DIRECTION('',(0.,0.,1.));
#1158=AXIS2_PLACEMENT_3D('',#1155,#1156,#1157);
#1159=PLANE('',#1158);
#1160=CARTESIAN_POINT('',(174.8225,-6.3287,31.8337));
#1161=VERTEX_POINT('',#1160);
#1162=CARTESIAN_POINT('',(177.9975,-6.3287,31.8337));
#1163=VERTEX_POINT('',#1162);
#1164=CARTESIAN_POINT('',(174.8225,-6.3287,31.8337));
#1165=DIRECTION('',(1.,0.,-0.));
#1166=VECTOR('',#1165,3.175);
#1167=LINE('',#1164,#1166);
#1168=EDGE_CURVE('',#1161,#1163,#1167,.T.);
#1169=ORIENTED_EDGE('',*,*,#1168,.T.);
#1170=CARTESIAN_POINT('',(177.9975,-6.3287,61.8337));
#1171=VERTEX_POINT('',#1170);
#1172=CARTESIAN_POINT('',(177.9975,-6.3287,31.8337));
#1173=DIRECTION('',(0.,0.,1.));
#1174=VECTOR('',#1173,30.);
#1175=LINE('',#1172,#1174);
#1176=EDGE_CURVE('',#1163,#1171,#1175,.T.);
#1177=ORIENTED_EDGE('',*,*,#1176,.T.);
#1178=CARTESIAN_POINT('',(174.8225,-6.3287,61.8337));
#1179=VERTEX_POINT('',#1178);
#1180=CARTESIAN_POINT('',(177.9975,-6.3287,61.8337));
#1181=DIRECTION('',(-1.,-0.,0.));
#1182=VECTOR('',#1181,3.175);
#1183=LINE('',#1180,#1182);
#1184=EDGE_CURVE('',#1171,#1179,#1183,.T.);
#1185=ORIENTED_EDGE('',*,*,#1184,.T.);
#1186=CARTESIAN_POINT('',(174.8225,-6.3287,61.8337));
#1187=DIRECTION('',(-0.,-0.,-1.));
#1188=VECTOR('',#1187,30.);
#1189=LINE('',#1186,#1188);
#1190=EDGE_CURVE('',#1179,#1161,#1189,.T.);
#1191=ORIENTED_EDGE('',*,*,#1190,.T.);
#1192=EDGE_LOOP('',(#1169,#1177,#1185,#1191));
#1193=FACE_BOUND('',#1192,.T.);
#1194=CARTESIAN_POINT('',(177.9975,-6.3287,64.8337));
#1195=VERTEX_POINT('',#1194);
#1196=CARTESIAN_POINT('',(177.9975,-6.3287,120.2865));
#1197=VERTEX_POINT('',#1196);
#1198=CARTESIAN_POINT('',(177.9975,-6.3287,64.8337));
#1199=DIRECTION('',(0.,0.,1.));
#1200=VECTOR('',#1199,55.4528);
#1201=LINE('',#1198,#1200);
#1202=EDGE_CURVE('',#1195,#1197,#1201,.T.);
#1203=ORIENTED_EDGE('',*,*,#1202,.F.);
#1204=CARTESIAN_POINT('',(180.9975,-6.3287,61.8337));
#1205=VERTEX_POINT('',#1204);
#1206=CARTESIAN_POINT('',(177.9975,-6.3287,61.8337));
#1207=DIRECTION('',(0.,1.,0.));
#1208=DIRECTION('',(0.,-0.,1.));
#1209=AXIS2_PLACEMENT_3D('',#1206,#1207,#1208);
#1210=CIRCLE('',#1209,3.);
#1211=EDGE_CURVE('',#1195,#1205,#1210,.T.);
#1212=ORIENTED_EDGE('',*,*,#1211,.T.);
#1213=CARTESIAN_POINT('',(180.9975,-6.3287,31.8337));
#1214=VERTEX_POINT('',#1213);
#1215=CARTESIAN_POINT('',(180.9975,-6.3287,61.8337));
#1216=DIRECTION('',(-0.,-0.,-1.));
#1217=VECTOR('',#1216,30.);
#1218=LINE('',#1215,#1217);
#1219=EDGE_CURVE('',#1205,#1214,#1218,.T.);
#1220=ORIENTED_EDGE('',*,*,#1219,.T.);
#1221=CARTESIAN_POINT('',(177.9975,-6.3287,31.8337));
#1222=DIRECTION('',(0.,1.,0.));
#1223=DIRECTION('',(0.,-0.,1.));
#1224=AXIS2_PLACEMENT_3D('',#1221,#1222,#1223);
#1225=CIRCLE('',#1224,3.);
#1226=EDGE_CURVE('',#1214,#626,#1225,.T.);
#1227=ORIENTED_EDGE('',*,*,#1226,.T.);
#1228=ORIENTED_EDGE('',*,*,#631,.F.);
#1229=ORIENTED_EDGE('',*,*,#487,.F.);
#1230=CARTESIAN_POINT('',(-5.2775,-6.3287,28.8337));
#1231=VERTEX_POINT('',#1230);
#1232=CARTESIAN_POINT('',(-5.2775,-6.3287,0.));
#1233=DIRECTION('',(0.,0.,1.));
#1234=VECTOR('',#1233,28.8337);
#1235=LINE('',#1232,#1234);
#1236=EDGE_CURVE('',#476,#1231,#1235,.T.);
#1237=ORIENTED_EDGE('',*,*,#1236,.T.);
#1238=CARTESIAN_POINT('',(-8.2775,-6.3287,31.8337));
#1239=VERTEX_POINT('',#1238);
#1240=CARTESIAN_POINT('',(-5.2775,-6.3287,31.8337));
#1241=DIRECTION('',(0.,1.,0.));
#1242=DIRECTION('',(0.,-0.,1.));
#1243=AXIS2_PLACEMENT_3D('',#1240,#1241,#1242);
#1244=CIRCLE('',#1243,3.);
#1245=EDGE_CURVE('',#1231,#1239,#1244,.T.);
#1246=ORIENTED_EDGE('',*,*,#1245,.T.);
#1247=CARTESIAN_POINT('',(-8.2775,-6.3287,61.8337));
#1248=VERTEX_POINT('',#1247);
#1249=CARTESIAN_POINT('',(-8.2775,-6.3287,61.8337));
#1250=DIRECTION('',(0.,0.,-1.));
#1251=VECTOR('',#1250,30.);
#1252=LINE('',#1249,#1251);
#1253=EDGE_CURVE('',#1248,#1239,#1252,.T.);
#1254=ORIENTED_EDGE('',*,*,#1253,.F.);
#1255=CARTESIAN_POINT('',(-5.2775,-6.3287,64.8337));
#1256=VERTEX_POINT('',#1255);
#1257=CARTESIAN_POINT('',(-5.2775,-6.3287,61.8337));
#1258=DIRECTION('',(0.,1.,0.));
#1259=DIRECTION('',(0.,-0.,1.));
#1260=AXIS2_PLACEMENT_3D('',#1257,#1258,#1259);
#1261=CIRCLE('',#1260,3.);
#1262=EDGE_CURVE('',#1248,#1256,#1261,.T.);
#1263=ORIENTED_EDGE('',*,*,#1262,.T.);
#1264=CARTESIAN_POINT('',(-5.2775,-6.3287,120.2865));
#1265=VERTEX_POINT('',#1264);
#1266=CARTESIAN_POINT('',(-5.2775,-6.3287,64.8337));
#1267=DIRECTION('',(0.,0.,1.));
#1268=VECTOR('',#1267,55.4528);
#1269=LINE('',#1266,#1268);
#1270=EDGE_CURVE('',#1256,#1265,#1269,.T.);
#1271=ORIENTED_EDGE('',*,*,#1270,.T.);
#1272=CARTESIAN_POINT('',(177.9975,-6.3287,120.2865));
#1273=DIRECTION('',(-1.,0.,0.));
#1274=VECTOR('',#1273,183.275);
#1275=LINE('',#1272,#1274);
#1276=EDGE_CURVE('',#1197,#1265,#1275,.T.);
#1277=ORIENTED_EDGE('',*,*,#1276,.F.);
#1278=EDGE_LOOP('',(#1203,#1212,#1220,#1227,#1228,#1229,#1237,#1246,#1254,#1263,#1271,#1277));
#1279=FACE_BOUND('',#1278,.T.);
#1280=CARTESIAN_POINT('',(-5.2775,-6.3287,31.8337));
#1281=VERTEX_POINT('',#1280);
#1282=CARTESIAN_POINT('',(-5.2775,-6.3287,61.8337));
#1283=VERTEX_POINT('',#1282);
#1284=CARTESIAN_POINT('',(-5.2775,-6.3287,31.8337));
#1285=DIRECTION('',(0.,0.,1.));
#1286=VECTOR('',#1285,30.);
#1287=LINE('',#1284,#1286);
#1288=EDGE_CURVE('',#1281,#1283,#1287,.T.);
#1289=ORIENTED_EDGE('',*,*,#1288,.F.);
#1290=CARTESIAN_POINT('',(-2.1025,-6.3287,31.8337));
#1291=VERTEX_POINT('',#1290);
#1292=CARTESIAN_POINT('',(-2.1025,-6.3287,31.8337));
#1293=DIRECTION('',(-1.,0.,0.));
#1294=VECTOR('',#1293,3.175);
#1295=LINE('',#1292,#1294);
#1296=EDGE_CURVE('',#1291,#1281,#1295,.T.);
#1297=ORIENTED_EDGE('',*,*,#1296,.F.);
#1298=CARTESIAN_POINT('',(-2.1025,-6.3287,61.8337));
#1299=VERTEX_POINT('',#1298);
#1300=CARTESIAN_POINT('',(-2.1025,-6.3287,61.8337));
#1301=DIRECTION('',(0.,0.,-1.));
#1302=VECTOR('',#1301,30.);
#1303=LINE('',#1300,#1302);
#1304=EDGE_CURVE('',#1299,#1291,#1303,.T.);
#1305=ORIENTED_EDGE('',*,*,#1304,.F.);
#1306=CARTESIAN_POINT('',(-2.1025,-6.3287,61.8337));
#1307=DIRECTION('',(-1.,-0.,0.));
#1308=VECTOR('',#1307,3.175);
#1309=LINE('',#1306,#1308);
#1310=EDGE_CURVE('',#1299,#1283,#1309,.T.);
#1311=ORIENTED_EDGE('',*,*,#1310,.T.);
#1312=EDGE_LOOP('',(#1289,#1297,#1305,#1311));
#1313=FACE_BOUND('',#1312,.T.);
#1314=CARTESIAN_POINT('',(101.9225,-6.3287,31.8337));
#1315=VERTEX_POINT('',#1314);
#1316=CARTESIAN_POINT('',(101.9225,-6.3287,61.8337));
#1317=VERTEX_POINT('',#1316);
#1318=CARTESIAN_POINT('',(101.9225,-6.3287,31.8337));
#1319=DIRECTION('',(0.,0.,1.));
#1320=VECTOR('',#1319,30.);
#1321=LINE('',#1318,#1320);
#1322=EDGE_CURVE('',#1315,#1317,#1321,.T.);
#1323=ORIENTED_EDGE('',*,*,#1322,.F.);
#1324=CARTESIAN_POINT('',(105.0975,-6.3287,31.8337));
#1325=VERTEX_POINT('',#1324);
#1326=CARTESIAN_POINT('',(105.0975,-6.3287,31.8337));
#1327=DIRECTION('',(-1.,0.,0.));
#1328=VECTOR('',#1327,3.175);
#1329=LINE('',#1326,#1328);
#1330=EDGE_CURVE('',#1325,#1315,#1329,.T.);
#1331=ORIENTED_EDGE('',*,*,#1330,.F.);
#1332=CARTESIAN_POINT('',(105.0975,-6.3287,61.8337));
#1333=VERTEX_POINT('',#1332);
#1334=CARTESIAN_POINT('',(105.0975,-6.3287,61.8337));
#1335=DIRECTION('',(-0.,-0.,-1.));
#1336=VECTOR('',#1335,30.);
#1337=LINE('',#1334,#1336);
#1338=EDGE_CURVE('',#1333,#1325,#1337,.T.);
#1339=ORIENTED_EDGE('',*,*,#1338,.F.);
#1340=CARTESIAN_POINT('',(101.9225,-6.3287,61.8337));
#1341=DIRECTION('',(1.,0.,-0.));
#1342=VECTOR('',#1341,3.175);
#1343=LINE('',#1340,#1342);
#1344=EDGE_CURVE('',#1317,#1333,#1343,.T.);
#1345=ORIENTED_EDGE('',*,*,#1344,.F.);
#1346=EDGE_LOOP('',(#1323,#1331,#1339,#1345));
#1347=FACE_BOUND('',#1346,.T.);
#1348=CARTESIAN_POINT('',(136.2225,-6.3287,31.8337));
#1349=VERTEX_POINT('',#1348);
#1350=CARTESIAN_POINT('',(136.2225,-6.3287,61.8337));
#1351=VERTEX_POINT('',#1350);
#1352=CARTESIAN_POINT('',(136.2225,-6.3287,31.8337));
#1353=DIRECTION('',(0.,0.,1.));
#1354=VECTOR('',#1353,30.);
#1355=LINE('',#1352,#1354);
#1356=EDGE_CURVE('',#1349,#1351,#1355,.T.);
#1357=ORIENTED_EDGE('',*,*,#1356,.F.);
#1358=CARTESIAN_POINT('',(139.3975,-6.3287,31.8337));
#1359=VERTEX_POINT('',#1358);
#1360=CARTESIAN_POINT('',(139.3975,-6.3287,31.8337));
#1361=DIRECTION('',(-1.,0.,0.));
#1362=VECTOR('',#1361,3.175);
#1363=LINE('',#1360,#1362);
#1364=EDGE_CURVE('',#1359,#1349,#1363,.T.);
#1365=ORIENTED_EDGE('',*,*,#1364,.F.);
#1366=CARTESIAN_POINT('',(139.3975,-6.3287,61.8337));
#1367=VERTEX_POINT('',#1366);
#1368=CARTESIAN_POINT('',(139.3975,-6.3287,61.8337));
#1369=DIRECTION('',(-0.,-0.,-1.));
#1370=VECTOR('',#1369,30.);
#1371=LINE('',#1368,#1370);
#1372=EDGE_CURVE('',#1367,#1359,#1371,.T.);
#1373=ORIENTED_EDGE('',*,*,#1372,.F.);
#1374=CARTESIAN_POINT('',(136.2225,-6.3287,61.8337));
#1375=DIRECTION('',(1.,0.,-0.));
#1376=VECTOR('',#1375,3.175);
#1377=LINE('',#1374,#1376);
#1378=EDGE_CURVE('',#1351,#1367,#1377,.T.);
#1379=ORIENTED_EDGE('',*,*,#1378,.F.);
#1380=EDGE_LOOP('',(#1357,#1365,#1373,#1379));
#1381=FACE_BOUND('',#1380,.T.);
#1382=CARTESIAN_POINT('',(70.7975,-6.3287,31.8337));
#1383=VERTEX_POINT('',#1382);
#1384=CARTESIAN_POINT('',(70.7975,-6.3287,61.8337));
#1385=VERTEX_POINT('',#1384);
#1386=CARTESIAN_POINT('',(70.7975,-6.3287,31.8337));
#1387=DIRECTION('',(0.,0.,1.));
#1388=VECTOR('',#1387,30.);
#1389=LINE('',#1386,#1388);
#1390=EDGE_CURVE('',#1383,#1385,#1389,.T.);
#1391=ORIENTED_EDGE('',*,*,#1390,.T.);
#1392=CARTESIAN_POINT('',(67.6225,-6.3287,61.8337));
#1393=VERTEX_POINT('',#1392);
#1394=CARTESIAN_POINT('',(70.7975,-6.3287,61.8337));
#1395=DIRECTION('',(-1.,-0.,0.));
#1396=VECTOR('',#1395,3.175);
#1397=LINE('',#1394,#1396);
#1398=EDGE_CURVE('',#1385,#1393,#1397,.T.);
#1399=ORIENTED_EDGE('',*,*,#1398,.T.);
#1400=CARTESIAN_POINT('',(67.6225,-6.3287,31.8337));
#1401=VERTEX_POINT('',#1400);
#1402=CARTESIAN_POINT('',(67.6225,-6.3287,61.8337));
#1403=DIRECTION('',(-0.,-0.,-1.));
#1404=VECTOR('',#1403,30.);
#1405=LINE('',#1402,#1404);
#1406=EDGE_CURVE('',#1393,#1401,#1405,.T.);
#1407=ORIENTED_EDGE('',*,*,#1406,.T.);
#1408=CARTESIAN_POINT('',(67.6225,-6.3287,31.8337));
#1409=DIRECTION('',(1.,0.,-0.));
#1410=VECTOR('',#1409,3.175);
#1411=LINE('',#1408,#1410);
#1412=EDGE_CURVE('',#1401,#1383,#1411,.T.);
#1413=ORIENTED_EDGE('',*,*,#1412,.T.);
#1414=EDGE_LOOP('',(#1391,#1399,#1407,#1413));
#1415=FACE_BOUND('',#1414,.T.);
#1416=CARTESIAN_POINT('',(36.4975,-6.3287,31.8337));
#1417=VERTEX_POINT('',#1416);
#1418=CARTESIAN_POINT('',(36.4975,-6.3287,61.8337));
#1419=VERTEX_POINT('',#1418);
#1420=CARTESIAN_POINT('',(36.4975,-6.3287,31.8337));
#1421=DIRECTION('',(0.,0.,1.));
#1422=VECTOR('',#1421,30.);
#1423=LINE('',#1420,#1422);
#1424=EDGE_CURVE('',#1417,#1419,#1423,.T.);
#1425=ORIENTED_EDGE('',*,*,#1424,.T.);
#1426=CARTESIAN_POINT('',(33.3225,-6.3287,61.8337));
#1427=VERTEX_POINT('',#1426);
#1428=CARTESIAN_POINT('',(36.4975,-6.3287,61.8337));
#1429=DIRECTION('',(-1.,-0.,0.));
#1430=VECTOR('',#1429,3.175);
#1431=LINE('',#1428,#1430);
#1432=EDGE_CURVE('',#1419,#1427,#1431,.T.);
#1433=ORIENTED_EDGE('',*,*,#1432,.T.);
#1434=CARTESIAN_POINT('',(33.3225,-6.3287,31.8337));
#1435=VERTEX_POINT('',#1434);
#1436=CARTESIAN_POINT('',(33.3225,-6.3287,61.8337));
#1437=DIRECTION('',(-0.,-0.,-1.));
#1438=VECTOR('',#1437,30.);
#1439=LINE('',#1436,#1438);
#1440=EDGE_CURVE('',#1427,#1435,#1439,.T.);
#1441=ORIENTED_EDGE('',*,*,#1440,.T.);
#1442=CARTESIAN_POINT('',(33.3225,-6.3287,31.8337));
#1443=DIRECTION('',(1.,0.,-0.));
#1444=VECTOR('',#1443,3.175);
#1445=LINE('',#1442,#1444);
#1446=EDGE_CURVE('',#1435,#1417,#1445,.T.);
#1447=ORIENTED_EDGE('',*,*,#1446,.T.);
#1448=EDGE_LOOP('',(#1425,#1433,#1441,#1447));
#1449=FACE_BOUND('',#1448,.T.);
#1450=CARTESIAN_POINT('',(101.9225,-6.3287,80.3337));
#1451=VERTEX_POINT('',#1450);
#1452=CARTESIAN_POINT('',(101.9225,-6.3287,95.3337));
#1453=VERTEX_POINT('',#1452);
#1454=CARTESIAN_POINT('',(101.9225,-6.3287,80.3337));
#1455=DIRECTION('',(0.,0.,1.));
#1456=VECTOR('',#1455,15.);
#1457=LINE('',#1454,#1456);
#1458=EDGE_CURVE('',#1451,#1453,#1457,.T.);
#1459=ORIENTED_EDGE('',*,*,#1458,.F.);
#1460=CARTESIAN_POINT('',(105.0975,-6.3287,80.3337));
#1461=VERTEX_POINT('',#1460);
#1462=CARTESIAN_POINT('',(105.0975,-6.3287,80.3337));
#1463=DIRECTION('',(-1.,0.,0.));
#1464=VECTOR('',#1463,3.175);
#1465=LINE('',#1462,#1464);
#1466=EDGE_CURVE('',#1461,#1451,#1465,.T.);
#1467=ORIENTED_EDGE('',*,*,#1466,.F.);
#1468=CARTESIAN_POINT('',(105.0975,-6.3287,95.3337));
#1469=VERTEX_POINT('',#1468);
#1470=CARTESIAN_POINT('',(105.0975,-6.3287,95.3337));
#1471=DIRECTION('',(-0.,-0.,-1.));
#1472=VECTOR('',#1471,15.);
#1473=LINE('',#1470,#1472);
#1474=EDGE_CURVE('',#1469,#1461,#1473,.T.);
#1475=ORIENTED_EDGE('',*,*,#1474,.F.);
#1476=CARTESIAN_POINT('',(101.9225,-6.3287,95.3337));
#1477=DIRECTION('',(1.,0.,-0.));
#1478=VECTOR('',#1477,3.175);
#1479=LINE('',#1476,#1478);
#1480=EDGE_CURVE('',#1453,#1469,#1479,.T.);
#1481=ORIENTED_EDGE('',*,*,#1480,.F.);
#1482=EDGE_LOOP('',(#1459,#1467,#1475,#1481));
#1483=FACE_BOUND('',#1482,.T.);
#1484=CARTESIAN_POINT('',(33.3225,-6.3287,80.3337));
#1485=VERTEX_POINT('',#1484);
#1486=CARTESIAN_POINT('',(33.3225,-6.3287,95.3337));
#1487=VERTEX_POINT('',#1486);
#1488=CARTESIAN_POINT('',(33.3225,-6.3287,80.3337));
#1489=DIRECTION('',(0.,0.,1.));
#1490=VECTOR('',#1489,15.);
#1491=LINE('',#1488,#1490);
#1492=EDGE_CURVE('',#1485,#1487,#1491,.T.);
#1493=ORIENTED_EDGE('',*,*,#1492,.F.);
#1494=CARTESIAN_POINT('',(36.4975,-6.3287,80.3337));
#1495=VERTEX_POINT('',#1494);
#1496=CARTESIAN_POINT('',(36.4975,-6.3287,80.3337));
#1497=DIRECTION('',(-1.,0.,0.));
#1498=VECTOR('',#1497,3.175);
#1499=LINE('',#1496,#1498);
#1500=EDGE_CURVE('',#1495,#1485,#1499,.T.);
#1501=ORIENTED_EDGE('',*,*,#1500,.F.);
#1502=CARTESIAN_POINT('',(36.4975,-6.3287,95.3337));
#1503=VERTEX_POINT('',#1502);
#1504=CARTESIAN_POINT('',(36.4975,-6.3287,95.3337));
#1505=DIRECTION('',(-0.,-0.,-1.));
#1506=VECTOR('',#1505,15.);
#1507=LINE('',#1504,#1506);
#1508=EDGE_CURVE('',#1503,#1495,#1507,.T.);
#1509=ORIENTED_EDGE('',*,*,#1508,.F.);
#1510=CARTESIAN_POINT('',(33.3225,-6.3287,95.3337));
#1511=DIRECTION('',(1.,0.,-0.));
#1512=VECTOR('',#1511,3.175);
#1513=LINE('',#1510,#1512);
#1514=EDGE_CURVE('',#1487,#1503,#1513,.T.);
#1515=ORIENTED_EDGE('',*,*,#1514,.F.);
#1516=EDGE_LOOP('',(#1493,#1501,#1509,#1515));
#1517=FACE_BOUND('',#1516,.T.);
#1518=CARTESIAN_POINT('',(12.5725,-6.3287,115.2865));
#1519=VERTEX_POINT('',#1518);
#1520=CARTESIAN_POINT('',(14.8225,-6.3287,117.5365));
#1521=VERTEX_POINT('',#1520);
#1522=CARTESIAN_POINT('',(14.8225,-6.3287,115.2865));
#1523=DIRECTION('',(0.,1.,0.));
#1524=DIRECTION('',(0.,-0.,1.));
#1525=AXIS2_PLACEMENT_3D('',#1522,#1523,#1524);
#1526=CIRCLE('',#1525,2.25);
#1527=EDGE_CURVE('',#1519,#1521,#1526,.T.);
#1528=ORIENTED_EDGE('',*,*,#1527,.F.);
#1529=CARTESIAN_POINT('',(14.8225,-6.3287,115.2865));
#1530=DIRECTION('',(0.,1.,0.));
#1531=DIRECTION('',(0.,-0.,1.));
#1532=AXIS2_PLACEMENT_3D('',#1529,#1530,#1531);
#1533=CIRCLE('',#1532,2.25);
#1534=EDGE_CURVE('',#1521,#1519,#1533,.T.);
#1535=ORIENTED_EDGE('',*,*,#1534,.F.);
#1536=EDGE_LOOP('',(#1528,#1535));
#1537=FACE_BOUND('',#1536,.T.);
#1538=CARTESIAN_POINT('',(155.6475,-6.3287,115.2865));
#1539=VERTEX_POINT('',#1538);
#1540=CARTESIAN_POINT('',(157.8975,-6.3287,117.5365));
#1541=VERTEX_POINT('',#1540);
#1542=CARTESIAN_POINT('',(157.8975,-6.3287,115.2865));
#1543=DIRECTION('',(0.,1.,0.));
#1544=DIRECTION('',(0.,-0.,1.));
#1545=AXIS2_PLACEMENT_3D('',#1542,#1543,#1544);
#1546=CIRCLE('',#1545,2.25);
#1547=EDGE_CURVE('',#1539,#1541,#1546,.T.);
#1548=ORIENTED_EDGE('',*,*,#1547,.F.);
#1549=CARTESIAN_POINT('',(157.8975,-6.3287,115.2865));
#1550=DIRECTION('',(0.,1.,0.));
#1551=DIRECTION('',(0.,-0.,1.));
#1552=AXIS2_PLACEMENT_3D('',#1549,#1550,#1551);
#1553=CIRCLE('',#1552,2.25);
#1554=EDGE_CURVE('',#1541,#1539,#1553,.T.);
#1555=ORIENTED_EDGE('',*,*,#1554,.F.);
#1556=EDGE_LOOP('',(#1548,#1555));
#1557=FACE_BOUND('',#1556,.T.);
#1558=CARTESIAN_POINT('',(139.3975,-6.3287,80.3337));
#1559=VERTEX_POINT('',#1558);
#1560=CARTESIAN_POINT('',(139.3975,-6.3287,95.3337));
#1561=VERTEX_POINT('',#1560);
#1562=CARTESIAN_POINT('',(139.3975,-6.3287,80.3337));
#1563=DIRECTION('',(0.,0.,1.));
#1564=VECTOR('',#1563,15.);
#1565=LINE('',#1562,#1564);
#1566=EDGE_CURVE('',#1559,#1561,#1565,.T.);
#1567=ORIENTED_EDGE('',*,*,#1566,.T.);
#1568=CARTESIAN_POINT('',(136.2225,-6.3287,95.3337));
#1569=VERTEX_POINT('',#1568);
#1570=CARTESIAN_POINT('',(139.3975,-6.3287,95.3337));
#1571=DIRECTION('',(-1.,-0.,0.));
#1572=VECTOR('',#1571,3.175);
#1573=LINE('',#1570,#1572);
#1574=EDGE_CURVE('',#1561,#1569,#1573,.T.);
#1575=ORIENTED_EDGE('',*,*,#1574,.T.);
#1576=CARTESIAN_POINT('',(136.2225,-6.3287,80.3337));
#1577=VERTEX_POINT('',#1576);
#1578=CARTESIAN_POINT('',(136.2225,-6.3287,95.3337));
#1579=DIRECTION('',(-0.,-0.,-1.));
#1580=VECTOR('',#1579,15.);
#1581=LINE('',#1578,#1580);
#1582=EDGE_CURVE('',#1569,#1577,#1581,.T.);
#1583=ORIENTED_EDGE('',*,*,#1582,.T.);
#1584=CARTESIAN_POINT('',(136.2225,-6.3287,80.3337));
#1585=DIRECTION('',(1.,0.,-0.));
#1586=VECTOR('',#1585,3.175);
#1587=LINE('',#1584,#1586);
#1588=EDGE_CURVE('',#1577,#1559,#1587,.T.);
#1589=ORIENTED_EDGE('',*,*,#1588,.T.);
#1590=EDGE_LOOP('',(#1567,#1575,#1583,#1589));
#1591=FACE_BOUND('',#1590,.T.);
#1592=CARTESIAN_POINT('',(70.7975,-6.3287,80.3337));
#1593=VERTEX_POINT('',#1592);
#1594=CARTESIAN_POINT('',(70.7975,-6.3287,95.3337));
#1595=VERTEX_POINT('',#1594);
#1596=CARTESIAN_POINT('',(70.7975,-6.3287,80.3337));
#1597=DIRECTION('',(0.,0.,1.));
#1598=VECTOR('',#1597,15.);
#1599=LINE('',#1596,#1598);
#1600=EDGE_CURVE('',#1593,#1595,#1599,.T.);
#1601=ORIENTED_EDGE('',*,*,#1600,.T.);
#1602=CARTESIAN_POINT('',(67.6225,-6.3287,95.3337));
#1603=VERTEX_POINT('',#1602);
#1604=CARTESIAN_POINT('',(70.7975,-6.3287,95.3337));
#1605=DIRECTION('',(-1.,-0.,0.));
#1606=VECTOR('',#1605,3.175);
#1607=LINE('',#1604,#1606);
#1608=EDGE_CURVE('',#1595,#1603,#1607,.T.);
#1609=ORIENTED_EDGE('',*,*,#1608,.T.);
#1610=CARTESIAN_POINT('',(67.6225,-6.3287,80.3337));
#1611=VERTEX_POINT('',#1610);
#1612=CARTESIAN_POINT('',(67.6225,-6.3287,95.3337));
#1613=DIRECTION('',(-0.,-0.,-1.));
#1614=VECTOR('',#1613,15.);
#1615=LINE('',#1612,#1614);
#1616=EDGE_CURVE('',#1603,#1611,#1615,.T.);
#1617=ORIENTED_EDGE('',*,*,#1616,.T.);
#1618=CARTESIAN_POINT('',(67.6225,-6.3287,80.3337));
#1619=DIRECTION('',(1.,0.,-0.));
#1620=VECTOR('',#1619,3.175);
#1621=LINE('',#1618,#1620);
#1622=EDGE_CURVE('',#1611,#1593,#1621,.T.);
#1623=ORIENTED_EDGE('',*,*,#1622,.T.);
#1624=EDGE_LOOP('',(#1601,#1609,#1617,#1623));
#1625=FACE_BOUND('',#1624,.T.);
#1626=ADVANCED_FACE('',(#1193,#1279,#1313,#1347,#1381,#1415,#1449,#1483,#1517,#1537,#1557,#1591,#1625),#1159,.T.);
#1627=CARTESIAN_POINT('',(175.35875,-9.3287,120.2865));
#1628=DIRECTION('',(0.,0.,-1.));
#1629=DIRECTION('',(-1.,0.,0.));
#1630=AXIS2_PLACEMENT_3D('',#1627,#1628,#1629);
#1631=PLANE('',#1630);
#1632=ORIENTED_EDGE('',*,*,#1276,.T.);
#1633=CARTESIAN_POINT('',(-5.2775,-9.3287,120.2865));
#1634=DIRECTION('',(0.,1.,0.));
#1635=VECTOR('',#1634,3.);
#1636=LINE('',#1633,#1635);
#1637=EDGE_CURVE('',#718,#1265,#1636,.T.);
#1638=ORIENTED_EDGE('',*,*,#1637,.F.);
#1639=ORIENTED_EDGE('',*,*,#723,.F.);
#1640=CARTESIAN_POINT('',(177.9975,-9.3287,120.2865));
#1641=DIRECTION('',(0.,1.,0.));
#1642=VECTOR('',#1641,3.);
#1643=LINE('',#1640,#1642);
#1644=EDGE_CURVE('',#716,#1197,#1643,.T.);
#1645=ORIENTED_EDGE('',*,*,#1644,.T.);
#1646=EDGE_LOOP('',(#1632,#1638,#1639,#1645));
#1647=FACE_BOUND('',#1646,.T.);
#1648=ADVANCED_FACE('',(#1647),#1631,.F.);
#1649=CARTESIAN_POINT('',(177.9975,-9.3287,58.64325));
#1650=DIRECTION('',(-1.,0.,0.));
#1651=DIRECTION('',(0.,0.,1.));
#1652=AXIS2_PLACEMENT_3D('',#1649,#1650,#1651);
#1653=PLANE('',#1652);
#1654=ORIENTED_EDGE('',*,*,#804,.F.);
#1655=CARTESIAN_POINT('',(177.9975,-9.3287,64.8337));
#1656=DIRECTION('',(0.,1.,0.));
#1657=VECTOR('',#1656,3.);
#1658=LINE('',#1655,#1657);
#1659=EDGE_CURVE('',#792,#1195,#1658,.T.);
#1660=ORIENTED_EDGE('',*,*,#1659,.T.);
#1661=ORIENTED_EDGE('',*,*,#1202,.T.);
#1662=ORIENTED_EDGE('',*,*,#1644,.F.);
#1663=EDGE_LOOP('',(#1654,#1660,#1661,#1662));
#1664=FACE_BOUND('',#1663,.T.);
#1665=ADVANCED_FACE('',(#1664),#1653,.F.);
#1666=CARTESIAN_POINT('',(0.,85.558,0.));
#1667=DIRECTION('',(0.,1.,0.));
#1668=DIRECTION('',(0.,0.,1.));
#1669=AXIS2_PLACEMENT_3D('',#1666,#1667,#1668);
#1670=PLANE('',#1669);
#1671=ORIENTED_EDGE('',*,*,#670,.F.);
#1672=ORIENTED_EDGE('',*,*,#298,.T.);
#1673=CARTESIAN_POINT('',(-5.2775,85.558,-3.));
#1674=DIRECTION('',(0.,0.,1.));
#1675=VECTOR('',#1674,3.);
#1676=LINE('',#1673,#1675);
#1677=EDGE_CURVE('',#285,#434,#1676,.T.);
#1678=ORIENTED_EDGE('',*,*,#1677,.T.);
#1679=ORIENTED_EDGE('',*,*,#439,.T.);
#1680=EDGE_LOOP('',(#1671,#1672,#1678,#1679));
#1681=FACE_BOUND('',#1680,.T.);
#1682=ADVANCED_FACE('',(#1681),#1670,.T.);
#1683=CARTESIAN_POINT('',(176.41,-9.3287,61.8337));
#1684=DIRECTION('',(0.,0.,-1.));
#1685=DIRECTION('',(-1.,0.,0.));
#1686=AXIS2_PLACEMENT_3D('',#1683,#1684,#1685);
#1687=PLANE('',#1686);
#1688=ORIENTED_EDGE('',*,*,#1184,.F.);
#1689=CARTESIAN_POINT('',(177.9975,-9.3287,61.8337));
#1690=DIRECTION('',(0.,1.,0.));
#1691=VECTOR('',#1690,3.);
#1692=LINE('',#1689,#1691);
#1693=EDGE_CURVE('',#684,#1171,#1692,.T.);
#1694=ORIENTED_EDGE('',*,*,#1693,.F.);
#1695=ORIENTED_EDGE('',*,*,#711,.T.);
#1696=CARTESIAN_POINT('',(174.8225,-9.3287,61.8337));
#1697=DIRECTION('',(0.,1.,0.));
#1698=VECTOR('',#1697,3.);
#1699=LINE('',#1696,#1698);
#1700=EDGE_CURVE('',#700,#1179,#1699,.T.);
#1701=ORIENTED_EDGE('',*,*,#1700,.T.);
#1702=EDGE_LOOP('',(#1688,#1694,#1695,#1701));
#1703=FACE_BOUND('',#1702,.T.);
#1704=ADVANCED_FACE('',(#1703),#1687,.T.);
#1705=CARTESIAN_POINT('',(176.41,-9.3287,31.8337));
#1706=DIRECTION('',(0.,0.,1.));
#1707=DIRECTION('',(1.,0.,0.));
#1708=AXIS2_PLACEMENT_3D('',#1705,#1706,#1707);
#1709=PLANE('',#1708);
#1710=ORIENTED_EDGE('',*,*,#1168,.F.);
#1711=CARTESIAN_POINT('',(174.8225,-9.3287,31.8337));
#1712=DIRECTION('',(0.,1.,0.));
#1713=VECTOR('',#1712,3.);
#1714=LINE('',#1711,#1713);
#1715=EDGE_CURVE('',#692,#1161,#1714,.T.);
#1716=ORIENTED_EDGE('',*,*,#1715,.F.);
#1717=ORIENTED_EDGE('',*,*,#697,.T.);
#1718=CARTESIAN_POINT('',(177.9975,-9.3287,31.8337));
#1719=DIRECTION('',(0.,1.,0.));
#1720=VECTOR('',#1719,3.);
#1721=LINE('',#1718,#1720);
#1722=EDGE_CURVE('',#682,#1163,#1721,.T.);
#1723=ORIENTED_EDGE('',*,*,#1722,.T.);
#1724=EDGE_LOOP('',(#1710,#1716,#1717,#1723));
#1725=FACE_BOUND('',#1724,.T.);
#1726=ADVANCED_FACE('',(#1725),#1709,.T.);
#1727=CARTESIAN_POINT('',(174.8225,-9.3287,46.8337));
#1728=DIRECTION('',(1.,0.,0.));
#1729=DIRECTION('',(0.,0.,-1.));
#1730=AXIS2_PLACEMENT_3D('',#1727,#1728,#1729);
#1731=PLANE('',#1730);
#1732=ORIENTED_EDGE('',*,*,#1190,.F.);
#1733=ORIENTED_EDGE('',*,*,#1700,.F.);
#1734=ORIENTED_EDGE('',*,*,#705,.T.);
#1735=ORIENTED_EDGE('',*,*,#1715,.T.);
#1736=EDGE_LOOP('',(#1732,#1733,#1734,#1735));
#1737=FACE_BOUND('',#1736,.T.);
#1738=ADVANCED_FACE('',(#1737),#1731,.T.);
#1739=CARTESIAN_POINT('',(176.4975,54.61465,-3.));
#1740=DIRECTION('',(0.,1.,0.));
#1741=DIRECTION('',(0.,0.,1.));
#1742=AXIS2_PLACEMENT_3D('',#1739,#1740,#1741);
#1743=PLANE('',#1742);
#1744=ORIENTED_EDGE('',*,*,#512,.T.);
#1745=CARTESIAN_POINT('',(174.9975,54.61465,-3.));
#1746=DIRECTION('',(0.,0.,1.));
#1747=VECTOR('',#1746,3.);
#1748=LINE('',#1745,#1747);
#1749=EDGE_CURVE('',#216,#501,#1748,.T.);
#1750=ORIENTED_EDGE('',*,*,#1749,.F.);
#1751=ORIENTED_EDGE('',*,*,#221,.F.);
#1752=ORIENTED_EDGE('',*,*,#90,.T.);
#1753=EDGE_LOOP('',(#1744,#1750,#1751,#1752));
#1754=FACE_BOUND('',#1753,.T.);
#1755=ADVANCED_FACE('',(#1754),#1743,.F.);
#1756=CARTESIAN_POINT('',(174.9975,39.61465,-3.));
#1757=DIRECTION('',(-1.,0.,0.));
#1758=DIRECTION('',(0.,0.,1.));
#1759=AXIS2_PLACEMENT_3D('',#1756,#1757,#1758);
#1760=PLANE('',#1759);
#1761=ORIENTED_EDGE('',*,*,#506,.T.);
#1762=CARTESIAN_POINT('',(174.9975,24.61465,-3.));
#1763=DIRECTION('',(-0.,-0.,1.));
#1764=VECTOR('',#1763,3.);
#1765=LINE('',#1762,#1764);
#1766=EDGE_CURVE('',#207,#493,#1765,.T.);
#1767=ORIENTED_EDGE('',*,*,#1766,.F.);
#1768=ORIENTED_EDGE('',*,*,#227,.F.);
#1769=ORIENTED_EDGE('',*,*,#1749,.T.);
#1770=EDGE_LOOP('',(#1761,#1767,#1768,#1769));
#1771=FACE_BOUND('',#1770,.T.);
#1772=ADVANCED_FACE('',(#1771),#1760,.F.);
#1773=CARTESIAN_POINT('',(176.4975,24.61465,-3.));
#1774=DIRECTION('',(0.,-1.,0.));
#1775=DIRECTION('',(0.,0.,-1.));
#1776=AXIS2_PLACEMENT_3D('',#1773,#1774,#1775);
#1777=PLANE('',#1776);
#1778=ORIENTED_EDGE('',*,*,#498,.T.);
#1779=ORIENTED_EDGE('',*,*,#76,.F.);
#1780=ORIENTED_EDGE('',*,*,#212,.F.);
#1781=ORIENTED_EDGE('',*,*,#1766,.T.);
#1782=EDGE_LOOP('',(#1778,#1779,#1780,#1781));
#1783=FACE_BOUND('',#1782,.T.);
#1784=ADVANCED_FACE('',(#1783),#1777,.F.);
#1785=CARTESIAN_POINT('',(0.,-6.3287,0.));
#1786=DIRECTION('',(1.,0.,0.));
#1787=DIRECTION('',(0.,0.,-1.));
#1788=AXIS2_PLACEMENT_3D('',#1785,#1786,#1787);
#1789=CYLINDRICAL_SURFACE('',#1788,3.);
#1790=ORIENTED_EDGE('',*,*,#771,.F.);
#1791=CARTESIAN_POINT('',(-5.2775,-6.3287,0.));
#1792=DIRECTION('',(-1.,-0.,-0.));
#1793=DIRECTION('',(0.,0.,-1.));
#1794=AXIS2_PLACEMENT_3D('',#1791,#1792,#1793);
#1795=CIRCLE('',#1794,3.);
#1796=EDGE_CURVE('',#243,#760,#1795,.T.);
#1797=ORIENTED_EDGE('',*,*,#1796,.F.);
#1798=ORIENTED_EDGE('',*,*,#248,.F.);
#1799=ORIENTED_EDGE('',*,*,#654,.F.);
#1800=EDGE_LOOP('',(#1790,#1797,#1798,#1799));
#1801=FACE_BOUND('',#1800,.T.);
#1802=ADVANCED_FACE('',(#1801),#1789,.T.);
#1803=CARTESIAN_POINT('',(169.672,2.706,0.));
#1804=DIRECTION('',(0.,0.,-1.));
#1805=DIRECTION('',(-1.,0.,0.));
#1806=AXIS2_PLACEMENT_3D('',#1803,#1804,#1805);
#1807=CYLINDRICAL_SURFACE('',#1806,1.6);
#1808=CARTESIAN_POINT('',(168.072,2.706,-3.));
#1809=DIRECTION('',(-0.,-0.,1.));
#1810=VECTOR('',#1809,3.);
#1811=LINE('',#1808,#1810);
#1812=EDGE_CURVE('',#364,#572,#1811,.T.);
#1813=ORIENTED_EDGE('',*,*,#1812,.F.);
#1814=ORIENTED_EDGE('',*,*,#370,.T.);
#1815=ORIENTED_EDGE('',*,*,#1812,.T.);
#1816=ORIENTED_EDGE('',*,*,#578,.F.);
#1817=EDGE_LOOP('',(#1813,#1814,#1815,#1816));
#1818=FACE_BOUND('',#1817,.T.);
#1819=ADVANCED_FACE('',(#1818),#1807,.F.);
#1820=CARTESIAN_POINT('',(169.672,75.604,0.));
#1821=DIRECTION('',(0.,0.,-1.));
#1822=DIRECTION('',(-1.,0.,0.));
#1823=AXIS2_PLACEMENT_3D('',#1820,#1821,#1822);
#1824=CYLINDRICAL_SURFACE('',#1823,1.6);
#1825=CARTESIAN_POINT('',(168.072,75.604,-3.));
#1826=DIRECTION('',(-0.,-0.,1.));
#1827=VECTOR('',#1826,3.);
#1828=LINE('',#1825,#1827);
#1829=EDGE_CURVE('',#353,#561,#1828,.T.);
#1830=ORIENTED_EDGE('',*,*,#1829,.F.);
#1831=ORIENTED_EDGE('',*,*,#359,.T.);
#1832=ORIENTED_EDGE('',*,*,#1829,.T.);
#1833=ORIENTED_EDGE('',*,*,#567,.F.);
#1834=EDGE_LOOP('',(#1830,#1831,#1832,#1833));
#1835=FACE_BOUND('',#1834,.T.);
#1836=ADVANCED_FACE('',(#1835),#1824,.F.);
#1837=CARTESIAN_POINT('',(69.215,2.706,0.));
#1838=DIRECTION('',(0.,0.,-1.));
#1839=DIRECTION('',(-1.,0.,0.));
#1840=AXIS2_PLACEMENT_3D('',#1837,#1838,#1839);
#1841=CYLINDRICAL_SURFACE('',#1840,1.6);
#1842=CARTESIAN_POINT('',(67.615,2.706,-3.));
#1843=DIRECTION('',(-0.,-0.,1.));
#1844=VECTOR('',#1843,3.);
#1845=LINE('',#1842,#1844);
#1846=EDGE_CURVE('',#342,#550,#1845,.T.);
#1847=ORIENTED_EDGE('',*,*,#1846,.F.);
#1848=ORIENTED_EDGE('',*,*,#348,.T.);
#1849=ORIENTED_EDGE('',*,*,#1846,.T.);
#1850=ORIENTED_EDGE('',*,*,#556,.F.);
#1851=EDGE_LOOP('',(#1847,#1848,#1849,#1850));
#1852=FACE_BOUND('',#1851,.T.);
#1853=ADVANCED_FACE('',(#1852),#1841,.F.);
#1854=CARTESIAN_POINT('',(3.048,2.706,0.));
#1855=DIRECTION('',(0.,0.,-1.));
#1856=DIRECTION('',(-1.,0.,0.));
#1857=AXIS2_PLACEMENT_3D('',#1854,#1855,#1856);
#1858=CYLINDRICAL_SURFACE('',#1857,1.6);
#1859=CARTESIAN_POINT('',(1.448,2.706,-3.));
#1860=DIRECTION('',(-0.,-0.,1.));
#1861=VECTOR('',#1860,3.);
#1862=LINE('',#1859,#1861);
#1863=EDGE_CURVE('',#331,#539,#1862,.T.);
#1864=ORIENTED_EDGE('',*,*,#1863,.F.);
#1865=ORIENTED_EDGE('',*,*,#337,.T.);
#1866=ORIENTED_EDGE('',*,*,#1863,.T.);
#1867=ORIENTED_EDGE('',*,*,#545,.F.);
#1868=EDGE_LOOP('',(#1864,#1865,#1866,#1867));
#1869=FACE_BOUND('',#1868,.T.);
#1870=ADVANCED_FACE('',(#1869),#1858,.F.);
#1871=CARTESIAN_POINT('',(3.048,75.604,0.));
#1872=DIRECTION('',(0.,0.,-1.));
#1873=DIRECTION('',(-1.,0.,0.));
#1874=AXIS2_PLACEMENT_3D('',#1871,#1872,#1873);
#1875=CYLINDRICAL_SURFACE('',#1874,1.6);
#1876=CARTESIAN_POINT('',(1.448,75.604,-3.));
#1877=DIRECTION('',(-0.,-0.,1.));
#1878=VECTOR('',#1877,3.);
#1879=LINE('',#1876,#1878);
#1880=EDGE_CURVE('',#320,#528,#1879,.T.);
#1881=ORIENTED_EDGE('',*,*,#1880,.F.);
#1882=ORIENTED_EDGE('',*,*,#326,.T.);
#1883=ORIENTED_EDGE('',*,*,#1880,.T.);
#1884=ORIENTED_EDGE('',*,*,#534,.F.);
#1885=EDGE_LOOP('',(#1881,#1882,#1883,#1884));
#1886=FACE_BOUND('',#1885,.T.);
#1887=ADVANCED_FACE('',(#1886),#1875,.F.);
#1888=CARTESIAN_POINT('',(69.215,75.604,0.));
#1889=DIRECTION('',(0.,0.,-1.));
#1890=DIRECTION('',(-1.,0.,0.));
#1891=AXIS2_PLACEMENT_3D('',#1888,#1889,#1890);
#1892=CYLINDRICAL_SURFACE('',#1891,1.6);
#1893=CARTESIAN_POINT('',(67.615,75.604,-3.));
#1894=DIRECTION('',(-0.,-0.,1.));
#1895=VECTOR('',#1894,3.);
#1896=LINE('',#1893,#1895);
#1897=EDGE_CURVE('',#309,#517,#1896,.T.);
#1898=ORIENTED_EDGE('',*,*,#1897,.F.);
#1899=ORIENTED_EDGE('',*,*,#315,.T.);
#1900=ORIENTED_EDGE('',*,*,#1897,.T.);
#1901=ORIENTED_EDGE('',*,*,#523,.F.);
#1902=EDGE_LOOP('',(#1898,#1899,#1900,#1901));
#1903=FACE_BOUND('',#1902,.T.);
#1904=ADVANCED_FACE('',(#1903),#1892,.F.);
#1905=CARTESIAN_POINT('',(-5.2775,-9.3287,58.64325));
#1906=DIRECTION('',(-1.,0.,0.));
#1907=DIRECTION('',(0.,0.,1.));
#1908=AXIS2_PLACEMENT_3D('',#1905,#1906,#1907);
#1909=PLANE('',#1908);
#1910=ORIENTED_EDGE('',*,*,#290,.F.);
#1911=CARTESIAN_POINT('',(-5.2775,57.61465,-3.));
#1912=DIRECTION('',(0.,0.,1.));
#1913=VECTOR('',#1912,3.);
#1914=LINE('',#1911,#1913);
#1915=EDGE_CURVE('',#276,#442,#1914,.T.);
#1916=ORIENTED_EDGE('',*,*,#1915,.T.);
#1917=ORIENTED_EDGE('',*,*,#447,.F.);
#1918=ORIENTED_EDGE('',*,*,#1677,.F.);
#1919=EDGE_LOOP('',(#1910,#1916,#1917,#1918));
#1920=FACE_BOUND('',#1919,.T.);
#1921=ADVANCED_FACE('',(#1920),#1909,.T.);
#1922=CARTESIAN_POINT('',(-5.2775,-9.3287,58.64325));
#1923=DIRECTION('',(-1.,0.,0.));
#1924=DIRECTION('',(0.,0.,1.));
#1925=AXIS2_PLACEMENT_3D('',#1922,#1923,#1924);
#1926=PLANE('',#1925);
#1927=CARTESIAN_POINT('',(-5.2775,21.61465,-3.));
#1928=DIRECTION('',(0.,0.,1.));
#1929=VECTOR('',#1928,3.);
#1930=LINE('',#1927,#1929);
#1931=EDGE_CURVE('',#251,#467,#1930,.T.);
#1932=ORIENTED_EDGE('',*,*,#1931,.F.);
#1933=ORIENTED_EDGE('',*,*,#256,.F.);
#1934=ORIENTED_EDGE('',*,*,#1796,.T.);
#1935=ORIENTED_EDGE('',*,*,#765,.T.);
#1936=CARTESIAN_POINT('',(-5.2775,-9.3287,28.8337));
#1937=DIRECTION('',(0.,1.,0.));
#1938=VECTOR('',#1937,3.);
#1939=LINE('',#1936,#1938);
#1940=EDGE_CURVE('',#751,#1231,#1939,.T.);
#1941=ORIENTED_EDGE('',*,*,#1940,.T.);
#1942=ORIENTED_EDGE('',*,*,#1236,.F.);
#1943=ORIENTED_EDGE('',*,*,#481,.F.);
#1944=EDGE_LOOP('',(#1932,#1933,#1934,#1935,#1941,#1942,#1943));
#1945=FACE_BOUND('',#1944,.T.);
#1946=ADVANCED_FACE('',(#1945),#1926,.T.);
#1947=CARTESIAN_POINT('',(-5.2775,-9.3287,58.64325));
#1948=DIRECTION('',(-1.,0.,0.));
#1949=DIRECTION('',(0.,0.,1.));
#1950=AXIS2_PLACEMENT_3D('',#1947,#1948,#1949);
#1951=PLANE('',#1950);
#1952=CARTESIAN_POINT('',(-5.2775,-9.3287,64.8337));
#1953=DIRECTION('',(0.,1.,0.));
#1954=VECTOR('',#1953,3.);
#1955=LINE('',#1952,#1954);
#1956=EDGE_CURVE('',#726,#1256,#1955,.T.);
#1957=ORIENTED_EDGE('',*,*,#1956,.F.);
#1958=ORIENTED_EDGE('',*,*,#731,.T.);
#1959=ORIENTED_EDGE('',*,*,#1637,.T.);
#1960=ORIENTED_EDGE('',*,*,#1270,.F.);
#1961=EDGE_LOOP('',(#1957,#1958,#1959,#1960));
#1962=FACE_BOUND('',#1961,.T.);
#1963=ADVANCED_FACE('',(#1962),#1951,.T.);
#1964=CARTESIAN_POINT('',(-3.69,-9.3287,61.8337));
#1965=DIRECTION('',(0.,0.,-1.));
#1966=DIRECTION('',(-1.,0.,0.));
#1967=AXIS2_PLACEMENT_3D('',#1964,#1965,#1966);
#1968=PLANE('',#1967);
#1969=ORIENTED_EDGE('',*,*,#1310,.F.);
#1970=CARTESIAN_POINT('',(-2.1025,-9.3287,61.8337));
#1971=DIRECTION('',(0.,1.,0.));
#1972=VECTOR('',#1971,3.);
#1973=LINE('',#1970,#1972);
#1974=EDGE_CURVE('',#827,#1299,#1973,.T.);
#1975=ORIENTED_EDGE('',*,*,#1974,.F.);
#1976=ORIENTED_EDGE('',*,*,#832,.T.);
#1977=CARTESIAN_POINT('',(-5.2775,-9.3287,61.8337));
#1978=DIRECTION('',(0.,1.,0.));
#1979=VECTOR('',#1978,3.);
#1980=LINE('',#1977,#1979);
#1981=EDGE_CURVE('',#819,#1283,#1980,.T.);
#1982=ORIENTED_EDGE('',*,*,#1981,.T.);
#1983=EDGE_LOOP('',(#1969,#1975,#1976,#1982));
#1984=FACE_BOUND('',#1983,.T.);
#1985=ADVANCED_FACE('',(#1984),#1968,.T.);
#1986=CARTESIAN_POINT('',(-2.1025,-9.3287,46.8337));
#1987=DIRECTION('',(1.,0.,0.));
#1988=DIRECTION('',(0.,0.,-1.));
#1989=AXIS2_PLACEMENT_3D('',#1986,#1987,#1988);
#1990=PLANE('',#1989);
#1991=ORIENTED_EDGE('',*,*,#1304,.T.);
#1992=CARTESIAN_POINT('',(-2.1025,-9.3287,31.8337));
#1993=DIRECTION('',(0.,1.,0.));
#1994=VECTOR('',#1993,3.);
#1995=LINE('',#1992,#1994);
#1996=EDGE_CURVE('',#809,#1291,#1995,.T.);
#1997=ORIENTED_EDGE('',*,*,#1996,.F.);
#1998=ORIENTED_EDGE('',*,*,#838,.F.);
#1999=ORIENTED_EDGE('',*,*,#1974,.T.);
#2000=EDGE_LOOP('',(#1991,#1997,#1998,#1999));
#2001=FACE_BOUND('',#2000,.T.);
#2002=ADVANCED_FACE('',(#2001),#1990,.F.);
#2003=CARTESIAN_POINT('',(-3.69,-9.3287,31.8337));
#2004=DIRECTION('',(0.,0.,-1.));
#2005=DIRECTION('',(-1.,0.,0.));
#2006=AXIS2_PLACEMENT_3D('',#2003,#2004,#2005);
#2007=PLANE('',#2006);
#2008=ORIENTED_EDGE('',*,*,#1296,.T.);
#2009=CARTESIAN_POINT('',(-5.2775,-9.3287,31.8337));
#2010=DIRECTION('',(0.,1.,0.));
#2011=VECTOR('',#2010,3.);
#2012=LINE('',#2009,#2011);
#2013=EDGE_CURVE('',#811,#1281,#2012,.T.);
#2014=ORIENTED_EDGE('',*,*,#2013,.F.);
#2015=ORIENTED_EDGE('',*,*,#816,.F.);
#2016=ORIENTED_EDGE('',*,*,#1996,.T.);
#2017=EDGE_LOOP('',(#2008,#2014,#2015,#2016));
#2018=FACE_BOUND('',#2017,.T.);
#2019=ADVANCED_FACE('',(#2018),#2007,.F.);
#2020=CARTESIAN_POINT('',(-3.7775,24.61465,-3.));
#2021=DIRECTION('',(0.,1.,0.));
#2022=DIRECTION('',(0.,0.,1.));
#2023=AXIS2_PLACEMENT_3D('',#2020,#2021,#2022);
#2024=PLANE('',#2023);
#2025=ORIENTED_EDGE('',*,*,#598,.F.);
#2026=CARTESIAN_POINT('',(-2.2775,24.61465,-3.));
#2027=DIRECTION('',(0.,0.,1.));
#2028=VECTOR('',#2027,3.);
#2029=LINE('',#2026,#2028);
#2030=EDGE_CURVE('',#385,#585,#2029,.T.);
#2031=ORIENTED_EDGE('',*,*,#2030,.F.);
#2032=ORIENTED_EDGE('',*,*,#390,.T.);
#2033=CARTESIAN_POINT('',(-5.2775,24.61465,-3.));
#2034=DIRECTION('',(0.,0.,1.));
#2035=VECTOR('',#2034,3.);
#2036=LINE('',#2033,#2035);
#2037=EDGE_CURVE('',#377,#593,#2036,.T.);
#2038=ORIENTED_EDGE('',*,*,#2037,.T.);
#2039=EDGE_LOOP('',(#2025,#2031,#2032,#2038));
#2040=FACE_BOUND('',#2039,.T.);
#2041=ADVANCED_FACE('',(#2040),#2024,.T.);
#2042=CARTESIAN_POINT('',(-2.2775,39.61465,-3.));
#2043=DIRECTION('',(-1.,0.,0.));
#2044=DIRECTION('',(0.,0.,1.));
#2045=AXIS2_PLACEMENT_3D('',#2042,#2043,#2044);
#2046=PLANE('',#2045);
#2047=ORIENTED_EDGE('',*,*,#590,.F.);
#2048=CARTESIAN_POINT('',(-2.2775,54.61465,-3.));
#2049=DIRECTION('',(-0.,-0.,1.));
#2050=VECTOR('',#2049,3.);
#2051=LINE('',#2048,#2050);
#2052=EDGE_CURVE('',#393,#583,#2051,.T.);
#2053=ORIENTED_EDGE('',*,*,#2052,.F.);
#2054=ORIENTED_EDGE('',*,*,#398,.T.);
#2055=ORIENTED_EDGE('',*,*,#2030,.T.);
#2056=EDGE_LOOP('',(#2047,#2053,#2054,#2055));
#2057=FACE_BOUND('',#2056,.T.);
#2058=ADVANCED_FACE('',(#2057),#2046,.T.);
#2059=CARTESIAN_POINT('',(-3.7775,54.61465,-3.));
#2060=DIRECTION('',(0.,-1.,0.));
#2061=DIRECTION('',(0.,0.,-1.));
#2062=AXIS2_PLACEMENT_3D('',#2059,#2060,#2061);
#2063=PLANE('',#2062);
#2064=ORIENTED_EDGE('',*,*,#612,.F.);
#2065=CARTESIAN_POINT('',(-5.2775,54.61465,-3.));
#2066=DIRECTION('',(0.,0.,1.));
#2067=VECTOR('',#2066,3.);
#2068=LINE('',#2065,#2067);
#2069=EDGE_CURVE('',#375,#601,#2068,.T.);
#2070=ORIENTED_EDGE('',*,*,#2069,.F.);
#2071=ORIENTED_EDGE('',*,*,#404,.T.);
#2072=ORIENTED_EDGE('',*,*,#2052,.T.);
#2073=EDGE_LOOP('',(#2064,#2070,#2071,#2072));
#2074=FACE_BOUND('',#2073,.T.);
#2075=ADVANCED_FACE('',(#2074),#2063,.T.);
#2076=CARTESIAN_POINT('',(136.2225,-9.3287,46.8337));
#2077=DIRECTION('',(-1.,0.,0.));
#2078=DIRECTION('',(0.,-1.,0.));
#2079=AXIS2_PLACEMENT_3D('',#2076,#2077,#2078);
#2080=PLANE('',#2079);
#2081=ORIENTED_EDGE('',*,*,#1356,.T.);
#2082=CARTESIAN_POINT('',(136.2225,-9.3287,61.8337));
#2083=DIRECTION('',(0.,1.,0.));
#2084=VECTOR('',#2083,3.);
#2085=LINE('',#2082,#2084);
#2086=EDGE_CURVE('',#921,#1351,#2085,.T.);
#2087=ORIENTED_EDGE('',*,*,#2086,.F.);
#2088=ORIENTED_EDGE('',*,*,#926,.F.);
#2089=CARTESIAN_POINT('',(136.2225,-9.3287,31.8337));
#2090=DIRECTION('',(-0.,1.,-0.));
#2091=VECTOR('',#2090,3.);
#2092=LINE('',#2089,#2091);
#2093=EDGE_CURVE('',#913,#1349,#2092,.T.);
#2094=ORIENTED_EDGE('',*,*,#2093,.T.);
#2095=EDGE_LOOP('',(#2081,#2087,#2088,#2094));
#2096=FACE_BOUND('',#2095,.T.);
#2097=ADVANCED_FACE('',(#2096),#2080,.F.);
#2098=CARTESIAN_POINT('',(137.81,-9.3287,61.8337));
#2099=DIRECTION('',(0.,0.,1.));
#2100=DIRECTION('',(1.,0.,0.));
#2101=AXIS2_PLACEMENT_3D('',#2098,#2099,#2100);
#2102=PLANE('',#2101);
#2103=ORIENTED_EDGE('',*,*,#1378,.T.);
#2104=CARTESIAN_POINT('',(139.3975,-9.3287,61.8337));
#2105=DIRECTION('',(0.,1.,0.));
#2106=VECTOR('',#2105,3.);
#2107=LINE('',#2104,#2106);
#2108=EDGE_CURVE('',#929,#1367,#2107,.T.);
#2109=ORIENTED_EDGE('',*,*,#2108,.F.);
#2110=ORIENTED_EDGE('',*,*,#934,.F.);
#2111=ORIENTED_EDGE('',*,*,#2086,.T.);
#2112=EDGE_LOOP('',(#2103,#2109,#2110,#2111));
#2113=FACE_BOUND('',#2112,.T.);
#2114=ADVANCED_FACE('',(#2113),#2102,.F.);
#2115=CARTESIAN_POINT('',(139.3975,-9.3287,46.8337));
#2116=DIRECTION('',(1.,0.,0.));
#2117=DIRECTION('',(0.,1.,0.));
#2118=AXIS2_PLACEMENT_3D('',#2115,#2116,#2117);
#2119=PLANE('',#2118);
#2120=ORIENTED_EDGE('',*,*,#1372,.T.);
#2121=CARTESIAN_POINT('',(139.3975,-9.3287,31.8337));
#2122=DIRECTION('',(0.,1.,0.));
#2123=VECTOR('',#2122,3.);
#2124=LINE('',#2121,#2123);
#2125=EDGE_CURVE('',#911,#1359,#2124,.T.);
#2126=ORIENTED_EDGE('',*,*,#2125,.F.);
#2127=ORIENTED_EDGE('',*,*,#940,.F.);
#2128=ORIENTED_EDGE('',*,*,#2108,.T.);
#2129=EDGE_LOOP('',(#2120,#2126,#2127,#2128));
#2130=FACE_BOUND('',#2129,.T.);
#2131=ADVANCED_FACE('',(#2130),#2119,.F.);
#2132=CARTESIAN_POINT('',(137.81,-9.3287,31.8337));
#2133=DIRECTION('',(0.,0.,-1.));
#2134=DIRECTION('',(-1.,0.,0.));
#2135=AXIS2_PLACEMENT_3D('',#2132,#2133,#2134);
#2136=PLANE('',#2135);
#2137=ORIENTED_EDGE('',*,*,#1364,.T.);
#2138=ORIENTED_EDGE('',*,*,#2093,.F.);
#2139=ORIENTED_EDGE('',*,*,#918,.F.);
#2140=ORIENTED_EDGE('',*,*,#2125,.T.);
#2141=EDGE_LOOP('',(#2137,#2138,#2139,#2140));
#2142=FACE_BOUND('',#2141,.T.);
#2143=ADVANCED_FACE('',(#2142),#2136,.F.);
#2144=CARTESIAN_POINT('',(101.9225,-9.3287,46.8337));
#2145=DIRECTION('',(-1.,0.,0.));
#2146=DIRECTION('',(0.,-1.,0.));
#2147=AXIS2_PLACEMENT_3D('',#2144,#2145,#2146);
#2148=PLANE('',#2147);
#2149=ORIENTED_EDGE('',*,*,#1322,.T.);
#2150=CARTESIAN_POINT('',(101.9225,-9.3287,61.8337));
#2151=DIRECTION('',(0.,1.,0.));
#2152=VECTOR('',#2151,3.);
#2153=LINE('',#2150,#2152);
#2154=EDGE_CURVE('',#887,#1317,#2153,.T.);
#2155=ORIENTED_EDGE('',*,*,#2154,.F.);
#2156=ORIENTED_EDGE('',*,*,#892,.F.);
#2157=CARTESIAN_POINT('',(101.9225,-9.3287,31.8337));
#2158=DIRECTION('',(-0.,1.,-0.));
#2159=VECTOR('',#2158,3.);
#2160=LINE('',#2157,#2159);
#2161=EDGE_CURVE('',#879,#1315,#2160,.T.);
#2162=ORIENTED_EDGE('',*,*,#2161,.T.);
#2163=EDGE_LOOP('',(#2149,#2155,#2156,#2162));
#2164=FACE_BOUND('',#2163,.T.);
#2165=ADVANCED_FACE('',(#2164),#2148,.F.);
#2166=CARTESIAN_POINT('',(103.51,-9.3287,61.8337));
#2167=DIRECTION('',(0.,0.,1.));
#2168=DIRECTION('',(1.,0.,0.));
#2169=AXIS2_PLACEMENT_3D('',#2166,#2167,#2168);
#2170=PLANE('',#2169);
#2171=ORIENTED_EDGE('',*,*,#1344,.T.);
#2172=CARTESIAN_POINT('',(105.0975,-9.3287,61.8337));
#2173=DIRECTION('',(0.,1.,0.));
#2174=VECTOR('',#2173,3.);
#2175=LINE('',#2172,#2174);
#2176=EDGE_CURVE('',#895,#1333,#2175,.T.);
#2177=ORIENTED_EDGE('',*,*,#2176,.F.);
#2178=ORIENTED_EDGE('',*,*,#900,.F.);
#2179=ORIENTED_EDGE('',*,*,#2154,.T.);
#2180=EDGE_LOOP('',(#2171,#2177,#2178,#2179));
#2181=FACE_BOUND('',#2180,.T.);
#2182=ADVANCED_FACE('',(#2181),#2170,.F.);
#2183=CARTESIAN_POINT('',(105.0975,-9.3287,54.3337));
#2184=DIRECTION('',(1.,0.,0.));
#2185=DIRECTION('',(0.,1.,0.));
#2186=AXIS2_PLACEMENT_3D('',#2183,#2184,#2185);
#2187=PLANE('',#2186);
#2188=ORIENTED_EDGE('',*,*,#1338,.T.);
#2189=CARTESIAN_POINT('',(105.0975,-9.3287,31.8337));
#2190=DIRECTION('',(0.,1.,0.));
#2191=VECTOR('',#2190,3.);
#2192=LINE('',#2189,#2191);
#2193=EDGE_CURVE('',#877,#1325,#2192,.T.);
#2194=ORIENTED_EDGE('',*,*,#2193,.F.);
#2195=ORIENTED_EDGE('',*,*,#906,.F.);
#2196=ORIENTED_EDGE('',*,*,#2176,.T.);
#2197=EDGE_LOOP('',(#2188,#2194,#2195,#2196));
#2198=FACE_BOUND('',#2197,.T.);
#2199=ADVANCED_FACE('',(#2198),#2187,.F.);
#2200=CARTESIAN_POINT('',(103.51,-9.3287,31.8337));
#2201=DIRECTION('',(0.,0.,-1.));
#2202=DIRECTION('',(-1.,0.,0.));
#2203=AXIS2_PLACEMENT_3D('',#2200,#2201,#2202);
#2204=PLANE('',#2203);
#2205=ORIENTED_EDGE('',*,*,#1330,.T.);
#2206=ORIENTED_EDGE('',*,*,#2161,.F.);
#2207=ORIENTED_EDGE('',*,*,#884,.F.);
#2208=ORIENTED_EDGE('',*,*,#2193,.T.);
#2209=EDGE_LOOP('',(#2205,#2206,#2207,#2208));
#2210=FACE_BOUND('',#2209,.T.);
#2211=ADVANCED_FACE('',(#2210),#2204,.F.);
#2212=CARTESIAN_POINT('',(69.21,-9.3287,61.8337));
#2213=DIRECTION('',(0.,0.,-1.));
#2214=DIRECTION('',(-1.,0.,0.));
#2215=AXIS2_PLACEMENT_3D('',#2212,#2213,#2214);
#2216=PLANE('',#2215);
#2217=ORIENTED_EDGE('',*,*,#1398,.F.);
#2218=CARTESIAN_POINT('',(70.7975,-9.3287,61.8337));
#2219=DIRECTION('',(0.,1.,0.));
#2220=VECTOR('',#2219,3.);
#2221=LINE('',#2218,#2220);
#2222=EDGE_CURVE('',#843,#1385,#2221,.T.);
#2223=ORIENTED_EDGE('',*,*,#2222,.F.);
#2224=ORIENTED_EDGE('',*,*,#850,.T.);
#2225=CARTESIAN_POINT('',(67.6225,-9.3287,61.8337));
#2226=DIRECTION('',(0.,1.,0.));
#2227=VECTOR('',#2226,3.);
#2228=LINE('',#2225,#2227);
#2229=EDGE_CURVE('',#845,#1393,#2228,.T.);
#2230=ORIENTED_EDGE('',*,*,#2229,.T.);
#2231=EDGE_LOOP('',(#2217,#2223,#2224,#2230));
#2232=FACE_BOUND('',#2231,.T.);
#2233=ADVANCED_FACE('',(#2232),#2216,.T.);
#2234=CARTESIAN_POINT('',(70.7975,-9.3287,46.8337));
#2235=DIRECTION('',(-1.,0.,0.));
#2236=DIRECTION('',(0.,0.,1.));
#2237=AXIS2_PLACEMENT_3D('',#2234,#2235,#2236);
#2238=PLANE('',#2237);
#2239=ORIENTED_EDGE('',*,*,#1390,.F.);
#2240=CARTESIAN_POINT('',(70.7975,-9.3287,31.8337));
#2241=DIRECTION('',(0.,1.,0.));
#2242=VECTOR('',#2241,3.);
#2243=LINE('',#2240,#2242);
#2244=EDGE_CURVE('',#853,#1383,#2243,.T.);
#2245=ORIENTED_EDGE('',*,*,#2244,.F.);
#2246=ORIENTED_EDGE('',*,*,#858,.T.);
#2247=ORIENTED_EDGE('',*,*,#2222,.T.);
#2248=EDGE_LOOP('',(#2239,#2245,#2246,#2247));
#2249=FACE_BOUND('',#2248,.T.);
#2250=ADVANCED_FACE('',(#2249),#2238,.T.);
#2251=CARTESIAN_POINT('',(69.21,-9.3287,31.8337));
#2252=DIRECTION('',(0.,0.,1.));
#2253=DIRECTION('',(1.,0.,0.));
#2254=AXIS2_PLACEMENT_3D('',#2251,#2252,#2253);
#2255=PLANE('',#2254);
#2256=ORIENTED_EDGE('',*,*,#1412,.F.);
#2257=CARTESIAN_POINT('',(67.6225,-9.3287,31.8337));
#2258=DIRECTION('',(0.,1.,0.));
#2259=VECTOR('',#2258,3.);
#2260=LINE('',#2257,#2259);
#2261=EDGE_CURVE('',#861,#1401,#2260,.T.);
#2262=ORIENTED_EDGE('',*,*,#2261,.F.);
#2263=ORIENTED_EDGE('',*,*,#866,.T.);
#2264=ORIENTED_EDGE('',*,*,#2244,.T.);
#2265=EDGE_LOOP('',(#2256,#2262,#2263,#2264));
#2266=FACE_BOUND('',#2265,.T.);
#2267=ADVANCED_FACE('',(#2266),#2255,.T.);
#2268=CARTESIAN_POINT('',(67.6225,-9.3287,39.3337));
#2269=DIRECTION('',(1.,0.,0.));
#2270=DIRECTION('',(0.,0.,-1.));
#2271=AXIS2_PLACEMENT_3D('',#2268,#2269,#2270);
#2272=PLANE('',#2271);
#2273=ORIENTED_EDGE('',*,*,#1406,.F.);
#2274=ORIENTED_EDGE('',*,*,#2229,.F.);
#2275=ORIENTED_EDGE('',*,*,#872,.T.);
#2276=ORIENTED_EDGE('',*,*,#2261,.T.);
#2277=EDGE_LOOP('',(#2273,#2274,#2275,#2276));
#2278=FACE_BOUND('',#2277,.T.);
#2279=ADVANCED_FACE('',(#2278),#2272,.T.);
#2280=CARTESIAN_POINT('',(34.91,-9.3287,61.8337));
#2281=DIRECTION('',(0.,0.,-1.));
#2282=DIRECTION('',(-1.,0.,0.));
#2283=AXIS2_PLACEMENT_3D('',#2280,#2281,#2282);
#2284=PLANE('',#2283);
#2285=ORIENTED_EDGE('',*,*,#1432,.F.);
#2286=CARTESIAN_POINT('',(36.4975,-9.3287,61.8337));
#2287=DIRECTION('',(0.,1.,0.));
#2288=VECTOR('',#2287,3.);
#2289=LINE('',#2286,#2288);
#2290=EDGE_CURVE('',#945,#1419,#2289,.T.);
#2291=ORIENTED_EDGE('',*,*,#2290,.F.);
#2292=ORIENTED_EDGE('',*,*,#952,.T.);
#2293=CARTESIAN_POINT('',(33.3225,-9.3287,61.8337));
#2294=DIRECTION('',(0.,1.,0.));
#2295=VECTOR('',#2294,3.);
#2296=LINE('',#2293,#2295);
#2297=EDGE_CURVE('',#947,#1427,#2296,.T.);
#2298=ORIENTED_EDGE('',*,*,#2297,.T.);
#2299=EDGE_LOOP('',(#2285,#2291,#2292,#2298));
#2300=FACE_BOUND('',#2299,.T.);
#2301=ADVANCED_FACE('',(#2300),#2284,.T.);
#2302=CARTESIAN_POINT('',(36.4975,-9.3287,46.8337));
#2303=DIRECTION('',(-1.,0.,0.));
#2304=DIRECTION('',(0.,0.,1.));
#2305=AXIS2_PLACEMENT_3D('',#2302,#2303,#2304);
#2306=PLANE('',#2305);
#2307=ORIENTED_EDGE('',*,*,#1424,.F.);
#2308=CARTESIAN_POINT('',(36.4975,-9.3287,31.8337));
#2309=DIRECTION('',(0.,1.,0.));
#2310=VECTOR('',#2309,3.);
#2311=LINE('',#2308,#2310);
#2312=EDGE_CURVE('',#955,#1417,#2311,.T.);
#2313=ORIENTED_EDGE('',*,*,#2312,.F.);
#2314=ORIENTED_EDGE('',*,*,#960,.T.);
#2315=ORIENTED_EDGE('',*,*,#2290,.T.);
#2316=EDGE_LOOP('',(#2307,#2313,#2314,#2315));
#2317=FACE_BOUND('',#2316,.T.);
#2318=ADVANCED_FACE('',(#2317),#2306,.T.);
#2319=CARTESIAN_POINT('',(34.91,-9.3287,31.8337));
#2320=DIRECTION('',(0.,0.,1.));
#2321=DIRECTION('',(1.,0.,0.));
#2322=AXIS2_PLACEMENT_3D('',#2319,#2320,#2321);
#2323=PLANE('',#2322);
#2324=ORIENTED_EDGE('',*,*,#1446,.F.);
#2325=CARTESIAN_POINT('',(33.3225,-9.3287,31.8337));
#2326=DIRECTION('',(0.,1.,0.));
#2327=VECTOR('',#2326,3.);
#2328=LINE('',#2325,#2327);
#2329=EDGE_CURVE('',#963,#1435,#2328,.T.);
#2330=ORIENTED_EDGE('',*,*,#2329,.F.);
#2331=ORIENTED_EDGE('',*,*,#968,.T.);
#2332=ORIENTED_EDGE('',*,*,#2312,.T.);
#2333=EDGE_LOOP('',(#2324,#2330,#2331,#2332));
#2334=FACE_BOUND('',#2333,.T.);
#2335=ADVANCED_FACE('',(#2334),#2323,.T.);
#2336=CARTESIAN_POINT('',(33.3225,-9.3287,46.8337));
#2337=DIRECTION('',(1.,0.,0.));
#2338=DIRECTION('',(0.,0.,-1.));
#2339=AXIS2_PLACEMENT_3D('',#2336,#2337,#2338);
#2340=PLANE('',#2339);
#2341=ORIENTED_EDGE('',*,*,#1440,.F.);
#2342=ORIENTED_EDGE('',*,*,#2297,.F.);
#2343=ORIENTED_EDGE('',*,*,#974,.T.);
#2344=ORIENTED_EDGE('',*,*,#2329,.T.);
#2345=EDGE_LOOP('',(#2341,#2342,#2343,#2344));
#2346=FACE_BOUND('',#2345,.T.);
#2347=ADVANCED_FACE('',(#2346),#2340,.T.);
#2348=CARTESIAN_POINT('',(157.8975,-9.3287,115.2865));
#2349=DIRECTION('',(0.,1.,0.));
#2350=DIRECTION('',(-1.,0.,0.));
#2351=AXIS2_PLACEMENT_3D('',#2348,#2349,#2350);
#2352=CYLINDRICAL_SURFACE('',#2351,2.25);
#2353=CARTESIAN_POINT('',(155.6475,-6.3287,115.2865));
#2354=DIRECTION('',(0.,-1.,-0.));
#2355=VECTOR('',#2354,3.);
#2356=LINE('',#2353,#2355);
#2357=EDGE_CURVE('',#1539,#1103,#2356,.T.);
#2358=ORIENTED_EDGE('',*,*,#2357,.F.);
#2359=ORIENTED_EDGE('',*,*,#1547,.T.);
#2360=ORIENTED_EDGE('',*,*,#1554,.T.);
#2361=ORIENTED_EDGE('',*,*,#2357,.T.);
#2362=ORIENTED_EDGE('',*,*,#1109,.F.);
#2363=ORIENTED_EDGE('',*,*,#1116,.F.);
#2364=EDGE_LOOP('',(#2358,#2359,#2360,#2361,#2362,#2363));
#2365=FACE_BOUND('',#2364,.T.);
#2366=ADVANCED_FACE('',(#2365),#2352,.F.);
#2367=CARTESIAN_POINT('',(14.8225,-9.3287,115.2865));
#2368=DIRECTION('',(0.,1.,0.));
#2369=DIRECTION('',(-1.,0.,0.));
#2370=AXIS2_PLACEMENT_3D('',#2367,#2368,#2369);
#2371=CYLINDRICAL_SURFACE('',#2370,2.25);
#2372=CARTESIAN_POINT('',(12.5725,-6.3287,115.2865));
#2373=DIRECTION('',(0.,-1.,-0.));
#2374=VECTOR('',#2373,3.);
#2375=LINE('',#2372,#2374);
#2376=EDGE_CURVE('',#1519,#1083,#2375,.T.);
#2377=ORIENTED_EDGE('',*,*,#2376,.F.);
#2378=ORIENTED_EDGE('',*,*,#1527,.T.);
#2379=ORIENTED_EDGE('',*,*,#1534,.T.);
#2380=ORIENTED_EDGE('',*,*,#2376,.T.);
#2381=ORIENTED_EDGE('',*,*,#1089,.F.);
#2382=ORIENTED_EDGE('',*,*,#1096,.F.);
#2383=EDGE_LOOP('',(#2377,#2378,#2379,#2380,#2381,#2382));
#2384=FACE_BOUND('',#2383,.T.);
#2385=ADVANCED_FACE('',(#2384),#2371,.F.);
#2386=CARTESIAN_POINT('',(33.3225,-9.3287,87.8337));
#2387=DIRECTION('',(-1.,0.,0.));
#2388=DIRECTION('',(0.,-1.,0.));
#2389=AXIS2_PLACEMENT_3D('',#2386,#2387,#2388);
#2390=PLANE('',#2389);
#2391=ORIENTED_EDGE('',*,*,#1492,.T.);
#2392=CARTESIAN_POINT('',(33.3225,-9.3287,95.3337));
#2393=DIRECTION('',(0.,1.,0.));
#2394=VECTOR('',#2393,3.);
#2395=LINE('',#2392,#2394);
#2396=EDGE_CURVE('',#1057,#1487,#2395,.T.);
#2397=ORIENTED_EDGE('',*,*,#2396,.F.);
#2398=ORIENTED_EDGE('',*,*,#1062,.F.);
#2399=CARTESIAN_POINT('',(33.3225,-9.3287,80.3337));
#2400=DIRECTION('',(-0.,1.,-0.));
#2401=VECTOR('',#2400,3.);
#2402=LINE('',#2399,#2401);
#2403=EDGE_CURVE('',#1049,#1485,#2402,.T.);
#2404=ORIENTED_EDGE('',*,*,#2403,.T.);
#2405=EDGE_LOOP('',(#2391,#2397,#2398,#2404));
#2406=FACE_BOUND('',#2405,.T.);
#2407=ADVANCED_FACE('',(#2406),#2390,.F.);
#2408=CARTESIAN_POINT('',(34.91,-9.3287,95.3337));
#2409=DIRECTION('',(0.,0.,1.));
#2410=DIRECTION('',(1.,0.,0.));
#2411=AXIS2_PLACEMENT_3D('',#2408,#2409,#2410);
#2412=PLANE('',#2411);
#2413=ORIENTED_EDGE('',*,*,#1514,.T.);
#2414=CARTESIAN_POINT('',(36.4975,-9.3287,95.3337));
#2415=DIRECTION('',(0.,1.,0.));
#2416=VECTOR('',#2415,3.);
#2417=LINE('',#2414,#2416);
#2418=EDGE_CURVE('',#1065,#1503,#2417,.T.);
#2419=ORIENTED_EDGE('',*,*,#2418,.F.);
#2420=ORIENTED_EDGE('',*,*,#1070,.F.);
#2421=ORIENTED_EDGE('',*,*,#2396,.T.);
#2422=EDGE_LOOP('',(#2413,#2419,#2420,#2421));
#2423=FACE_BOUND('',#2422,.T.);
#2424=ADVANCED_FACE('',(#2423),#2412,.F.);
#2425=CARTESIAN_POINT('',(36.4975,-9.3287,87.8337));
#2426=DIRECTION('',(1.,0.,0.));
#2427=DIRECTION('',(0.,1.,0.));
#2428=AXIS2_PLACEMENT_3D('',#2425,#2426,#2427);
#2429=PLANE('',#2428);
#2430=ORIENTED_EDGE('',*,*,#1508,.T.);
#2431=CARTESIAN_POINT('',(36.4975,-9.3287,80.3337));
#2432=DIRECTION('',(0.,1.,0.));
#2433=VECTOR('',#2432,3.);
#2434=LINE('',#2431,#2433);
#2435=EDGE_CURVE('',#1047,#1495,#2434,.T.);
#2436=ORIENTED_EDGE('',*,*,#2435,.F.);
#2437=ORIENTED_EDGE('',*,*,#1076,.F.);
#2438=ORIENTED_EDGE('',*,*,#2418,.T.);
#2439=EDGE_LOOP('',(#2430,#2436,#2437,#2438));
#2440=FACE_BOUND('',#2439,.T.);
#2441=ADVANCED_FACE('',(#2440),#2429,.F.);
#2442=CARTESIAN_POINT('',(34.91,-9.3287,80.3337));
#2443=DIRECTION('',(0.,0.,-1.));
#2444=DIRECTION('',(-1.,0.,0.));
#2445=AXIS2_PLACEMENT_3D('',#2442,#2443,#2444);
#2446=PLANE('',#2445);
#2447=ORIENTED_EDGE('',*,*,#1500,.T.);
#2448=ORIENTED_EDGE('',*,*,#2403,.F.);
#2449=ORIENTED_EDGE('',*,*,#1054,.F.);
#2450=ORIENTED_EDGE('',*,*,#2435,.T.);
#2451=EDGE_LOOP('',(#2447,#2448,#2449,#2450));
#2452=FACE_BOUND('',#2451,.T.);
#2453=ADVANCED_FACE('',(#2452),#2446,.F.);
#2454=CARTESIAN_POINT('',(101.9225,-9.3287,87.8337));
#2455=DIRECTION('',(-1.,0.,0.));
#2456=DIRECTION('',(0.,0.,1.));
#2457=AXIS2_PLACEMENT_3D('',#2454,#2455,#2456);
#2458=PLANE('',#2457);
#2459=ORIENTED_EDGE('',*,*,#1458,.T.);
#2460=CARTESIAN_POINT('',(101.9225,-9.3287,95.3337));
#2461=DIRECTION('',(0.,1.,0.));
#2462=VECTOR('',#2461,3.);
#2463=LINE('',#2460,#2462);
#2464=EDGE_CURVE('',#1023,#1453,#2463,.T.);
#2465=ORIENTED_EDGE('',*,*,#2464,.F.);
#2466=ORIENTED_EDGE('',*,*,#1028,.F.);
#2467=CARTESIAN_POINT('',(101.9225,-9.3287,80.3337));
#2468=DIRECTION('',(0.,1.,0.));
#2469=VECTOR('',#2468,3.);
#2470=LINE('',#2467,#2469);
#2471=EDGE_CURVE('',#1015,#1451,#2470,.T.);
#2472=ORIENTED_EDGE('',*,*,#2471,.T.);
#2473=EDGE_LOOP('',(#2459,#2465,#2466,#2472));
#2474=FACE_BOUND('',#2473,.T.);
#2475=ADVANCED_FACE('',(#2474),#2458,.F.);
#2476=CARTESIAN_POINT('',(103.51,-9.3287,95.3337));
#2477=DIRECTION('',(0.,0.,1.));
#2478=DIRECTION('',(1.,0.,0.));
#2479=AXIS2_PLACEMENT_3D('',#2476,#2477,#2478);
#2480=PLANE('',#2479);
#2481=ORIENTED_EDGE('',*,*,#1480,.T.);
#2482=CARTESIAN_POINT('',(105.0975,-9.3287,95.3337));
#2483=DIRECTION('',(0.,1.,0.));
#2484=VECTOR('',#2483,3.);
#2485=LINE('',#2482,#2484);
#2486=EDGE_CURVE('',#1031,#1469,#2485,.T.);
#2487=ORIENTED_EDGE('',*,*,#2486,.F.);
#2488=ORIENTED_EDGE('',*,*,#1036,.F.);
#2489=ORIENTED_EDGE('',*,*,#2464,.T.);
#2490=EDGE_LOOP('',(#2481,#2487,#2488,#2489));
#2491=FACE_BOUND('',#2490,.T.);
#2492=ADVANCED_FACE('',(#2491),#2480,.F.);
#2493=CARTESIAN_POINT('',(105.0975,-9.3287,87.8337));
#2494=DIRECTION('',(1.,0.,0.));
#2495=DIRECTION('',(0.,1.,0.));
#2496=AXIS2_PLACEMENT_3D('',#2493,#2494,#2495);
#2497=PLANE('',#2496);
#2498=ORIENTED_EDGE('',*,*,#1474,.T.);
#2499=CARTESIAN_POINT('',(105.0975,-9.3287,80.3337));
#2500=DIRECTION('',(0.,1.,0.));
#2501=VECTOR('',#2500,3.);
#2502=LINE('',#2499,#2501);
#2503=EDGE_CURVE('',#1013,#1461,#2502,.T.);
#2504=ORIENTED_EDGE('',*,*,#2503,.F.);
#2505=ORIENTED_EDGE('',*,*,#1042,.F.);
#2506=ORIENTED_EDGE('',*,*,#2486,.T.);
#2507=EDGE_LOOP('',(#2498,#2504,#2505,#2506));
#2508=FACE_BOUND('',#2507,.T.);
#2509=ADVANCED_FACE('',(#2508),#2497,.F.);
#2510=CARTESIAN_POINT('',(103.51,-9.3287,80.3337));
#2511=DIRECTION('',(0.,0.,-1.));
#2512=DIRECTION('',(-1.,0.,0.));
#2513=AXIS2_PLACEMENT_3D('',#2510,#2511,#2512);
#2514=PLANE('',#2513);
#2515=ORIENTED_EDGE('',*,*,#1466,.T.);
#2516=ORIENTED_EDGE('',*,*,#2471,.F.);
#2517=ORIENTED_EDGE('',*,*,#1020,.F.);
#2518=ORIENTED_EDGE('',*,*,#2503,.T.);
#2519=EDGE_LOOP('',(#2515,#2516,#2517,#2518));
#2520=FACE_BOUND('',#2519,.T.);
#2521=ADVANCED_FACE('',(#2520),#2514,.F.);
#2522=CARTESIAN_POINT('',(137.81,-9.3287,95.3337));
#2523=DIRECTION('',(0.,0.,-1.));
#2524=DIRECTION('',(-1.,0.,0.));
#2525=AXIS2_PLACEMENT_3D('',#2522,#2523,#2524);
#2526=PLANE('',#2525);
#2527=ORIENTED_EDGE('',*,*,#1574,.F.);
#2528=CARTESIAN_POINT('',(139.3975,-9.3287,95.3337));
#2529=DIRECTION('',(0.,1.,0.));
#2530=VECTOR('',#2529,3.);
#2531=LINE('',#2528,#2530);
#2532=EDGE_CURVE('',#979,#1561,#2531,.T.);
#2533=ORIENTED_EDGE('',*,*,#2532,.F.);
#2534=ORIENTED_EDGE('',*,*,#986,.T.);
#2535=CARTESIAN_POINT('',(136.2225,-9.3287,95.3337));
#2536=DIRECTION('',(0.,1.,0.));
#2537=VECTOR('',#2536,3.);
#2538=LINE('',#2535,#2537);
#2539=EDGE_CURVE('',#981,#1569,#2538,.T.);
#2540=ORIENTED_EDGE('',*,*,#2539,.T.);
#2541=EDGE_LOOP('',(#2527,#2533,#2534,#2540));
#2542=FACE_BOUND('',#2541,.T.);
#2543=ADVANCED_FACE('',(#2542),#2526,.T.);
#2544=CARTESIAN_POINT('',(139.3975,-9.3287,87.8337));
#2545=DIRECTION('',(-1.,0.,0.));
#2546=DIRECTION('',(0.,0.,1.));
#2547=AXIS2_PLACEMENT_3D('',#2544,#2545,#2546);
#2548=PLANE('',#2547);
#2549=ORIENTED_EDGE('',*,*,#1566,.F.);
#2550=CARTESIAN_POINT('',(139.3975,-9.3287,80.3337));
#2551=DIRECTION('',(0.,1.,0.));
#2552=VECTOR('',#2551,3.);
#2553=LINE('',#2550,#2552);
#2554=EDGE_CURVE('',#989,#1559,#2553,.T.);
#2555=ORIENTED_EDGE('',*,*,#2554,.F.);
#2556=ORIENTED_EDGE('',*,*,#994,.T.);
#2557=ORIENTED_EDGE('',*,*,#2532,.T.);
#2558=EDGE_LOOP('',(#2549,#2555,#2556,#2557));
#2559=FACE_BOUND('',#2558,.T.);
#2560=ADVANCED_FACE('',(#2559),#2548,.T.);
#2561=CARTESIAN_POINT('',(137.81,-9.3287,80.3337));
#2562=DIRECTION('',(0.,0.,1.));
#2563=DIRECTION('',(1.,0.,0.));
#2564=AXIS2_PLACEMENT_3D('',#2561,#2562,#2563);
#2565=PLANE('',#2564);
#2566=ORIENTED_EDGE('',*,*,#1588,.F.);
#2567=CARTESIAN_POINT('',(136.2225,-9.3287,80.3337));
#2568=DIRECTION('',(0.,1.,0.));
#2569=VECTOR('',#2568,3.);
#2570=LINE('',#2567,#2569);
#2571=EDGE_CURVE('',#997,#1577,#2570,.T.);
#2572=ORIENTED_EDGE('',*,*,#2571,.F.);
#2573=ORIENTED_EDGE('',*,*,#1002,.T.);
#2574=ORIENTED_EDGE('',*,*,#2554,.T.);
#2575=EDGE_LOOP('',(#2566,#2572,#2573,#2574));
#2576=FACE_BOUND('',#2575,.T.);
#2577=ADVANCED_FACE('',(#2576),#2565,.T.);
#2578=CARTESIAN_POINT('',(136.2225,-9.3287,87.8337));
#2579=DIRECTION('',(1.,0.,0.));
#2580=DIRECTION('',(0.,1.,0.));
#2581=AXIS2_PLACEMENT_3D('',#2578,#2579,#2580);
#2582=PLANE('',#2581);
#2583=ORIENTED_EDGE('',*,*,#1582,.F.);
#2584=ORIENTED_EDGE('',*,*,#2539,.F.);
#2585=ORIENTED_EDGE('',*,*,#1008,.T.);
#2586=ORIENTED_EDGE('',*,*,#2571,.T.);
#2587=EDGE_LOOP('',(#2583,#2584,#2585,#2586));
#2588=FACE_BOUND('',#2587,.T.);
#2589=ADVANCED_FACE('',(#2588),#2582,.T.);
#2590=CARTESIAN_POINT('',(69.21,-9.3287,95.3337));
#2591=DIRECTION('',(0.,0.,-1.));
#2592=DIRECTION('',(-1.,0.,0.));
#2593=AXIS2_PLACEMENT_3D('',#2590,#2591,#2592);
#2594=PLANE('',#2593);
#2595=ORIENTED_EDGE('',*,*,#1608,.F.);
#2596=CARTESIAN_POINT('',(70.7975,-9.3287,95.3337));
#2597=DIRECTION('',(-0.,1.,-0.));
#2598=VECTOR('',#2597,3.);
#2599=LINE('',#2596,#2598);
#2600=EDGE_CURVE('',#1121,#1595,#2599,.T.);
#2601=ORIENTED_EDGE('',*,*,#2600,.F.);
#2602=ORIENTED_EDGE('',*,*,#1128,.T.);
#2603=CARTESIAN_POINT('',(67.6225,-9.3287,95.3337));
#2604=DIRECTION('',(0.,1.,0.));
#2605=VECTOR('',#2604,3.);
#2606=LINE('',#2603,#2605);
#2607=EDGE_CURVE('',#1123,#1603,#2606,.T.);
#2608=ORIENTED_EDGE('',*,*,#2607,.T.);
#2609=EDGE_LOOP('',(#2595,#2601,#2602,#2608));
#2610=FACE_BOUND('',#2609,.T.);
#2611=ADVANCED_FACE('',(#2610),#2594,.T.);
#2612=CARTESIAN_POINT('',(70.7975,-9.3287,87.8337));
#2613=DIRECTION('',(-1.,0.,0.));
#2614=DIRECTION('',(0.,-1.,0.));
#2615=AXIS2_PLACEMENT_3D('',#2612,#2613,#2614);
#2616=PLANE('',#2615);
#2617=ORIENTED_EDGE('',*,*,#1600,.F.);
#2618=CARTESIAN_POINT('',(70.7975,-9.3287,80.3337));
#2619=DIRECTION('',(0.,1.,0.));
#2620=VECTOR('',#2619,3.);
#2621=LINE('',#2618,#2620);
#2622=EDGE_CURVE('',#1131,#1593,#2621,.T.);
#2623=ORIENTED_EDGE('',*,*,#2622,.F.);
#2624=ORIENTED_EDGE('',*,*,#1136,.T.);
#2625=ORIENTED_EDGE('',*,*,#2600,.T.);
#2626=EDGE_LOOP('',(#2617,#2623,#2624,#2625));
#2627=FACE_BOUND('',#2626,.T.);
#2628=ADVANCED_FACE('',(#2627),#2616,.T.);
#2629=CARTESIAN_POINT('',(69.21,-9.3287,80.3337));
#2630=DIRECTION('',(0.,0.,1.));
#2631=DIRECTION('',(1.,0.,0.));
#2632=AXIS2_PLACEMENT_3D('',#2629,#2630,#2631);
#2633=PLANE('',#2632);
#2634=ORIENTED_EDGE('',*,*,#1622,.F.);
#2635=CARTESIAN_POINT('',(67.6225,-9.3287,80.3337));
#2636=DIRECTION('',(0.,1.,0.));
#2637=VECTOR('',#2636,3.);
#2638=LINE('',#2635,#2637);
#2639=EDGE_CURVE('',#1139,#1611,#2638,.T.);
#2640=ORIENTED_EDGE('',*,*,#2639,.F.);
#2641=ORIENTED_EDGE('',*,*,#1144,.T.);
#2642=ORIENTED_EDGE('',*,*,#2622,.T.);
#2643=EDGE_LOOP('',(#2634,#2640,#2641,#2642));
#2644=FACE_BOUND('',#2643,.T.);
#2645=ADVANCED_FACE('',(#2644),#2633,.T.);
#2646=CARTESIAN_POINT('',(67.6225,-9.3287,87.8337));
#2647=DIRECTION('',(1.,0.,0.));
#2648=DIRECTION('',(0.,1.,0.));
#2649=AXIS2_PLACEMENT_3D('',#2646,#2647,#2648);
#2650=PLANE('',#2649);
#2651=ORIENTED_EDGE('',*,*,#1616,.F.);
#2652=ORIENTED_EDGE('',*,*,#2607,.F.);
#2653=ORIENTED_EDGE('',*,*,#1150,.T.);
#2654=ORIENTED_EDGE('',*,*,#2639,.T.);
#2655=EDGE_LOOP('',(#2651,#2652,#2653,#2654));
#2656=FACE_BOUND('',#2655,.T.);
#2657=ADVANCED_FACE('',(#2656),#2650,.T.);
#2658=CARTESIAN_POINT('',(-5.2775,-9.3287,63.3337));
#2659=DIRECTION('',(-1.,0.,0.));
#2660=DIRECTION('',(0.,0.,1.));
#2661=AXIS2_PLACEMENT_3D('',#2658,#2659,#2660);
#2662=PLANE('',#2661);
#2663=ORIENTED_EDGE('',*,*,#824,.F.);
#2664=ORIENTED_EDGE('',*,*,#2013,.T.);
#2665=ORIENTED_EDGE('',*,*,#1288,.T.);
#2666=ORIENTED_EDGE('',*,*,#1981,.F.);
#2667=EDGE_LOOP('',(#2663,#2664,#2665,#2666));
#2668=FACE_BOUND('',#2667,.T.);
#2669=ADVANCED_FACE('',(#2668),#2662,.F.);
#2670=CARTESIAN_POINT('',(-8.2775,-9.3287,46.8337));
#2671=DIRECTION('',(1.,0.,0.));
#2672=DIRECTION('',(0.,0.,-1.));
#2673=AXIS2_PLACEMENT_3D('',#2670,#2671,#2672);
#2674=PLANE('',#2673);
#2675=ORIENTED_EDGE('',*,*,#1253,.T.);
#2676=CARTESIAN_POINT('',(-8.2775,-9.3287,31.8337));
#2677=DIRECTION('',(0.,1.,0.));
#2678=VECTOR('',#2677,3.);
#2679=LINE('',#2676,#2678);
#2680=EDGE_CURVE('',#743,#1239,#2679,.T.);
#2681=ORIENTED_EDGE('',*,*,#2680,.F.);
#2682=ORIENTED_EDGE('',*,*,#748,.F.);
#2683=CARTESIAN_POINT('',(-8.2775,-9.3287,61.8337));
#2684=DIRECTION('',(0.,1.,0.));
#2685=VECTOR('',#2684,3.);
#2686=LINE('',#2683,#2685);
#2687=EDGE_CURVE('',#734,#1248,#2686,.T.);
#2688=ORIENTED_EDGE('',*,*,#2687,.T.);
#2689=EDGE_LOOP('',(#2675,#2681,#2682,#2688));
#2690=FACE_BOUND('',#2689,.T.);
#2691=ADVANCED_FACE('',(#2690),#2674,.F.);
#2692=CARTESIAN_POINT('',(-5.2775,-9.3287,61.8337));
#2693=DIRECTION('',(0.,1.,0.));
#2694=DIRECTION('',(-1.,0.,0.));
#2695=AXIS2_PLACEMENT_3D('',#2692,#2693,#2694);
#2696=CYLINDRICAL_SURFACE('',#2695,3.);
#2697=ORIENTED_EDGE('',*,*,#1262,.F.);
#2698=ORIENTED_EDGE('',*,*,#2687,.F.);
#2699=ORIENTED_EDGE('',*,*,#740,.T.);
#2700=ORIENTED_EDGE('',*,*,#1956,.T.);
#2701=EDGE_LOOP('',(#2697,#2698,#2699,#2700));
#2702=FACE_BOUND('',#2701,.T.);
#2703=ADVANCED_FACE('',(#2702),#2696,.T.);
#2704=CARTESIAN_POINT('',(-5.2775,-9.3287,31.8337));
#2705=DIRECTION('',(0.,1.,0.));
#2706=DIRECTION('',(-1.,0.,0.));
#2707=AXIS2_PLACEMENT_3D('',#2704,#2705,#2706);
#2708=CYLINDRICAL_SURFACE('',#2707,3.);
#2709=ORIENTED_EDGE('',*,*,#1245,.F.);
#2710=ORIENTED_EDGE('',*,*,#1940,.F.);
#2711=ORIENTED_EDGE('',*,*,#757,.T.);
#2712=ORIENTED_EDGE('',*,*,#2680,.T.);
#2713=EDGE_LOOP('',(#2709,#2710,#2711,#2712));
#2714=FACE_BOUND('',#2713,.T.);
#2715=ADVANCED_FACE('',(#2714),#2708,.T.);
#2716=CARTESIAN_POINT('',(-5.2775,70.086325,-3.));
#2717=DIRECTION('',(-1.,0.,0.));
#2718=DIRECTION('',(0.,-1.,0.));
#2719=AXIS2_PLACEMENT_3D('',#2716,#2717,#2718);
#2720=PLANE('',#2719);
#2721=ORIENTED_EDGE('',*,*,#2037,.F.);
#2722=ORIENTED_EDGE('',*,*,#382,.F.);
#2723=ORIENTED_EDGE('',*,*,#2069,.T.);
#2724=ORIENTED_EDGE('',*,*,#606,.T.);
#2725=EDGE_LOOP('',(#2721,#2722,#2723,#2724));
#2726=FACE_BOUND('',#2725,.T.);
#2727=ADVANCED_FACE('',(#2726),#2720,.F.);
#2728=CARTESIAN_POINT('',(-5.2775,54.61465,-3.));
#2729=DIRECTION('',(0.,0.,1.));
#2730=DIRECTION('',(1.,0.,-0.));
#2731=AXIS2_PLACEMENT_3D('',#2728,#2729,#2730);
#2732=CYLINDRICAL_SURFACE('',#2731,3.);
#2733=ORIENTED_EDGE('',*,*,#456,.F.);
#2734=ORIENTED_EDGE('',*,*,#1915,.F.);
#2735=ORIENTED_EDGE('',*,*,#282,.T.);
#2736=CARTESIAN_POINT('',(-8.2775,54.61465,-3.));
#2737=DIRECTION('',(0.,0.,1.));
#2738=VECTOR('',#2737,3.);
#2739=LINE('',#2736,#2738);
#2740=EDGE_CURVE('',#268,#450,#2739,.T.);
#2741=ORIENTED_EDGE('',*,*,#2740,.T.);
#2742=EDGE_LOOP('',(#2733,#2734,#2735,#2741));
#2743=FACE_BOUND('',#2742,.T.);
#2744=ADVANCED_FACE('',(#2743),#2732,.T.);
#2745=CARTESIAN_POINT('',(-8.2775,39.61465,-3.));
#2746=DIRECTION('',(-1.,0.,0.));
#2747=DIRECTION('',(0.,0.,1.));
#2748=AXIS2_PLACEMENT_3D('',#2745,#2746,#2747);
#2749=PLANE('',#2748);
#2750=ORIENTED_EDGE('',*,*,#464,.F.);
#2751=ORIENTED_EDGE('',*,*,#2740,.F.);
#2752=ORIENTED_EDGE('',*,*,#273,.T.);
#2753=CARTESIAN_POINT('',(-8.2775,24.61465,-3.));
#2754=DIRECTION('',(0.,0.,1.));
#2755=VECTOR('',#2754,3.);
#2756=LINE('',#2753,#2755);
#2757=EDGE_CURVE('',#259,#459,#2756,.T.);
#2758=ORIENTED_EDGE('',*,*,#2757,.T.);
#2759=EDGE_LOOP('',(#2750,#2751,#2752,#2758));
#2760=FACE_BOUND('',#2759,.T.);
#2761=ADVANCED_FACE('',(#2760),#2749,.T.);
#2762=CARTESIAN_POINT('',(-5.2775,24.61465,-3.));
#2763=DIRECTION('',(0.,0.,1.));
#2764=DIRECTION('',(1.,0.,-0.));
#2765=AXIS2_PLACEMENT_3D('',#2762,#2763,#2764);
#2766=CYLINDRICAL_SURFACE('',#2765,3.);
#2767=ORIENTED_EDGE('',*,*,#473,.F.);
#2768=ORIENTED_EDGE('',*,*,#2757,.F.);
#2769=ORIENTED_EDGE('',*,*,#265,.T.);
#2770=ORIENTED_EDGE('',*,*,#1931,.T.);
#2771=EDGE_LOOP('',(#2767,#2768,#2769,#2770));
#2772=FACE_BOUND('',#2771,.T.);
#2773=ADVANCED_FACE('',(#2772),#2766,.T.);
#2774=CARTESIAN_POINT('',(177.9975,-9.3287,63.3337));
#2775=DIRECTION('',(-1.,0.,0.));
#2776=DIRECTION('',(0.,0.,1.));
#2777=AXIS2_PLACEMENT_3D('',#2774,#2775,#2776);
#2778=PLANE('',#2777);
#2779=ORIENTED_EDGE('',*,*,#1722,.F.);
#2780=ORIENTED_EDGE('',*,*,#689,.T.);
#2781=ORIENTED_EDGE('',*,*,#1693,.T.);
#2782=ORIENTED_EDGE('',*,*,#1176,.F.);
#2783=EDGE_LOOP('',(#2779,#2780,#2781,#2782));
#2784=FACE_BOUND('',#2783,.T.);
#2785=ADVANCED_FACE('',(#2784),#2778,.T.);
#2786=CARTESIAN_POINT('',(177.9975,-9.3287,61.8337));
#2787=DIRECTION('',(0.,1.,0.));
#2788=DIRECTION('',(-1.,0.,0.));
#2789=AXIS2_PLACEMENT_3D('',#2786,#2787,#2788);
#2790=CYLINDRICAL_SURFACE('',#2789,3.);
#2791=ORIENTED_EDGE('',*,*,#1211,.F.);
#2792=ORIENTED_EDGE('',*,*,#1659,.F.);
#2793=ORIENTED_EDGE('',*,*,#798,.T.);
#2794=CARTESIAN_POINT('',(180.9975,-9.3287,61.8337));
#2795=DIRECTION('',(0.,1.,0.));
#2796=VECTOR('',#2795,3.);
#2797=LINE('',#2794,#2796);
#2798=EDGE_CURVE('',#784,#1205,#2797,.T.);
#2799=ORIENTED_EDGE('',*,*,#2798,.T.);
#2800=EDGE_LOOP('',(#2791,#2792,#2793,#2799));
#2801=FACE_BOUND('',#2800,.T.);
#2802=ADVANCED_FACE('',(#2801),#2790,.T.);
#2803=CARTESIAN_POINT('',(180.9975,-9.3287,46.8337));
#2804=DIRECTION('',(1.,0.,0.));
#2805=DIRECTION('',(0.,1.,0.));
#2806=AXIS2_PLACEMENT_3D('',#2803,#2804,#2805);
#2807=PLANE('',#2806);
#2808=ORIENTED_EDGE('',*,*,#1219,.F.);
#2809=ORIENTED_EDGE('',*,*,#2798,.F.);
#2810=ORIENTED_EDGE('',*,*,#789,.T.);
#2811=CARTESIAN_POINT('',(180.9975,-9.3287,31.8337));
#2812=DIRECTION('',(0.,1.,0.));
#2813=VECTOR('',#2812,3.);
#2814=LINE('',#2811,#2813);
#2815=EDGE_CURVE('',#775,#1214,#2814,.T.);
#2816=ORIENTED_EDGE('',*,*,#2815,.T.);
#2817=EDGE_LOOP('',(#2808,#2809,#2810,#2816));
#2818=FACE_BOUND('',#2817,.T.);
#2819=ADVANCED_FACE('',(#2818),#2807,.T.);
#2820=CARTESIAN_POINT('',(177.9975,-9.3287,31.8337));
#2821=DIRECTION('',(0.,1.,0.));
#2822=DIRECTION('',(-1.,0.,0.));
#2823=AXIS2_PLACEMENT_3D('',#2820,#2821,#2822);
#2824=CYLINDRICAL_SURFACE('',#2823,3.);
#2825=ORIENTED_EDGE('',*,*,#1226,.F.);
#2826=ORIENTED_EDGE('',*,*,#2815,.F.);
#2827=ORIENTED_EDGE('',*,*,#781,.T.);
#2828=ORIENTED_EDGE('',*,*,#639,.T.);
#2829=EDGE_LOOP('',(#2825,#2826,#2827,#2828));
#2830=FACE_BOUND('',#2829,.T.);
#2831=ADVANCED_FACE('',(#2830),#2824,.T.);
#2832=CLOSED_SHELL('',(#94,#136,#178,#200,#408,#616,#658,#675,#1154,#1626,#1648,#1665,#1682,#1704,#1726,#1738,#1755,#1772,#1784,#1802,#1819,#1836,#1853,#1870,#1887,#1904,
#1921,#1946,#1963,#1985,#2002,#2019,#2041,#2058,#2075,#2097,#2114,#2131,#2143,#2165,#2182,#2199,#2211,#2233,#2250,#2267,#2279,#2301,#2318,#2335,#2347,
#2366,#2385,#2407,#2424,#2441,#2453,#2475,#2492,#2509,#2521,#2543,#2560,#2577,#2589,#2611,#2628,#2645,#2657,#2669,#2691,#2703,#2715,#2727,#2744,#2761,
#2773,#2785,#2802,#2819,#2831));
#2833=MANIFOLD_SOLID_BREP('Body 11',#2832);
#2834=COLOUR_RGB('',0.478431374,0.478431374,0.478431374);
#2835=FILL_AREA_STYLE_COLOUR('',#2834);
#2836=FILL_AREA_STYLE('',(#2835));
#2837=SURFACE_STYLE_FILL_AREA(#2836);
#2838=SURFACE_SIDE_STYLE('',(#2837));
#2839=SURFACE_STYLE_USAGE(.BOTH.,#2838);
#2840=PRESENTATION_STYLE_ASSIGNMENT((#2839));
#54=STYLED_ITEM('',(#2840),#2833);
#35=SHAPE_REPRESENTATION('BackPlane_Support.step',(#15),#33);
#36=ADVANCED_BREP_SHAPE_REPRESENTATION('BackPlane_Support.step',(#2833),#33);
#2848=SHAPE_REPRESENTATION_RELATIONSHIP('','',#35,#36);
#2849=CARTESIAN_POINT('',(0.,0.,0.));
#2850=DIRECTION('',(0.,0.,1.));
#2851=DIRECTION('',(1.,0.,0.));
#2852=AXIS2_PLACEMENT_3D('',#2849,#2850,#2851);
#2854=MAPPED_ITEM('',#2853,#2852);
#2853=REPRESENTATION_MAP(#2852,#35);
#2855=APPLICATION_CONTEXT('Managed model based 3d engineering');
#2856=APPLICATION_PROTOCOL_DEFINITION('international standard','ap242_managed_model_based_3d_engineering',2014,#2855);
#2857=PRODUCT_CONTEXT('',#2855,'mechanical');
#2858=PRODUCT_DEFINITION_CONTEXT('part definition',#2855,'design');
#43=PRODUCT('BackPlane_Support.step','BackPlane_Support.step','',(#2857));
#2859=PRODUCT_RELATED_PRODUCT_CATEGORY('part','',(#43));
#2860=PRODUCT_DEFINITION_FORMATION_WITH_SPECIFIED_SOURCE('','',#43,.NOT_KNOWN.);
#44=PRODUCT_DEFINITION('design','',#2860,#2858);
#42=PRODUCT_DEFINITION_SHAPE('','',#44);
#2861=SHAPE_DEFINITION_REPRESENTATION(#42,#35);
#34=DRAUGHTING_MODEL('',(#2854),#33);
#16=SHAPE_REPRESENTATION('root',(#15,#48),#10);
#2862=CARTESIAN_POINT('',(0.,0.,0.));
#2863=DIRECTION('',(0.,0.,1.));
#2864=DIRECTION('',(1.,0.,0.));
#2865=AXIS2_PLACEMENT_3D('',#2862,#2863,#2864);
#2867=MAPPED_ITEM('',#2866,#2865);
#2866=REPRESENTATION_MAP(#2865,#16);
#24=PRODUCT('root','root','',(#2857));
#2868=PRODUCT_RELATED_PRODUCT_CATEGORY('part','',(#24));
#2869=PRODUCT_DEFINITION_FORMATION_WITH_SPECIFIED_SOURCE('','',#24,.NOT_KNOWN.);
#25=PRODUCT_DEFINITION('design','',#2869,#2858);
#23=PRODUCT_DEFINITION_SHAPE('','',#25);
#2870=SHAPE_DEFINITION_REPRESENTATION(#23,#16);
#11=DRAUGHTING_MODEL('',(#2867),#10);
#2871=DESCRIPTIVE_REPRESENTATION_ITEM('KEY','C:\\Users\\bilal\\AppData\\Local\\Packages\\Shapr3D.Shapr3D_j403pzjkqtqbj\\TempState\\754ca8af-b5e0-43e2-a68a-1b27239e73aa.tmp');
#2872=PROPERTY_DEFINITION('KEY','',#25);
#2873=REPRESENTATION('',(#2871),#10);
#2874=PROPERTY_DEFINITION_REPRESENTATION(#2872,#2873);
#2875=GENERAL_PROPERTY('','KEY','');
#2876=GENERAL_PROPERTY_ASSOCIATION('','',#2875,#2872);
#1=MECHANICAL_DESIGN_GEOMETRIC_PRESENTATION_REPRESENTATION('',(#54),#10);
ENDSEC;
END-ISO-10303-21;
