ISO-10303-21;
HEADER;

/* File generated by Shapr3D Version 5.791.8191.0 */

FILE_DESCRIPTION(('HOOPS Exchange Step'),'2;1');

FILE_NAME('C:\\Users\\bilal\\AppData\\Local\\Packages\\Shapr3D.Shapr3D_j403pzjkqtqbj\\TempState\\export\\temp_export',
'2025-02-19T18:28:16+01:00',
('bilal'),
('Shapr3D Limited'),
'HOOPS Exchange 2024.8',
'Shapr3D',
'Authorized');

FILE_SCHEMA( ('AP242_MANAGED_MODEL_BASED_3D_ENGINEERING_MIM_LF {1 0 10303 442 1 1 4}') );

ENDSEC;

DATA;
#3=(NAMED_UNIT(*)PLANE_ANGLE_UNIT()SI_UNIT($,.RADIAN.));
#4=PLANE_ANGLE_MEASURE_WITH_UNIT(PLANE_ANGLE_MEASURE(0.0174532925),#3);
#5=(CONVERSION_BASED_UNIT('DEGREE',#4)NAMED_UNIT(#6)PLANE_ANGLE_UNIT());
#6=DIMENSIONAL_EXPONENTS(0.,0.,0.,0.,0.,0.,0.);
#7=(NAMED_UNIT(*)SI_UNIT($,.STERADIAN.)SOLID_ANGLE_UNIT());
#8=(LENGTH_UNIT()NAMED_UNIT(*)SI_UNIT(.MILLI.,.METRE.));
#9=UNCERTAINTY_MEASURE_WITH_UNIT(LENGTH_MEASURE(1.000000E-03),#8,'DISTANCE_ACCURACY_VALUE','Maximum Tolerance applied to model');
#10=(GEOMETRIC_REPRESENTATION_CONTEXT(3)GLOBAL_UNCERTAINTY_ASSIGNED_CONTEXT((#9))GLOBAL_UNIT_ASSIGNED_CONTEXT((#8,#5,#7))REPRESENTATION_CONTEXT('','root'));
#12=CARTESIAN_POINT('',(0.,0.,0.));
#13=DIRECTION('',(0.,0.,1.));
#14=DIRECTION('',(1.,0.,0.));
#15=AXIS2_PLACEMENT_3D('',#12,#13,#14);
#26=(NAMED_UNIT(*)PLANE_ANGLE_UNIT()SI_UNIT($,.RADIAN.));
#27=PLANE_ANGLE_MEASURE_WITH_UNIT(PLANE_ANGLE_MEASURE(0.0174532925),#26);
#28=(CONVERSION_BASED_UNIT('DEGREE',#27)NAMED_UNIT(#29)PLANE_ANGLE_UNIT());
#29=DIMENSIONAL_EXPONENTS(0.,0.,0.,0.,0.,0.,0.);
#30=(NAMED_UNIT(*)SI_UNIT($,.STERADIAN.)SOLID_ANGLE_UNIT());
#31=(LENGTH_UNIT()NAMED_UNIT(*)SI_UNIT(.MILLI.,.METRE.));
#32=UNCERTAINTY_MEASURE_WITH_UNIT(LENGTH_MEASURE(1.000000E-03),#31,'DISTANCE_ACCURACY_VALUE','Maximum Tolerance applied to model');
#33=(GEOMETRIC_REPRESENTATION_CONTEXT(3)GLOBAL_UNCERTAINTY_ASSIGNED_CONTEXT((#32))GLOBAL_UNIT_ASSIGNED_CONTEXT((#31,#28,#30))REPRESENTATION_CONTEXT('','Imported'));
#45=CARTESIAN_POINT('',(0.,0.,0.));
#46=DIRECTION('',(0.,0.,1.));
#47=DIRECTION('',(1.,0.,-0.));
#48=AXIS2_PLACEMENT_3D('',#45,#46,#47);
#49=ITEM_DEFINED_TRANSFORMATION('','',#48,#15);
#50=(REPRESENTATION_RELATIONSHIP('','',#35,#16)REPRESENTATION_RELATIONSHIP_WITH_TRANSFORMATION(#49)SHAPE_REPRESENTATION_RELATIONSHIP());
#51=NEXT_ASSEMBLY_USAGE_OCCURRENCE('Imported_1','Imported','Imported',#25,#44,$);
#52=PRODUCT_DEFINITION_SHAPE('','',#51);
#53=CONTEXT_DEPENDENT_SHAPE_REPRESENTATION(#50,#52);
#35=SHAPE_REPRESENTATION('Imported',(#15),#33);
#54=CARTESIAN_POINT('',(0.,0.,0.));
#55=DIRECTION('',(0.,0.,1.));
#56=DIRECTION('',(1.,0.,0.));
#57=AXIS2_PLACEMENT_3D('',#54,#55,#56);
#59=MAPPED_ITEM('',#58,#57);
#58=REPRESENTATION_MAP(#57,#35);
#60=APPLICATION_CONTEXT('Managed model based 3d engineering');
#61=APPLICATION_PROTOCOL_DEFINITION('international standard','ap242_managed_model_based_3d_engineering',2014,#60);
#62=PRODUCT_CONTEXT('',#60,'mechanical');
#63=PRODUCT_DEFINITION_CONTEXT('part definition',#60,'design');
#43=PRODUCT('Imported','Imported','',(#62));
#64=PRODUCT_RELATED_PRODUCT_CATEGORY('part','',(#43));
#65=PRODUCT_DEFINITION_FORMATION_WITH_SPECIFIED_SOURCE('','',#43,.NOT_KNOWN.);
#44=PRODUCT_DEFINITION('design','',#65,#63);
#42=PRODUCT_DEFINITION_SHAPE('','',#44);
#66=SHAPE_DEFINITION_REPRESENTATION(#42,#35);
#34=DRAUGHTING_MODEL('',(#59),#33);
#67=(NAMED_UNIT(*)PLANE_ANGLE_UNIT()SI_UNIT($,.RADIAN.));
#68=PLANE_ANGLE_MEASURE_WITH_UNIT(PLANE_ANGLE_MEASURE(0.0174532925),#67);
#69=(CONVERSION_BASED_UNIT('DEGREE',#68)NAMED_UNIT(#70)PLANE_ANGLE_UNIT());
#70=DIMENSIONAL_EXPONENTS(0.,0.,0.,0.,0.,0.,0.);
#71=(NAMED_UNIT(*)SI_UNIT($,.STERADIAN.)SOLID_ANGLE_UNIT());
#72=(LENGTH_UNIT()NAMED_UNIT(*)SI_UNIT(.MILLI.,.METRE.));
#73=UNCERTAINTY_MEASURE_WITH_UNIT(LENGTH_MEASURE(1.000000E-03),#72,'DISTANCE_ACCURACY_VALUE','Maximum Tolerance applied to model');
#74=(GEOMETRIC_REPRESENTATION_CONTEXT(3)GLOBAL_UNCERTAINTY_ASSIGNED_CONTEXT((#73))GLOBAL_UNIT_ASSIGNED_CONTEXT((#72,#69,#71))REPRESENTATION_CONTEXT('','Imported'));
#86=CARTESIAN_POINT('',(0.,0.,0.));
#87=DIRECTION('',(0.,0.,1.));
#88=DIRECTION('',(1.,0.,-0.));
#89=AXIS2_PLACEMENT_3D('',#86,#87,#88);
#90=ITEM_DEFINED_TRANSFORMATION('','',#89,#15);
#91=(REPRESENTATION_RELATIONSHIP('','',#76,#16)REPRESENTATION_RELATIONSHIP_WITH_TRANSFORMATION(#90)SHAPE_REPRESENTATION_RELATIONSHIP());
#92=NEXT_ASSEMBLY_USAGE_OCCURRENCE('Imported_2','Imported','Imported',#25,#85,$);
#93=PRODUCT_DEFINITION_SHAPE('','',#92);
#94=CONTEXT_DEPENDENT_SHAPE_REPRESENTATION(#91,#93);
#76=SHAPE_REPRESENTATION('Imported',(#15),#74);
#95=CARTESIAN_POINT('',(0.,0.,0.));
#96=DIRECTION('',(0.,0.,1.));
#97=DIRECTION('',(1.,0.,0.));
#98=AXIS2_PLACEMENT_3D('',#95,#96,#97);
#100=MAPPED_ITEM('',#99,#98);
#99=REPRESENTATION_MAP(#98,#76);
#84=PRODUCT('Imported','Imported','',(#62));
#101=PRODUCT_RELATED_PRODUCT_CATEGORY('part','',(#84));
#102=PRODUCT_DEFINITION_FORMATION_WITH_SPECIFIED_SOURCE('','',#84,.NOT_KNOWN.);
#85=PRODUCT_DEFINITION('design','',#102,#63);
#83=PRODUCT_DEFINITION_SHAPE('','',#85);
#103=SHAPE_DEFINITION_REPRESENTATION(#83,#76);
#75=DRAUGHTING_MODEL('',(#100),#74);
#104=(NAMED_UNIT(*)PLANE_ANGLE_UNIT()SI_UNIT($,.RADIAN.));
#105=PLANE_ANGLE_MEASURE_WITH_UNIT(PLANE_ANGLE_MEASURE(0.0174532925),#104);
#106=(CONVERSION_BASED_UNIT('DEGREE',#105)NAMED_UNIT(#107)PLANE_ANGLE_UNIT());
#107=DIMENSIONAL_EXPONENTS(0.,0.,0.,0.,0.,0.,0.);
#108=(NAMED_UNIT(*)SI_UNIT($,.STERADIAN.)SOLID_ANGLE_UNIT());
#109=(LENGTH_UNIT()NAMED_UNIT(*)SI_UNIT(.MILLI.,.METRE.));
#110=UNCERTAINTY_MEASURE_WITH_UNIT(LENGTH_MEASURE(1.000000E-03),#109,'DISTANCE_ACCURACY_VALUE','Maximum Tolerance applied to model');
#111=(GEOMETRIC_REPRESENTATION_CONTEXT(3)GLOBAL_UNCERTAINTY_ASSIGNED_CONTEXT((#110))GLOBAL_UNIT_ASSIGNED_CONTEXT((#109,#106,#108))REPRESENTATION_CONTEXT('','Imported'));
#123=CARTESIAN_POINT('',(0.,0.,0.));
#124=DIRECTION('',(0.,0.,1.));
#125=DIRECTION('',(1.,0.,-0.));
#126=AXIS2_PLACEMENT_3D('',#123,#124,#125);
#127=ITEM_DEFINED_TRANSFORMATION('','',#126,#15);
#128=(REPRESENTATION_RELATIONSHIP('','',#113,#16)REPRESENTATION_RELATIONSHIP_WITH_TRANSFORMATION(#127)SHAPE_REPRESENTATION_RELATIONSHIP());
#129=NEXT_ASSEMBLY_USAGE_OCCURRENCE('Imported_3','Imported','Imported',#25,#122,$);
#130=PRODUCT_DEFINITION_SHAPE('','',#129);
#131=CONTEXT_DEPENDENT_SHAPE_REPRESENTATION(#128,#130);
#113=SHAPE_REPRESENTATION('Imported',(#15),#111);
#132=CARTESIAN_POINT('',(0.,0.,0.));
#133=DIRECTION('',(0.,0.,1.));
#134=DIRECTION('',(1.,0.,0.));
#135=AXIS2_PLACEMENT_3D('',#132,#133,#134);
#137=MAPPED_ITEM('',#136,#135);
#136=REPRESENTATION_MAP(#135,#113);
#121=PRODUCT('Imported','Imported','',(#62));
#138=PRODUCT_RELATED_PRODUCT_CATEGORY('part','',(#121));
#139=PRODUCT_DEFINITION_FORMATION_WITH_SPECIFIED_SOURCE('','',#121,.NOT_KNOWN.);
#122=PRODUCT_DEFINITION('design','',#139,#63);
#120=PRODUCT_DEFINITION_SHAPE('','',#122);
#140=SHAPE_DEFINITION_REPRESENTATION(#120,#113);
#112=DRAUGHTING_MODEL('',(#137),#111);
#141=(NAMED_UNIT(*)PLANE_ANGLE_UNIT()SI_UNIT($,.RADIAN.));
#142=PLANE_ANGLE_MEASURE_WITH_UNIT(PLANE_ANGLE_MEASURE(0.0174532925),#141);
#143=(CONVERSION_BASED_UNIT('DEGREE',#142)NAMED_UNIT(#144)PLANE_ANGLE_UNIT());
#144=DIMENSIONAL_EXPONENTS(0.,0.,0.,0.,0.,0.,0.);
#145=(NAMED_UNIT(*)SI_UNIT($,.STERADIAN.)SOLID_ANGLE_UNIT());
#146=(LENGTH_UNIT()NAMED_UNIT(*)SI_UNIT(.MILLI.,.METRE.));
#147=UNCERTAINTY_MEASURE_WITH_UNIT(LENGTH_MEASURE(1.000000E-03),#146,'DISTANCE_ACCURACY_VALUE','Maximum Tolerance applied to model');
#148=(GEOMETRIC_REPRESENTATION_CONTEXT(3)GLOBAL_UNCERTAINTY_ASSIGNED_CONTEXT((#147))GLOBAL_UNIT_ASSIGNED_CONTEXT((#146,#143,#145))REPRESENTATION_CONTEXT('','Imported'));
#160=CARTESIAN_POINT('',(0.,0.,0.));
#161=DIRECTION('',(0.,0.,1.));
#162=DIRECTION('',(1.,0.,-0.));
#163=AXIS2_PLACEMENT_3D('',#160,#161,#162);
#164=ITEM_DEFINED_TRANSFORMATION('','',#163,#15);
#165=(REPRESENTATION_RELATIONSHIP('','',#150,#16)REPRESENTATION_RELATIONSHIP_WITH_TRANSFORMATION(#164)SHAPE_REPRESENTATION_RELATIONSHIP());
#166=NEXT_ASSEMBLY_USAGE_OCCURRENCE('Imported_4','Imported','Imported',#25,#159,$);
#167=PRODUCT_DEFINITION_SHAPE('','',#166);
#168=CONTEXT_DEPENDENT_SHAPE_REPRESENTATION(#165,#167);
#150=SHAPE_REPRESENTATION('Imported',(#15),#148);
#169=CARTESIAN_POINT('',(0.,0.,0.));
#170=DIRECTION('',(0.,0.,1.));
#171=DIRECTION('',(1.,0.,0.));
#172=AXIS2_PLACEMENT_3D('',#169,#170,#171);
#174=MAPPED_ITEM('',#173,#172);
#173=REPRESENTATION_MAP(#172,#150);
#158=PRODUCT('Imported','Imported','',(#62));
#175=PRODUCT_RELATED_PRODUCT_CATEGORY('part','',(#158));
#176=PRODUCT_DEFINITION_FORMATION_WITH_SPECIFIED_SOURCE('','',#158,.NOT_KNOWN.);
#159=PRODUCT_DEFINITION('design','',#176,#63);
#157=PRODUCT_DEFINITION_SHAPE('','',#159);
#177=SHAPE_DEFINITION_REPRESENTATION(#157,#150);
#149=DRAUGHTING_MODEL('',(#174),#148);
#178=(NAMED_UNIT(*)PLANE_ANGLE_UNIT()SI_UNIT($,.RADIAN.));
#179=PLANE_ANGLE_MEASURE_WITH_UNIT(PLANE_ANGLE_MEASURE(0.0174532925),#178);
#180=(CONVERSION_BASED_UNIT('DEGREE',#179)NAMED_UNIT(#181)PLANE_ANGLE_UNIT());
#181=DIMENSIONAL_EXPONENTS(0.,0.,0.,0.,0.,0.,0.);
#182=(NAMED_UNIT(*)SI_UNIT($,.STERADIAN.)SOLID_ANGLE_UNIT());
#183=(LENGTH_UNIT()NAMED_UNIT(*)SI_UNIT(.MILLI.,.METRE.));
#184=UNCERTAINTY_MEASURE_WITH_UNIT(LENGTH_MEASURE(1.000000E-05),#183,'DISTANCE_ACCURACY_VALUE','Maximum Tolerance applied to model');
#185=(GEOMETRIC_REPRESENTATION_CONTEXT(3)GLOBAL_UNCERTAINTY_ASSIGNED_CONTEXT((#184))GLOBAL_UNIT_ASSIGNED_CONTEXT((#183,#180,#182))REPRESENTATION_CONTEXT('','[WOJ-CUENC-006-RevAB] Control Unit Enclosure Interface Card Support 3D Print Mid.SLDPRT'));
#197=CARTESIAN_POINT('',(0.,0.,0.));
#198=DIRECTION('',(0.,0.,1.));
#199=DIRECTION('',(1.,0.,-0.));
#200=AXIS2_PLACEMENT_3D('',#197,#198,#199);
#201=ITEM_DEFINED_TRANSFORMATION('','',#200,#15);
#202=(REPRESENTATION_RELATIONSHIP('','',#187,#16)REPRESENTATION_RELATIONSHIP_WITH_TRANSFORMATION(#201)SHAPE_REPRESENTATION_RELATIONSHIP());
#203=NEXT_ASSEMBLY_USAGE_OCCURRENCE('[WOJ-CUENC-006-RevAB] Control Unit Enclosure Interface Card Support 3D Print Mid.SLDPRT_5','[WOJ-CUENC-006-RevAB] Control Unit Enclosure Interface Card Support 3D Print Mid.SLDPRT','[WOJ-CUENC-006-RevAB] Control Unit Enclosure Interface Card Support 3D Print Mid.SLDPRT',#25,#196,$);
#204=PRODUCT_DEFINITION_SHAPE('','',#203);
#205=CONTEXT_DEPENDENT_SHAPE_REPRESENTATION(#202,#204);
#207=CARTESIAN_POINT('',(70.,0.,-4.7625));
#208=DIRECTION('',(-0.,0.,-1.));
#209=DIRECTION('',(-1.,0.,0.));
#210=AXIS2_PLACEMENT_3D('',#207,#208,#209);
#211=PLANE('',#210);
#212=CARTESIAN_POINT('',(62.5025,3.175,-4.7625));
#213=VERTEX_POINT('',#212);
#214=CARTESIAN_POINT('',(62.5025,0.,-4.7625));
#215=VERTEX_POINT('',#214);
#216=CARTESIAN_POINT('',(62.5025,3.175,-4.7625));
#217=DIRECTION('',(0.,-1.,0.));
#218=VECTOR('',#217,3.175);
#219=LINE('',#216,#218);
#220=EDGE_CURVE('',#213,#215,#219,.T.);
#221=ORIENTED_EDGE('',*,*,#220,.F.);
#222=CARTESIAN_POINT('',(50.,3.175,-4.7625));
#223=VERTEX_POINT('',#222);
#224=CARTESIAN_POINT('',(62.5025,3.175,-4.7625));
#225=DIRECTION('',(-1.,0.,0.));
#226=VECTOR('',#225,12.5025);
#227=LINE('',#224,#226);
#228=EDGE_CURVE('',#213,#223,#227,.T.);
#229=ORIENTED_EDGE('',*,*,#228,.T.);
#230=CARTESIAN_POINT('',(50.,0.,-4.7625));
#231=VERTEX_POINT('',#230);
#232=CARTESIAN_POINT('',(50.,0.,-4.7625));
#233=DIRECTION('',(0.,1.,0.));
#234=VECTOR('',#233,3.175);
#235=LINE('',#232,#234);
#236=EDGE_CURVE('',#231,#223,#235,.T.);
#237=ORIENTED_EDGE('',*,*,#236,.F.);
#238=CARTESIAN_POINT('',(62.5025,0.,-4.7625));
#239=DIRECTION('',(-1.,0.,0.));
#240=VECTOR('',#239,12.5025);
#241=LINE('',#238,#240);
#242=EDGE_CURVE('',#215,#231,#241,.T.);
#243=ORIENTED_EDGE('',*,*,#242,.F.);
#244=EDGE_LOOP('',(#221,#229,#237,#243));
#245=FACE_BOUND('',#244,.T.);
#246=ADVANCED_FACE('',(#245),#211,.F.);
#247=CARTESIAN_POINT('',(0.,0.,0.));
#248=DIRECTION('',(0.,-1.,0.));
#249=DIRECTION('',(0.,0.,-1.));
#250=AXIS2_PLACEMENT_3D('',#247,#248,#249);
#251=PLANE('',#250);
#252=CARTESIAN_POINT('',(56.5025,0.,-79.0846875));
#253=VERTEX_POINT('',#252);
#254=CARTESIAN_POINT('',(56.5025,0.,-83.0846875));
#255=VERTEX_POINT('',#254);
#256=CARTESIAN_POINT('',(56.5025,0.,-81.0846875));
#257=DIRECTION('',(0.,-1.,0.));
#258=DIRECTION('',(0.,0.,-1.));
#259=AXIS2_PLACEMENT_3D('',#256,#257,#258);
#260=CIRCLE('',#259,2.);
#261=EDGE_CURVE('',#253,#255,#260,.T.);
#262=ORIENTED_EDGE('',*,*,#261,.F.);
#263=CARTESIAN_POINT('',(56.5025,0.,-81.0846875));
#264=DIRECTION('',(0.,-1.,0.));
#265=DIRECTION('',(0.,0.,-1.));
#266=AXIS2_PLACEMENT_3D('',#263,#264,#265);
#267=CIRCLE('',#266,2.);
#268=EDGE_CURVE('',#255,#253,#267,.T.);
#269=ORIENTED_EDGE('',*,*,#268,.F.);
#270=EDGE_LOOP('',(#262,#269));
#271=FACE_BOUND('',#270,.T.);
#272=CARTESIAN_POINT('',(46.5025,0.,-79.0846875));
#273=VERTEX_POINT('',#272);
#274=CARTESIAN_POINT('',(46.5025,0.,-83.0846875));
#275=VERTEX_POINT('',#274);
#276=CARTESIAN_POINT('',(46.5025,0.,-81.0846875));
#277=DIRECTION('',(0.,-1.,0.));
#278=DIRECTION('',(0.,0.,-1.));
#279=AXIS2_PLACEMENT_3D('',#276,#277,#278);
#280=CIRCLE('',#279,2.);
#281=EDGE_CURVE('',#273,#275,#280,.T.);
#282=ORIENTED_EDGE('',*,*,#281,.F.);
#283=CARTESIAN_POINT('',(46.5025,0.,-81.0846875));
#284=DIRECTION('',(0.,-1.,0.));
#285=DIRECTION('',(0.,0.,-1.));
#286=AXIS2_PLACEMENT_3D('',#283,#284,#285);
#287=CIRCLE('',#286,2.);
#288=EDGE_CURVE('',#275,#273,#287,.T.);
#289=ORIENTED_EDGE('',*,*,#288,.F.);
#290=EDGE_LOOP('',(#282,#289));
#291=FACE_BOUND('',#290,.T.);
#292=CARTESIAN_POINT('',(36.5025,0.,-79.0846875));
#293=VERTEX_POINT('',#292);
#294=CARTESIAN_POINT('',(36.5025,0.,-83.0846875));
#295=VERTEX_POINT('',#294);
#296=CARTESIAN_POINT('',(36.5025,0.,-81.0846875));
#297=DIRECTION('',(0.,-1.,0.));
#298=DIRECTION('',(0.,0.,-1.));
#299=AXIS2_PLACEMENT_3D('',#296,#297,#298);
#300=CIRCLE('',#299,2.);
#301=EDGE_CURVE('',#293,#295,#300,.T.);
#302=ORIENTED_EDGE('',*,*,#301,.F.);
#303=CARTESIAN_POINT('',(36.5025,0.,-81.0846875));
#304=DIRECTION('',(0.,-1.,0.));
#305=DIRECTION('',(0.,0.,-1.));
#306=AXIS2_PLACEMENT_3D('',#303,#304,#305);
#307=CIRCLE('',#306,2.);
#308=EDGE_CURVE('',#295,#293,#307,.T.);
#309=ORIENTED_EDGE('',*,*,#308,.F.);
#310=EDGE_LOOP('',(#302,#309));
#311=FACE_BOUND('',#310,.T.);
#312=CARTESIAN_POINT('',(26.5025,0.,-79.0846875));
#313=VERTEX_POINT('',#312);
#314=CARTESIAN_POINT('',(26.5025,0.,-83.0846875));
#315=VERTEX_POINT('',#314);
#316=CARTESIAN_POINT('',(26.5025,0.,-81.0846875));
#317=DIRECTION('',(0.,-1.,0.));
#318=DIRECTION('',(0.,0.,-1.));
#319=AXIS2_PLACEMENT_3D('',#316,#317,#318);
#320=CIRCLE('',#319,2.);
#321=EDGE_CURVE('',#313,#315,#320,.T.);
#322=ORIENTED_EDGE('',*,*,#321,.F.);
#323=CARTESIAN_POINT('',(26.5025,0.,-81.0846875));
#324=DIRECTION('',(0.,-1.,0.));
#325=DIRECTION('',(0.,0.,-1.));
#326=AXIS2_PLACEMENT_3D('',#323,#324,#325);
#327=CIRCLE('',#326,2.);
#328=EDGE_CURVE('',#315,#313,#327,.T.);
#329=ORIENTED_EDGE('',*,*,#328,.F.);
#330=EDGE_LOOP('',(#322,#329));
#331=FACE_BOUND('',#330,.T.);
#332=CARTESIAN_POINT('',(16.5025,0.,-79.0846875));
#333=VERTEX_POINT('',#332);
#334=CARTESIAN_POINT('',(16.5025,0.,-83.0846875));
#335=VERTEX_POINT('',#334);
#336=CARTESIAN_POINT('',(16.5025,0.,-81.0846875));
#337=DIRECTION('',(0.,-1.,0.));
#338=DIRECTION('',(0.,0.,-1.));
#339=AXIS2_PLACEMENT_3D('',#336,#337,#338);
#340=CIRCLE('',#339,2.);
#341=EDGE_CURVE('',#333,#335,#340,.T.);
#342=ORIENTED_EDGE('',*,*,#341,.F.);
#343=CARTESIAN_POINT('',(16.5025,0.,-81.0846875));
#344=DIRECTION('',(0.,-1.,0.));
#345=DIRECTION('',(0.,0.,-1.));
#346=AXIS2_PLACEMENT_3D('',#343,#344,#345);
#347=CIRCLE('',#346,2.);
#348=EDGE_CURVE('',#335,#333,#347,.T.);
#349=ORIENTED_EDGE('',*,*,#348,.F.);
#350=EDGE_LOOP('',(#342,#349));
#351=FACE_BOUND('',#350,.T.);
#352=CARTESIAN_POINT('',(6.5025,0.,-79.0846875));
#353=VERTEX_POINT('',#352);
#354=CARTESIAN_POINT('',(6.5025,0.,-83.0846875));
#355=VERTEX_POINT('',#354);
#356=CARTESIAN_POINT('',(6.5025,0.,-81.0846875));
#357=DIRECTION('',(0.,-1.,0.));
#358=DIRECTION('',(0.,0.,-1.));
#359=AXIS2_PLACEMENT_3D('',#356,#357,#358);
#360=CIRCLE('',#359,2.);
#361=EDGE_CURVE('',#353,#355,#360,.T.);
#362=ORIENTED_EDGE('',*,*,#361,.F.);
#363=CARTESIAN_POINT('',(6.5025,0.,-81.0846875));
#364=DIRECTION('',(0.,-1.,0.));
#365=DIRECTION('',(0.,0.,-1.));
#366=AXIS2_PLACEMENT_3D('',#363,#364,#365);
#367=CIRCLE('',#366,2.);
#368=EDGE_CURVE('',#355,#353,#367,.T.);
#369=ORIENTED_EDGE('',*,*,#368,.F.);
#370=EDGE_LOOP('',(#362,#369));
#371=FACE_BOUND('',#370,.T.);
#372=CARTESIAN_POINT('',(2.,0.,-85.6475));
#373=VERTEX_POINT('',#372);
#374=CARTESIAN_POINT('',(62.5025,0.,-85.6475));
#375=VERTEX_POINT('',#374);
#376=CARTESIAN_POINT('',(2.,0.,-85.6475));
#377=DIRECTION('',(1.,0.,-0.));
#378=VECTOR('',#377,60.5025);
#379=LINE('',#376,#378);
#380=EDGE_CURVE('',#373,#375,#379,.T.);
#381=ORIENTED_EDGE('',*,*,#380,.T.);
#382=CARTESIAN_POINT('',(62.5025,0.,-76.521875));
#383=VERTEX_POINT('',#382);
#384=CARTESIAN_POINT('',(62.5025,0.,-85.6475));
#385=DIRECTION('',(0.,-0.,1.));
#386=VECTOR('',#385,9.125625);
#387=LINE('',#384,#386);
#388=EDGE_CURVE('',#375,#383,#387,.T.);
#389=ORIENTED_EDGE('',*,*,#388,.T.);
#390=CARTESIAN_POINT('',(2.,0.,-76.521875));
#391=VERTEX_POINT('',#390);
#392=CARTESIAN_POINT('',(2.,0.,-76.521875));
#393=DIRECTION('',(1.,0.,-0.));
#394=VECTOR('',#393,60.5025);
#395=LINE('',#392,#394);
#396=EDGE_CURVE('',#391,#383,#395,.T.);
#397=ORIENTED_EDGE('',*,*,#396,.F.);
#398=CARTESIAN_POINT('',(2.,0.,-85.6475));
#399=DIRECTION('',(0.,0.,1.));
#400=VECTOR('',#399,9.125625);
#401=LINE('',#398,#400);
#402=EDGE_CURVE('',#373,#391,#401,.T.);
#403=ORIENTED_EDGE('',*,*,#402,.F.);
#404=EDGE_LOOP('',(#381,#389,#397,#403));
#405=FACE_BOUND('',#404,.T.);
#406=ADVANCED_FACE('',(#271,#291,#311,#331,#351,#371,#405),#251,.T.);
#407=CARTESIAN_POINT('',(0.,0.,0.));
#408=DIRECTION('',(0.,-1.,0.));
#409=DIRECTION('',(0.,0.,-1.));
#410=AXIS2_PLACEMENT_3D('',#407,#408,#409);
#411=PLANE('',#410);
#412=CARTESIAN_POINT('',(6.5025,0.,-56.8846875));
#413=VERTEX_POINT('',#412);
#414=CARTESIAN_POINT('',(6.5025,0.,-60.8846875));
#415=VERTEX_POINT('',#414);
#416=CARTESIAN_POINT('',(6.5025,0.,-58.8846875));
#417=DIRECTION('',(0.,-1.,0.));
#418=DIRECTION('',(0.,0.,-1.));
#419=AXIS2_PLACEMENT_3D('',#416,#417,#418);
#420=CIRCLE('',#419,2.);
#421=EDGE_CURVE('',#413,#415,#420,.T.);
#422=ORIENTED_EDGE('',*,*,#421,.F.);
#423=CARTESIAN_POINT('',(6.5025,0.,-58.8846875));
#424=DIRECTION('',(0.,-1.,0.));
#425=DIRECTION('',(0.,0.,-1.));
#426=AXIS2_PLACEMENT_3D('',#423,#424,#425);
#427=CIRCLE('',#426,2.);
#428=EDGE_CURVE('',#415,#413,#427,.T.);
#429=ORIENTED_EDGE('',*,*,#428,.F.);
#430=EDGE_LOOP('',(#422,#429));
#431=FACE_BOUND('',#430,.T.);
#432=CARTESIAN_POINT('',(36.5025,0.,-56.8846875));
#433=VERTEX_POINT('',#432);
#434=CARTESIAN_POINT('',(36.5025,0.,-60.8846875));
#435=VERTEX_POINT('',#434);
#436=CARTESIAN_POINT('',(36.5025,0.,-58.8846875));
#437=DIRECTION('',(0.,-1.,0.));
#438=DIRECTION('',(0.,0.,-1.));
#439=AXIS2_PLACEMENT_3D('',#436,#437,#438);
#440=CIRCLE('',#439,2.);
#441=EDGE_CURVE('',#433,#435,#440,.T.);
#442=ORIENTED_EDGE('',*,*,#441,.F.);
#443=CARTESIAN_POINT('',(36.5025,0.,-58.8846875));
#444=DIRECTION('',(0.,-1.,0.));
#445=DIRECTION('',(0.,0.,-1.));
#446=AXIS2_PLACEMENT_3D('',#443,#444,#445);
#447=CIRCLE('',#446,2.);
#448=EDGE_CURVE('',#435,#433,#447,.T.);
#449=ORIENTED_EDGE('',*,*,#448,.F.);
#450=EDGE_LOOP('',(#442,#449));
#451=FACE_BOUND('',#450,.T.);
#452=CARTESIAN_POINT('',(46.5025,0.,-56.8846875));
#453=VERTEX_POINT('',#452);
#454=CARTESIAN_POINT('',(46.5025,0.,-60.8846875));
#455=VERTEX_POINT('',#454);
#456=CARTESIAN_POINT('',(46.5025,0.,-58.8846875));
#457=DIRECTION('',(0.,-1.,0.));
#458=DIRECTION('',(0.,0.,-1.));
#459=AXIS2_PLACEMENT_3D('',#456,#457,#458);
#460=CIRCLE('',#459,2.);
#461=EDGE_CURVE('',#453,#455,#460,.T.);
#462=ORIENTED_EDGE('',*,*,#461,.F.);
#463=CARTESIAN_POINT('',(46.5025,0.,-58.8846875));
#464=DIRECTION('',(0.,-1.,0.));
#465=DIRECTION('',(0.,0.,-1.));
#466=AXIS2_PLACEMENT_3D('',#463,#464,#465);
#467=CIRCLE('',#466,2.);
#468=EDGE_CURVE('',#455,#453,#467,.T.);
#469=ORIENTED_EDGE('',*,*,#468,.F.);
#470=EDGE_LOOP('',(#462,#469));
#471=FACE_BOUND('',#470,.T.);
#472=CARTESIAN_POINT('',(56.5025,0.,-56.8846875));
#473=VERTEX_POINT('',#472);
#474=CARTESIAN_POINT('',(56.5025,0.,-60.8846875));
#475=VERTEX_POINT('',#474);
#476=CARTESIAN_POINT('',(56.5025,0.,-58.8846875));
#477=DIRECTION('',(0.,-1.,0.));
#478=DIRECTION('',(0.,0.,-1.));
#479=AXIS2_PLACEMENT_3D('',#476,#477,#478);
#480=CIRCLE('',#479,2.);
#481=EDGE_CURVE('',#473,#475,#480,.T.);
#482=ORIENTED_EDGE('',*,*,#481,.F.);
#483=CARTESIAN_POINT('',(56.5025,0.,-58.8846875));
#484=DIRECTION('',(0.,-1.,0.));
#485=DIRECTION('',(0.,0.,-1.));
#486=AXIS2_PLACEMENT_3D('',#483,#484,#485);
#487=CIRCLE('',#486,2.);
#488=EDGE_CURVE('',#475,#473,#487,.T.);
#489=ORIENTED_EDGE('',*,*,#488,.F.);
#490=EDGE_LOOP('',(#482,#489));
#491=FACE_BOUND('',#490,.T.);
#492=CARTESIAN_POINT('',(26.5025,0.,-56.8846875));
#493=VERTEX_POINT('',#492);
#494=CARTESIAN_POINT('',(26.5025,0.,-60.8846875));
#495=VERTEX_POINT('',#494);
#496=CARTESIAN_POINT('',(26.5025,0.,-58.8846875));
#497=DIRECTION('',(0.,-1.,0.));
#498=DIRECTION('',(0.,0.,-1.));
#499=AXIS2_PLACEMENT_3D('',#496,#497,#498);
#500=CIRCLE('',#499,2.);
#501=EDGE_CURVE('',#493,#495,#500,.T.);
#502=ORIENTED_EDGE('',*,*,#501,.F.);
#503=CARTESIAN_POINT('',(26.5025,0.,-58.8846875));
#504=DIRECTION('',(0.,-1.,0.));
#505=DIRECTION('',(0.,0.,-1.));
#506=AXIS2_PLACEMENT_3D('',#503,#504,#505);
#507=CIRCLE('',#506,2.);
#508=EDGE_CURVE('',#495,#493,#507,.T.);
#509=ORIENTED_EDGE('',*,*,#508,.F.);
#510=EDGE_LOOP('',(#502,#509));
#511=FACE_BOUND('',#510,.T.);
#512=CARTESIAN_POINT('',(16.5025,0.,-56.8846875));
#513=VERTEX_POINT('',#512);
#514=CARTESIAN_POINT('',(16.5025,0.,-60.8846875));
#515=VERTEX_POINT('',#514);
#516=CARTESIAN_POINT('',(16.5025,0.,-58.8846875));
#517=DIRECTION('',(0.,-1.,0.));
#518=DIRECTION('',(0.,0.,-1.));
#519=AXIS2_PLACEMENT_3D('',#516,#517,#518);
#520=CIRCLE('',#519,2.);
#521=EDGE_CURVE('',#513,#515,#520,.T.);
#522=ORIENTED_EDGE('',*,*,#521,.F.);
#523=CARTESIAN_POINT('',(16.5025,0.,-58.8846875));
#524=DIRECTION('',(0.,-1.,0.));
#525=DIRECTION('',(0.,0.,-1.));
#526=AXIS2_PLACEMENT_3D('',#523,#524,#525);
#527=CIRCLE('',#526,2.);
#528=EDGE_CURVE('',#515,#513,#527,.T.);
#529=ORIENTED_EDGE('',*,*,#528,.F.);
#530=EDGE_LOOP('',(#522,#529));
#531=FACE_BOUND('',#530,.T.);
#532=CARTESIAN_POINT('',(2.,0.,-63.4275));
#533=VERTEX_POINT('',#532);
#534=CARTESIAN_POINT('',(62.5025,0.,-63.4275));
#535=VERTEX_POINT('',#534);
#536=CARTESIAN_POINT('',(2.,0.,-63.4275));
#537=DIRECTION('',(1.,0.,-0.));
#538=VECTOR('',#537,60.5025);
#539=LINE('',#536,#538);
#540=EDGE_CURVE('',#533,#535,#539,.T.);
#541=ORIENTED_EDGE('',*,*,#540,.T.);
#542=CARTESIAN_POINT('',(62.5025,0.,-54.301875));
#543=VERTEX_POINT('',#542);
#544=CARTESIAN_POINT('',(62.5025,-0.,-63.4275));
#545=DIRECTION('',(0.,0.,1.));
#546=VECTOR('',#545,9.125625);
#547=LINE('',#544,#546);
#548=EDGE_CURVE('',#535,#543,#547,.T.);
#549=ORIENTED_EDGE('',*,*,#548,.T.);
#550=CARTESIAN_POINT('',(2.,0.,-54.301875));
#551=VERTEX_POINT('',#550);
#552=CARTESIAN_POINT('',(2.,0.,-54.301875));
#553=DIRECTION('',(1.,0.,-0.));
#554=VECTOR('',#553,60.5025);
#555=LINE('',#552,#554);
#556=EDGE_CURVE('',#551,#543,#555,.T.);
#557=ORIENTED_EDGE('',*,*,#556,.F.);
#558=CARTESIAN_POINT('',(2.,0.,-63.4275));
#559=DIRECTION('',(0.,0.,1.));
#560=VECTOR('',#559,9.125625);
#561=LINE('',#558,#560);
#562=EDGE_CURVE('',#533,#551,#561,.T.);
#563=ORIENTED_EDGE('',*,*,#562,.F.);
#564=EDGE_LOOP('',(#541,#549,#557,#563));
#565=FACE_BOUND('',#564,.T.);
#566=ADVANCED_FACE('',(#431,#451,#471,#491,#511,#531,#565),#411,.T.);
#567=CARTESIAN_POINT('',(0.,0.,0.));
#568=DIRECTION('',(0.,-1.,0.));
#569=DIRECTION('',(0.,0.,-1.));
#570=AXIS2_PLACEMENT_3D('',#567,#568,#569);
#571=PLANE('',#570);
#572=CARTESIAN_POINT('',(16.5025,0.,-34.6846875));
#573=VERTEX_POINT('',#572);
#574=CARTESIAN_POINT('',(16.5025,0.,-38.6846875));
#575=VERTEX_POINT('',#574);
#576=CARTESIAN_POINT('',(16.5025,0.,-36.6846875));
#577=DIRECTION('',(0.,-1.,0.));
#578=DIRECTION('',(0.,0.,-1.));
#579=AXIS2_PLACEMENT_3D('',#576,#577,#578);
#580=CIRCLE('',#579,2.);
#581=EDGE_CURVE('',#573,#575,#580,.T.);
#582=ORIENTED_EDGE('',*,*,#581,.F.);
#583=CARTESIAN_POINT('',(16.5025,0.,-36.6846875));
#584=DIRECTION('',(0.,-1.,0.));
#585=DIRECTION('',(0.,0.,-1.));
#586=AXIS2_PLACEMENT_3D('',#583,#584,#585);
#587=CIRCLE('',#586,2.);
#588=EDGE_CURVE('',#575,#573,#587,.T.);
#589=ORIENTED_EDGE('',*,*,#588,.F.);
#590=EDGE_LOOP('',(#582,#589));
#591=FACE_BOUND('',#590,.T.);
#592=CARTESIAN_POINT('',(26.5025,0.,-34.6846875));
#593=VERTEX_POINT('',#592);
#594=CARTESIAN_POINT('',(26.5025,0.,-38.6846875));
#595=VERTEX_POINT('',#594);
#596=CARTESIAN_POINT('',(26.5025,0.,-36.6846875));
#597=DIRECTION('',(0.,-1.,0.));
#598=DIRECTION('',(0.,0.,-1.));
#599=AXIS2_PLACEMENT_3D('',#596,#597,#598);
#600=CIRCLE('',#599,2.);
#601=EDGE_CURVE('',#593,#595,#600,.T.);
#602=ORIENTED_EDGE('',*,*,#601,.F.);
#603=CARTESIAN_POINT('',(26.5025,0.,-36.6846875));
#604=DIRECTION('',(0.,-1.,0.));
#605=DIRECTION('',(0.,0.,-1.));
#606=AXIS2_PLACEMENT_3D('',#603,#604,#605);
#607=CIRCLE('',#606,2.);
#608=EDGE_CURVE('',#595,#593,#607,.T.);
#609=ORIENTED_EDGE('',*,*,#608,.F.);
#610=EDGE_LOOP('',(#602,#609));
#611=FACE_BOUND('',#610,.T.);
#612=CARTESIAN_POINT('',(36.5025,0.,-34.6846875));
#613=VERTEX_POINT('',#612);
#614=CARTESIAN_POINT('',(36.5025,0.,-38.6846875));
#615=VERTEX_POINT('',#614);
#616=CARTESIAN_POINT('',(36.5025,0.,-36.6846875));
#617=DIRECTION('',(0.,-1.,0.));
#618=DIRECTION('',(0.,0.,-1.));
#619=AXIS2_PLACEMENT_3D('',#616,#617,#618);
#620=CIRCLE('',#619,2.);
#621=EDGE_CURVE('',#613,#615,#620,.T.);
#622=ORIENTED_EDGE('',*,*,#621,.F.);
#623=CARTESIAN_POINT('',(36.5025,0.,-36.6846875));
#624=DIRECTION('',(0.,-1.,0.));
#625=DIRECTION('',(0.,0.,-1.));
#626=AXIS2_PLACEMENT_3D('',#623,#624,#625);
#627=CIRCLE('',#626,2.);
#628=EDGE_CURVE('',#615,#613,#627,.T.);
#629=ORIENTED_EDGE('',*,*,#628,.F.);
#630=EDGE_LOOP('',(#622,#629));
#631=FACE_BOUND('',#630,.T.);
#632=CARTESIAN_POINT('',(46.5025,0.,-34.6846875));
#633=VERTEX_POINT('',#632);
#634=CARTESIAN_POINT('',(46.5025,0.,-38.6846875));
#635=VERTEX_POINT('',#634);
#636=CARTESIAN_POINT('',(46.5025,0.,-36.6846875));
#637=DIRECTION('',(0.,-1.,0.));
#638=DIRECTION('',(0.,0.,-1.));
#639=AXIS2_PLACEMENT_3D('',#636,#637,#638);
#640=CIRCLE('',#639,2.);
#641=EDGE_CURVE('',#633,#635,#640,.T.);
#642=ORIENTED_EDGE('',*,*,#641,.F.);
#643=CARTESIAN_POINT('',(46.5025,0.,-36.6846875));
#644=DIRECTION('',(0.,-1.,0.));
#645=DIRECTION('',(0.,0.,-1.));
#646=AXIS2_PLACEMENT_3D('',#643,#644,#645);
#647=CIRCLE('',#646,2.);
#648=EDGE_CURVE('',#635,#633,#647,.T.);
#649=ORIENTED_EDGE('',*,*,#648,.F.);
#650=EDGE_LOOP('',(#642,#649));
#651=FACE_BOUND('',#650,.T.);
#652=CARTESIAN_POINT('',(56.5025,0.,-34.6846875));
#653=VERTEX_POINT('',#652);
#654=CARTESIAN_POINT('',(56.5025,0.,-38.6846875));
#655=VERTEX_POINT('',#654);
#656=CARTESIAN_POINT('',(56.5025,0.,-36.6846875));
#657=DIRECTION('',(0.,-1.,0.));
#658=DIRECTION('',(0.,0.,-1.));
#659=AXIS2_PLACEMENT_3D('',#656,#657,#658);
#660=CIRCLE('',#659,2.);
#661=EDGE_CURVE('',#653,#655,#660,.T.);
#662=ORIENTED_EDGE('',*,*,#661,.F.);
#663=CARTESIAN_POINT('',(56.5025,0.,-36.6846875));
#664=DIRECTION('',(0.,-1.,0.));
#665=DIRECTION('',(0.,0.,-1.));
#666=AXIS2_PLACEMENT_3D('',#663,#664,#665);
#667=CIRCLE('',#666,2.);
#668=EDGE_CURVE('',#655,#653,#667,.T.);
#669=ORIENTED_EDGE('',*,*,#668,.F.);
#670=EDGE_LOOP('',(#662,#669));
#671=FACE_BOUND('',#670,.T.);
#672=CARTESIAN_POINT('',(6.5025,0.,-34.6846875));
#673=VERTEX_POINT('',#672);
#674=CARTESIAN_POINT('',(6.5025,0.,-38.6846875));
#675=VERTEX_POINT('',#674);
#676=CARTESIAN_POINT('',(6.5025,0.,-36.6846875));
#677=DIRECTION('',(0.,-1.,0.));
#678=DIRECTION('',(0.,0.,-1.));
#679=AXIS2_PLACEMENT_3D('',#676,#677,#678);
#680=CIRCLE('',#679,2.);
#681=EDGE_CURVE('',#673,#675,#680,.T.);
#682=ORIENTED_EDGE('',*,*,#681,.F.);
#683=CARTESIAN_POINT('',(6.5025,0.,-36.6846875));
#684=DIRECTION('',(0.,-1.,0.));
#685=DIRECTION('',(0.,0.,-1.));
#686=AXIS2_PLACEMENT_3D('',#683,#684,#685);
#687=CIRCLE('',#686,2.);
#688=EDGE_CURVE('',#675,#673,#687,.T.);
#689=ORIENTED_EDGE('',*,*,#688,.F.);
#690=EDGE_LOOP('',(#682,#689));
#691=FACE_BOUND('',#690,.T.);
#692=CARTESIAN_POINT('',(2.,0.,-41.2075));
#693=VERTEX_POINT('',#692);
#694=CARTESIAN_POINT('',(62.5025,0.,-41.2075));
#695=VERTEX_POINT('',#694);
#696=CARTESIAN_POINT('',(2.,0.,-41.2075));
#697=DIRECTION('',(1.,0.,-0.));
#698=VECTOR('',#697,60.5025);
#699=LINE('',#696,#698);
#700=EDGE_CURVE('',#693,#695,#699,.T.);
#701=ORIENTED_EDGE('',*,*,#700,.T.);
#702=CARTESIAN_POINT('',(62.5025,0.,-32.081875));
#703=VERTEX_POINT('',#702);
#704=CARTESIAN_POINT('',(62.5025,-0.,-32.081875));
#705=DIRECTION('',(-0.,0.,-1.));
#706=VECTOR('',#705,9.125625);
#707=LINE('',#704,#706);
#708=EDGE_CURVE('',#703,#695,#707,.T.);
#709=ORIENTED_EDGE('',*,*,#708,.F.);
#710=CARTESIAN_POINT('',(2.,0.,-32.081875));
#711=VERTEX_POINT('',#710);
#712=CARTESIAN_POINT('',(2.,0.,-32.081875));
#713=DIRECTION('',(1.,0.,-0.));
#714=VECTOR('',#713,60.5025);
#715=LINE('',#712,#714);
#716=EDGE_CURVE('',#711,#703,#715,.T.);
#717=ORIENTED_EDGE('',*,*,#716,.F.);
#718=CARTESIAN_POINT('',(2.,0.,-41.2075));
#719=DIRECTION('',(0.,0.,1.));
#720=VECTOR('',#719,9.125625);
#721=LINE('',#718,#720);
#722=EDGE_CURVE('',#693,#711,#721,.T.);
#723=ORIENTED_EDGE('',*,*,#722,.F.);
#724=EDGE_LOOP('',(#701,#709,#717,#723));
#725=FACE_BOUND('',#724,.T.);
#726=ADVANCED_FACE('',(#591,#611,#631,#651,#671,#691,#725),#571,.T.);
#727=CARTESIAN_POINT('',(0.,0.,0.));
#728=DIRECTION('',(0.,-1.,0.));
#729=DIRECTION('',(0.,0.,-1.));
#730=AXIS2_PLACEMENT_3D('',#727,#728,#729);
#731=PLANE('',#730);
#732=CARTESIAN_POINT('',(26.5025,0.,-45.7846875));
#733=VERTEX_POINT('',#732);
#734=CARTESIAN_POINT('',(26.5025,0.,-49.7846875));
#735=VERTEX_POINT('',#734);
#736=CARTESIAN_POINT('',(26.5025,0.,-47.7846875));
#737=DIRECTION('',(0.,-1.,0.));
#738=DIRECTION('',(0.,0.,-1.));
#739=AXIS2_PLACEMENT_3D('',#736,#737,#738);
#740=CIRCLE('',#739,2.);
#741=EDGE_CURVE('',#733,#735,#740,.T.);
#742=ORIENTED_EDGE('',*,*,#741,.F.);
#743=CARTESIAN_POINT('',(26.5025,0.,-47.7846875));
#744=DIRECTION('',(0.,-1.,0.));
#745=DIRECTION('',(0.,0.,-1.));
#746=AXIS2_PLACEMENT_3D('',#743,#744,#745);
#747=CIRCLE('',#746,2.);
#748=EDGE_CURVE('',#735,#733,#747,.T.);
#749=ORIENTED_EDGE('',*,*,#748,.F.);
#750=EDGE_LOOP('',(#742,#749));
#751=FACE_BOUND('',#750,.T.);
#752=CARTESIAN_POINT('',(36.5025,0.,-45.7846875));
#753=VERTEX_POINT('',#752);
#754=CARTESIAN_POINT('',(36.5025,0.,-49.7846875));
#755=VERTEX_POINT('',#754);
#756=CARTESIAN_POINT('',(36.5025,0.,-47.7846875));
#757=DIRECTION('',(0.,-1.,0.));
#758=DIRECTION('',(0.,0.,-1.));
#759=AXIS2_PLACEMENT_3D('',#756,#757,#758);
#760=CIRCLE('',#759,2.);
#761=EDGE_CURVE('',#753,#755,#760,.T.);
#762=ORIENTED_EDGE('',*,*,#761,.F.);
#763=CARTESIAN_POINT('',(36.5025,0.,-47.7846875));
#764=DIRECTION('',(0.,-1.,0.));
#765=DIRECTION('',(0.,0.,-1.));
#766=AXIS2_PLACEMENT_3D('',#763,#764,#765);
#767=CIRCLE('',#766,2.);
#768=EDGE_CURVE('',#755,#753,#767,.T.);
#769=ORIENTED_EDGE('',*,*,#768,.F.);
#770=EDGE_LOOP('',(#762,#769));
#771=FACE_BOUND('',#770,.T.);
#772=CARTESIAN_POINT('',(46.5025,0.,-45.7846875));
#773=VERTEX_POINT('',#772);
#774=CARTESIAN_POINT('',(46.5025,0.,-49.7846875));
#775=VERTEX_POINT('',#774);
#776=CARTESIAN_POINT('',(46.5025,0.,-47.7846875));
#777=DIRECTION('',(0.,-1.,0.));
#778=DIRECTION('',(0.,0.,-1.));
#779=AXIS2_PLACEMENT_3D('',#776,#777,#778);
#780=CIRCLE('',#779,2.);
#781=EDGE_CURVE('',#773,#775,#780,.T.);
#782=ORIENTED_EDGE('',*,*,#781,.F.);
#783=CARTESIAN_POINT('',(46.5025,0.,-47.7846875));
#784=DIRECTION('',(0.,-1.,0.));
#785=DIRECTION('',(0.,0.,-1.));
#786=AXIS2_PLACEMENT_3D('',#783,#784,#785);
#787=CIRCLE('',#786,2.);
#788=EDGE_CURVE('',#775,#773,#787,.T.);
#789=ORIENTED_EDGE('',*,*,#788,.F.);
#790=EDGE_LOOP('',(#782,#789));
#791=FACE_BOUND('',#790,.T.);
#792=CARTESIAN_POINT('',(56.5025,0.,-45.7846875));
#793=VERTEX_POINT('',#792);
#794=CARTESIAN_POINT('',(56.5025,0.,-49.7846875));
#795=VERTEX_POINT('',#794);
#796=CARTESIAN_POINT('',(56.5025,0.,-47.7846875));
#797=DIRECTION('',(0.,-1.,0.));
#798=DIRECTION('',(0.,0.,-1.));
#799=AXIS2_PLACEMENT_3D('',#796,#797,#798);
#800=CIRCLE('',#799,2.);
#801=EDGE_CURVE('',#793,#795,#800,.T.);
#802=ORIENTED_EDGE('',*,*,#801,.F.);
#803=CARTESIAN_POINT('',(56.5025,0.,-47.7846875));
#804=DIRECTION('',(0.,-1.,0.));
#805=DIRECTION('',(0.,0.,-1.));
#806=AXIS2_PLACEMENT_3D('',#803,#804,#805);
#807=CIRCLE('',#806,2.);
#808=EDGE_CURVE('',#795,#793,#807,.T.);
#809=ORIENTED_EDGE('',*,*,#808,.F.);
#810=EDGE_LOOP('',(#802,#809));
#811=FACE_BOUND('',#810,.T.);
#812=CARTESIAN_POINT('',(16.5025,0.,-45.7846875));
#813=VERTEX_POINT('',#812);
#814=CARTESIAN_POINT('',(16.5025,0.,-49.7846875));
#815=VERTEX_POINT('',#814);
#816=CARTESIAN_POINT('',(16.5025,0.,-47.7846875));
#817=DIRECTION('',(0.,-1.,0.));
#818=DIRECTION('',(0.,0.,-1.));
#819=AXIS2_PLACEMENT_3D('',#816,#817,#818);
#820=CIRCLE('',#819,2.);
#821=EDGE_CURVE('',#813,#815,#820,.T.);
#822=ORIENTED_EDGE('',*,*,#821,.F.);
#823=CARTESIAN_POINT('',(16.5025,0.,-47.7846875));
#824=DIRECTION('',(0.,-1.,0.));
#825=DIRECTION('',(0.,0.,-1.));
#826=AXIS2_PLACEMENT_3D('',#823,#824,#825);
#827=CIRCLE('',#826,2.);
#828=EDGE_CURVE('',#815,#813,#827,.T.);
#829=ORIENTED_EDGE('',*,*,#828,.F.);
#830=EDGE_LOOP('',(#822,#829));
#831=FACE_BOUND('',#830,.T.);
#832=CARTESIAN_POINT('',(6.5025,0.,-45.7846875));
#833=VERTEX_POINT('',#832);
#834=CARTESIAN_POINT('',(6.5025,0.,-49.7846875));
#835=VERTEX_POINT('',#834);
#836=CARTESIAN_POINT('',(6.5025,0.,-47.7846875));
#837=DIRECTION('',(0.,-1.,0.));
#838=DIRECTION('',(0.,0.,-1.));
#839=AXIS2_PLACEMENT_3D('',#836,#837,#838);
#840=CIRCLE('',#839,2.);
#841=EDGE_CURVE('',#833,#835,#840,.T.);
#842=ORIENTED_EDGE('',*,*,#841,.F.);
#843=CARTESIAN_POINT('',(6.5025,0.,-47.7846875));
#844=DIRECTION('',(0.,-1.,0.));
#845=DIRECTION('',(0.,0.,-1.));
#846=AXIS2_PLACEMENT_3D('',#843,#844,#845);
#847=CIRCLE('',#846,2.);
#848=EDGE_CURVE('',#835,#833,#847,.T.);
#849=ORIENTED_EDGE('',*,*,#848,.F.);
#850=EDGE_LOOP('',(#842,#849));
#851=FACE_BOUND('',#850,.T.);
#852=CARTESIAN_POINT('',(2.,0.,-52.3175));
#853=VERTEX_POINT('',#852);
#854=CARTESIAN_POINT('',(62.5025,0.,-52.3175));
#855=VERTEX_POINT('',#854);
#856=CARTESIAN_POINT('',(2.,0.,-52.3175));
#857=DIRECTION('',(1.,0.,-0.));
#858=VECTOR('',#857,60.5025);
#859=LINE('',#856,#858);
#860=EDGE_CURVE('',#853,#855,#859,.T.);
#861=ORIENTED_EDGE('',*,*,#860,.T.);
#862=CARTESIAN_POINT('',(62.5025,0.,-43.191875));
#863=VERTEX_POINT('',#862);
#864=CARTESIAN_POINT('',(62.5025,-0.,-52.3175));
#865=DIRECTION('',(0.,0.,1.));
#866=VECTOR('',#865,9.125625);
#867=LINE('',#864,#866);
#868=EDGE_CURVE('',#855,#863,#867,.T.);
#869=ORIENTED_EDGE('',*,*,#868,.T.);
#870=CARTESIAN_POINT('',(2.,0.,-43.191875));
#871=VERTEX_POINT('',#870);
#872=CARTESIAN_POINT('',(2.,0.,-43.191875));
#873=DIRECTION('',(1.,0.,-0.));
#874=VECTOR('',#873,60.5025);
#875=LINE('',#872,#874);
#876=EDGE_CURVE('',#871,#863,#875,.T.);
#877=ORIENTED_EDGE('',*,*,#876,.F.);
#878=CARTESIAN_POINT('',(2.,0.,-52.3175));
#879=DIRECTION('',(0.,0.,1.));
#880=VECTOR('',#879,9.125625);
#881=LINE('',#878,#880);
#882=EDGE_CURVE('',#853,#871,#881,.T.);
#883=ORIENTED_EDGE('',*,*,#882,.F.);
#884=EDGE_LOOP('',(#861,#869,#877,#883));
#885=FACE_BOUND('',#884,.T.);
#886=ADVANCED_FACE('',(#751,#771,#791,#811,#831,#851,#885),#731,.T.);
#887=CARTESIAN_POINT('',(0.,0.,55.55));
#888=DIRECTION('',(0.,-1.,0.));
#889=DIRECTION('',(0.,0.,-1.));
#890=AXIS2_PLACEMENT_3D('',#887,#888,#889);
#891=PLANE('',#890);
#892=CARTESIAN_POINT('',(56.5025,0.,-23.5846875));
#893=VERTEX_POINT('',#892);
#894=CARTESIAN_POINT('',(56.5025,0.,-27.5846875));
#895=VERTEX_POINT('',#894);
#896=CARTESIAN_POINT('',(56.5025,0.,-25.5846875));
#897=DIRECTION('',(0.,-1.,0.));
#898=DIRECTION('',(0.,0.,-1.));
#899=AXIS2_PLACEMENT_3D('',#896,#897,#898);
#900=CIRCLE('',#899,2.);
#901=EDGE_CURVE('',#893,#895,#900,.T.);
#902=ORIENTED_EDGE('',*,*,#901,.F.);
#903=CARTESIAN_POINT('',(56.5025,0.,-25.5846875));
#904=DIRECTION('',(0.,-1.,0.));
#905=DIRECTION('',(0.,0.,-1.));
#906=AXIS2_PLACEMENT_3D('',#903,#904,#905);
#907=CIRCLE('',#906,2.);
#908=EDGE_CURVE('',#895,#893,#907,.T.);
#909=ORIENTED_EDGE('',*,*,#908,.F.);
#910=EDGE_LOOP('',(#902,#909));
#911=FACE_BOUND('',#910,.T.);
#912=CARTESIAN_POINT('',(46.5025,0.,-23.5846875));
#913=VERTEX_POINT('',#912);
#914=CARTESIAN_POINT('',(46.5025,0.,-27.5846875));
#915=VERTEX_POINT('',#914);
#916=CARTESIAN_POINT('',(46.5025,0.,-25.5846875));
#917=DIRECTION('',(0.,-1.,0.));
#918=DIRECTION('',(0.,0.,-1.));
#919=AXIS2_PLACEMENT_3D('',#916,#917,#918);
#920=CIRCLE('',#919,2.);
#921=EDGE_CURVE('',#913,#915,#920,.T.);
#922=ORIENTED_EDGE('',*,*,#921,.F.);
#923=CARTESIAN_POINT('',(46.5025,0.,-25.5846875));
#924=DIRECTION('',(0.,-1.,0.));
#925=DIRECTION('',(0.,0.,-1.));
#926=AXIS2_PLACEMENT_3D('',#923,#924,#925);
#927=CIRCLE('',#926,2.);
#928=EDGE_CURVE('',#915,#913,#927,.T.);
#929=ORIENTED_EDGE('',*,*,#928,.F.);
#930=EDGE_LOOP('',(#922,#929));
#931=FACE_BOUND('',#930,.T.);
#932=CARTESIAN_POINT('',(16.5025,0.,-23.5846875));
#933=VERTEX_POINT('',#932);
#934=CARTESIAN_POINT('',(16.5025,0.,-27.5846875));
#935=VERTEX_POINT('',#934);
#936=CARTESIAN_POINT('',(16.5025,0.,-25.5846875));
#937=DIRECTION('',(0.,-1.,0.));
#938=DIRECTION('',(0.,0.,-1.));
#939=AXIS2_PLACEMENT_3D('',#936,#937,#938);
#940=CIRCLE('',#939,2.);
#941=EDGE_CURVE('',#933,#935,#940,.T.);
#942=ORIENTED_EDGE('',*,*,#941,.F.);
#943=CARTESIAN_POINT('',(16.5025,0.,-25.5846875));
#944=DIRECTION('',(0.,-1.,0.));
#945=DIRECTION('',(0.,0.,-1.));
#946=AXIS2_PLACEMENT_3D('',#943,#944,#945);
#947=CIRCLE('',#946,2.);
#948=EDGE_CURVE('',#935,#933,#947,.T.);
#949=ORIENTED_EDGE('',*,*,#948,.F.);
#950=EDGE_LOOP('',(#942,#949));
#951=FACE_BOUND('',#950,.T.);
#952=CARTESIAN_POINT('',(26.5025,0.,-23.5846875));
#953=VERTEX_POINT('',#952);
#954=CARTESIAN_POINT('',(26.5025,0.,-27.5846875));
#955=VERTEX_POINT('',#954);
#956=CARTESIAN_POINT('',(26.5025,0.,-25.5846875));
#957=DIRECTION('',(0.,-1.,0.));
#958=DIRECTION('',(0.,0.,-1.));
#959=AXIS2_PLACEMENT_3D('',#956,#957,#958);
#960=CIRCLE('',#959,2.);
#961=EDGE_CURVE('',#953,#955,#960,.T.);
#962=ORIENTED_EDGE('',*,*,#961,.F.);
#963=CARTESIAN_POINT('',(26.5025,0.,-25.5846875));
#964=DIRECTION('',(0.,-1.,0.));
#965=DIRECTION('',(0.,0.,-1.));
#966=AXIS2_PLACEMENT_3D('',#963,#964,#965);
#967=CIRCLE('',#966,2.);
#968=EDGE_CURVE('',#955,#953,#967,.T.);
#969=ORIENTED_EDGE('',*,*,#968,.F.);
#970=EDGE_LOOP('',(#962,#969));
#971=FACE_BOUND('',#970,.T.);
#972=CARTESIAN_POINT('',(36.5025,0.,-23.5846875));
#973=VERTEX_POINT('',#972);
#974=CARTESIAN_POINT('',(36.5025,0.,-27.5846875));
#975=VERTEX_POINT('',#974);
#976=CARTESIAN_POINT('',(36.5025,0.,-25.5846875));
#977=DIRECTION('',(0.,-1.,0.));
#978=DIRECTION('',(0.,0.,-1.));
#979=AXIS2_PLACEMENT_3D('',#976,#977,#978);
#980=CIRCLE('',#979,2.);
#981=EDGE_CURVE('',#973,#975,#980,.T.);
#982=ORIENTED_EDGE('',*,*,#981,.F.);
#983=CARTESIAN_POINT('',(36.5025,0.,-25.5846875));
#984=DIRECTION('',(0.,-1.,0.));
#985=DIRECTION('',(0.,0.,-1.));
#986=AXIS2_PLACEMENT_3D('',#983,#984,#985);
#987=CIRCLE('',#986,2.);
#988=EDGE_CURVE('',#975,#973,#987,.T.);
#989=ORIENTED_EDGE('',*,*,#988,.F.);
#990=EDGE_LOOP('',(#982,#989));
#991=FACE_BOUND('',#990,.T.);
#992=CARTESIAN_POINT('',(6.5025,0.,-23.5846875));
#993=VERTEX_POINT('',#992);
#994=CARTESIAN_POINT('',(6.5025,0.,-27.5846875));
#995=VERTEX_POINT('',#994);
#996=CARTESIAN_POINT('',(6.5025,0.,-25.5846875));
#997=DIRECTION('',(0.,-1.,0.));
#998=DIRECTION('',(0.,0.,-1.));
#999=AXIS2_PLACEMENT_3D('',#996,#997,#998);
#1000=CIRCLE('',#999,2.);
#1001=EDGE_CURVE('',#993,#995,#1000,.T.);
#1002=ORIENTED_EDGE('',*,*,#1001,.F.);
#1003=CARTESIAN_POINT('',(6.5025,0.,-25.5846875));
#1004=DIRECTION('',(0.,-1.,0.));
#1005=DIRECTION('',(0.,0.,-1.));
#1006=AXIS2_PLACEMENT_3D('',#1003,#1004,#1005);
#1007=CIRCLE('',#1006,2.);
#1008=EDGE_CURVE('',#995,#993,#1007,.T.);
#1009=ORIENTED_EDGE('',*,*,#1008,.F.);
#1010=EDGE_LOOP('',(#1002,#1009));
#1011=FACE_BOUND('',#1010,.T.);
#1012=CARTESIAN_POINT('',(2.,0.,-30.0975));
#1013=VERTEX_POINT('',#1012);
#1014=CARTESIAN_POINT('',(62.5025,0.,-30.0975));
#1015=VERTEX_POINT('',#1014);
#1016=CARTESIAN_POINT('',(2.,0.,-30.0975));
#1017=DIRECTION('',(1.,0.,-0.));
#1018=VECTOR('',#1017,60.5025);
#1019=LINE('',#1016,#1018);
#1020=EDGE_CURVE('',#1013,#1015,#1019,.T.);
#1021=ORIENTED_EDGE('',*,*,#1020,.T.);
#1022=CARTESIAN_POINT('',(62.5025,0.,-20.971875));
#1023=VERTEX_POINT('',#1022);
#1024=CARTESIAN_POINT('',(62.5025,0.,-30.0975));
#1025=DIRECTION('',(0.,-0.,1.));
#1026=VECTOR('',#1025,9.125625);
#1027=LINE('',#1024,#1026);
#1028=EDGE_CURVE('',#1015,#1023,#1027,.T.);
#1029=ORIENTED_EDGE('',*,*,#1028,.T.);
#1030=CARTESIAN_POINT('',(2.,0.,-20.971875));
#1031=VERTEX_POINT('',#1030);
#1032=CARTESIAN_POINT('',(2.,0.,-20.971875));
#1033=DIRECTION('',(1.,0.,-0.));
#1034=VECTOR('',#1033,60.5025);
#1035=LINE('',#1032,#1034);
#1036=EDGE_CURVE('',#1031,#1023,#1035,.T.);
#1037=ORIENTED_EDGE('',*,*,#1036,.F.);
#1038=CARTESIAN_POINT('',(2.,0.,-30.0975));
#1039=DIRECTION('',(0.,0.,1.));
#1040=VECTOR('',#1039,9.125625);
#1041=LINE('',#1038,#1040);
#1042=EDGE_CURVE('',#1013,#1031,#1041,.T.);
#1043=ORIENTED_EDGE('',*,*,#1042,.F.);
#1044=EDGE_LOOP('',(#1021,#1029,#1037,#1043));
#1045=FACE_BOUND('',#1044,.T.);
#1046=ADVANCED_FACE('',(#911,#931,#951,#971,#991,#1011,#1045),#891,.T.);
#1047=CARTESIAN_POINT('',(0.,0.,0.));
#1048=DIRECTION('',(0.,-1.,0.));
#1049=DIRECTION('',(0.,0.,-1.));
#1050=AXIS2_PLACEMENT_3D('',#1047,#1048,#1049);
#1051=PLANE('',#1050);
#1052=CARTESIAN_POINT('',(7.,0.,-90.6396875));
#1053=VERTEX_POINT('',#1052);
#1054=CARTESIAN_POINT('',(7.,0.,-93.6396875));
#1055=VERTEX_POINT('',#1054);
#1056=CARTESIAN_POINT('',(7.,0.,-90.6396875));
#1057=DIRECTION('',(0.,0.,-1.));
#1058=VECTOR('',#1057,3.);
#1059=LINE('',#1056,#1058);
#1060=EDGE_CURVE('',#1053,#1055,#1059,.T.);
#1061=ORIENTED_EDGE('',*,*,#1060,.F.);
#1062=CARTESIAN_POINT('',(32.,0.,-90.6396875));
#1063=VERTEX_POINT('',#1062);
#1064=CARTESIAN_POINT('',(32.,0.,-90.6396875));
#1065=DIRECTION('',(-1.,0.,0.));
#1066=VECTOR('',#1065,25.);
#1067=LINE('',#1064,#1066);
#1068=EDGE_CURVE('',#1063,#1053,#1067,.T.);
#1069=ORIENTED_EDGE('',*,*,#1068,.F.);
#1070=CARTESIAN_POINT('',(32.,0.,-93.6396875));
#1071=VERTEX_POINT('',#1070);
#1072=CARTESIAN_POINT('',(32.,0.,-93.6396875));
#1073=DIRECTION('',(0.,0.,1.));
#1074=VECTOR('',#1073,3.);
#1075=LINE('',#1072,#1074);
#1076=EDGE_CURVE('',#1071,#1063,#1075,.T.);
#1077=ORIENTED_EDGE('',*,*,#1076,.F.);
#1078=CARTESIAN_POINT('',(7.,0.,-93.6396875));
#1079=DIRECTION('',(1.,0.,-0.));
#1080=VECTOR('',#1079,25.);
#1081=LINE('',#1078,#1080);
#1082=EDGE_CURVE('',#1055,#1071,#1081,.T.);
#1083=ORIENTED_EDGE('',*,*,#1082,.F.);
#1084=EDGE_LOOP('',(#1061,#1069,#1077,#1083));
#1085=FACE_BOUND('',#1084,.T.);
#1086=CARTESIAN_POINT('',(50.,0.,-96.6475));
#1087=VERTEX_POINT('',#1086);
#1088=CARTESIAN_POINT('',(62.5025,0.,-96.6475));
#1089=VERTEX_POINT('',#1088);
#1090=CARTESIAN_POINT('',(50.,0.,-96.6475));
#1091=DIRECTION('',(1.,0.,-0.));
#1092=VECTOR('',#1091,12.5025);
#1093=LINE('',#1090,#1092);
#1094=EDGE_CURVE('',#1087,#1089,#1093,.T.);
#1095=ORIENTED_EDGE('',*,*,#1094,.T.);
#1096=CARTESIAN_POINT('',(62.5025,0.,-87.631875));
#1097=VERTEX_POINT('',#1096);
#1098=CARTESIAN_POINT('',(62.5025,-0.,-96.6475));
#1099=DIRECTION('',(0.,0.,1.));
#1100=VECTOR('',#1099,9.015625);
#1101=LINE('',#1098,#1100);
#1102=EDGE_CURVE('',#1089,#1097,#1101,.T.);
#1103=ORIENTED_EDGE('',*,*,#1102,.T.);
#1104=CARTESIAN_POINT('',(2.,0.,-87.631875));
#1105=VERTEX_POINT('',#1104);
#1106=CARTESIAN_POINT('',(2.,0.,-87.631875));
#1107=DIRECTION('',(1.,0.,-0.));
#1108=VECTOR('',#1107,60.5025);
#1109=LINE('',#1106,#1108);
#1110=EDGE_CURVE('',#1105,#1097,#1109,.T.);
#1111=ORIENTED_EDGE('',*,*,#1110,.F.);
#1112=CARTESIAN_POINT('',(2.,0.,-96.6475));
#1113=VERTEX_POINT('',#1112);
#1114=CARTESIAN_POINT('',(2.,0.,-96.6475));
#1115=DIRECTION('',(0.,0.,1.));
#1116=VECTOR('',#1115,9.015625);
#1117=LINE('',#1114,#1116);
#1118=EDGE_CURVE('',#1113,#1105,#1117,.T.);
#1119=ORIENTED_EDGE('',*,*,#1118,.F.);
#1120=CARTESIAN_POINT('',(20.,0.,-96.6475));
#1121=VERTEX_POINT('',#1120);
#1122=CARTESIAN_POINT('',(2.,0.,-96.6475));
#1123=DIRECTION('',(1.,0.,-0.));
#1124=VECTOR('',#1123,18.);
#1125=LINE('',#1122,#1124);
#1126=EDGE_CURVE('',#1113,#1121,#1125,.T.);
#1127=ORIENTED_EDGE('',*,*,#1126,.T.);
#1128=CARTESIAN_POINT('',(20.,0.,-99.65));
#1129=VERTEX_POINT('',#1128);
#1130=CARTESIAN_POINT('',(20.,0.,-96.6475));
#1131=DIRECTION('',(0.,0.,-1.));
#1132=VECTOR('',#1131,3.0025);
#1133=LINE('',#1130,#1132);
#1134=EDGE_CURVE('',#1121,#1129,#1133,.T.);
#1135=ORIENTED_EDGE('',*,*,#1134,.T.);
#1136=CARTESIAN_POINT('',(50.,0.,-99.65));
#1137=VERTEX_POINT('',#1136);
#1138=CARTESIAN_POINT('',(50.,0.,-99.65));
#1139=DIRECTION('',(-1.,0.,0.));
#1140=VECTOR('',#1139,30.);
#1141=LINE('',#1138,#1140);
#1142=EDGE_CURVE('',#1137,#1129,#1141,.T.);
#1143=ORIENTED_EDGE('',*,*,#1142,.F.);
#1144=CARTESIAN_POINT('',(50.,0.,-99.65));
#1145=DIRECTION('',(0.,0.,1.));
#1146=VECTOR('',#1145,3.0025);
#1147=LINE('',#1144,#1146);
#1148=EDGE_CURVE('',#1137,#1087,#1147,.T.);
#1149=ORIENTED_EDGE('',*,*,#1148,.T.);
#1150=EDGE_LOOP('',(#1095,#1103,#1111,#1119,#1127,#1135,#1143,#1149));
#1151=FACE_BOUND('',#1150,.T.);
#1152=ADVANCED_FACE('',(#1085,#1151),#1051,.T.);
#1153=CARTESIAN_POINT('',(0.,0.,0.));
#1154=DIRECTION('',(0.,-1.,0.));
#1155=DIRECTION('',(0.,0.,-1.));
#1156=AXIS2_PLACEMENT_3D('',#1153,#1154,#1155);
#1157=PLANE('',#1156);
#1158=CARTESIAN_POINT('',(46.5025,0.,-67.9846875));
#1159=VERTEX_POINT('',#1158);
#1160=CARTESIAN_POINT('',(46.5025,0.,-71.9846875));
#1161=VERTEX_POINT('',#1160);
#1162=CARTESIAN_POINT('',(46.5025,0.,-69.9846875));
#1163=DIRECTION('',(0.,-1.,0.));
#1164=DIRECTION('',(0.,0.,-1.));
#1165=AXIS2_PLACEMENT_3D('',#1162,#1163,#1164);
#1166=CIRCLE('',#1165,2.);
#1167=EDGE_CURVE('',#1159,#1161,#1166,.T.);
#1168=ORIENTED_EDGE('',*,*,#1167,.F.);
#1169=CARTESIAN_POINT('',(46.5025,0.,-69.9846875));
#1170=DIRECTION('',(0.,-1.,0.));
#1171=DIRECTION('',(0.,0.,-1.));
#1172=AXIS2_PLACEMENT_3D('',#1169,#1170,#1171);
#1173=CIRCLE('',#1172,2.);
#1174=EDGE_CURVE('',#1161,#1159,#1173,.T.);
#1175=ORIENTED_EDGE('',*,*,#1174,.F.);
#1176=EDGE_LOOP('',(#1168,#1175));
#1177=FACE_BOUND('',#1176,.T.);
#1178=CARTESIAN_POINT('',(56.5025,0.,-67.9846875));
#1179=VERTEX_POINT('',#1178);
#1180=CARTESIAN_POINT('',(56.5025,0.,-71.9846875));
#1181=VERTEX_POINT('',#1180);
#1182=CARTESIAN_POINT('',(56.5025,0.,-69.9846875));
#1183=DIRECTION('',(0.,-1.,0.));
#1184=DIRECTION('',(0.,0.,-1.));
#1185=AXIS2_PLACEMENT_3D('',#1182,#1183,#1184);
#1186=CIRCLE('',#1185,2.);
#1187=EDGE_CURVE('',#1179,#1181,#1186,.T.);
#1188=ORIENTED_EDGE('',*,*,#1187,.F.);
#1189=CARTESIAN_POINT('',(56.5025,0.,-69.9846875));
#1190=DIRECTION('',(0.,-1.,0.));
#1191=DIRECTION('',(0.,0.,-1.));
#1192=AXIS2_PLACEMENT_3D('',#1189,#1190,#1191);
#1193=CIRCLE('',#1192,2.);
#1194=EDGE_CURVE('',#1181,#1179,#1193,.T.);
#1195=ORIENTED_EDGE('',*,*,#1194,.F.);
#1196=EDGE_LOOP('',(#1188,#1195));
#1197=FACE_BOUND('',#1196,.T.);
#1198=CARTESIAN_POINT('',(36.5025,0.,-67.9846875));
#1199=VERTEX_POINT('',#1198);
#1200=CARTESIAN_POINT('',(36.5025,0.,-71.9846875));
#1201=VERTEX_POINT('',#1200);
#1202=CARTESIAN_POINT('',(36.5025,0.,-69.9846875));
#1203=DIRECTION('',(0.,-1.,0.));
#1204=DIRECTION('',(0.,0.,-1.));
#1205=AXIS2_PLACEMENT_3D('',#1202,#1203,#1204);
#1206=CIRCLE('',#1205,2.);
#1207=EDGE_CURVE('',#1199,#1201,#1206,.T.);
#1208=ORIENTED_EDGE('',*,*,#1207,.F.);
#1209=CARTESIAN_POINT('',(36.5025,0.,-69.9846875));
#1210=DIRECTION('',(0.,-1.,0.));
#1211=DIRECTION('',(0.,0.,-1.));
#1212=AXIS2_PLACEMENT_3D('',#1209,#1210,#1211);
#1213=CIRCLE('',#1212,2.);
#1214=EDGE_CURVE('',#1201,#1199,#1213,.T.);
#1215=ORIENTED_EDGE('',*,*,#1214,.F.);
#1216=EDGE_LOOP('',(#1208,#1215));
#1217=FACE_BOUND('',#1216,.T.);
#1218=CARTESIAN_POINT('',(26.5025,0.,-67.9846875));
#1219=VERTEX_POINT('',#1218);
#1220=CARTESIAN_POINT('',(26.5025,0.,-71.9846875));
#1221=VERTEX_POINT('',#1220);
#1222=CARTESIAN_POINT('',(26.5025,0.,-69.9846875));
#1223=DIRECTION('',(0.,-1.,0.));
#1224=DIRECTION('',(0.,0.,-1.));
#1225=AXIS2_PLACEMENT_3D('',#1222,#1223,#1224);
#1226=CIRCLE('',#1225,2.);
#1227=EDGE_CURVE('',#1219,#1221,#1226,.T.);
#1228=ORIENTED_EDGE('',*,*,#1227,.F.);
#1229=CARTESIAN_POINT('',(26.5025,0.,-69.9846875));
#1230=DIRECTION('',(0.,-1.,0.));
#1231=DIRECTION('',(0.,0.,-1.));
#1232=AXIS2_PLACEMENT_3D('',#1229,#1230,#1231);
#1233=CIRCLE('',#1232,2.);
#1234=EDGE_CURVE('',#1221,#1219,#1233,.T.);
#1235=ORIENTED_EDGE('',*,*,#1234,.F.);
#1236=EDGE_LOOP('',(#1228,#1235));
#1237=FACE_BOUND('',#1236,.T.);
#1238=CARTESIAN_POINT('',(16.5025,0.,-67.9846875));
#1239=VERTEX_POINT('',#1238);
#1240=CARTESIAN_POINT('',(16.5025,0.,-71.9846875));
#1241=VERTEX_POINT('',#1240);
#1242=CARTESIAN_POINT('',(16.5025,0.,-69.9846875));
#1243=DIRECTION('',(0.,-1.,0.));
#1244=DIRECTION('',(0.,0.,-1.));
#1245=AXIS2_PLACEMENT_3D('',#1242,#1243,#1244);
#1246=CIRCLE('',#1245,2.);
#1247=EDGE_CURVE('',#1239,#1241,#1246,.T.);
#1248=ORIENTED_EDGE('',*,*,#1247,.F.);
#1249=CARTESIAN_POINT('',(16.5025,0.,-69.9846875));
#1250=DIRECTION('',(0.,-1.,0.));
#1251=DIRECTION('',(0.,0.,-1.));
#1252=AXIS2_PLACEMENT_3D('',#1249,#1250,#1251);
#1253=CIRCLE('',#1252,2.);
#1254=EDGE_CURVE('',#1241,#1239,#1253,.T.);
#1255=ORIENTED_EDGE('',*,*,#1254,.F.);
#1256=EDGE_LOOP('',(#1248,#1255));
#1257=FACE_BOUND('',#1256,.T.);
#1258=CARTESIAN_POINT('',(6.5025,0.,-67.9846875));
#1259=VERTEX_POINT('',#1258);
#1260=CARTESIAN_POINT('',(6.5025,0.,-71.9846875));
#1261=VERTEX_POINT('',#1260);
#1262=CARTESIAN_POINT('',(6.5025,0.,-69.9846875));
#1263=DIRECTION('',(0.,-1.,0.));
#1264=DIRECTION('',(0.,0.,-1.));
#1265=AXIS2_PLACEMENT_3D('',#1262,#1263,#1264);
#1266=CIRCLE('',#1265,2.);
#1267=EDGE_CURVE('',#1259,#1261,#1266,.T.);
#1268=ORIENTED_EDGE('',*,*,#1267,.F.);
#1269=CARTESIAN_POINT('',(6.5025,0.,-69.9846875));
#1270=DIRECTION('',(0.,-1.,0.));
#1271=DIRECTION('',(0.,0.,-1.));
#1272=AXIS2_PLACEMENT_3D('',#1269,#1270,#1271);
#1273=CIRCLE('',#1272,2.);
#1274=EDGE_CURVE('',#1261,#1259,#1273,.T.);
#1275=ORIENTED_EDGE('',*,*,#1274,.F.);
#1276=EDGE_LOOP('',(#1268,#1275));
#1277=FACE_BOUND('',#1276,.T.);
#1278=CARTESIAN_POINT('',(2.,0.,-74.5375));
#1279=VERTEX_POINT('',#1278);
#1280=CARTESIAN_POINT('',(62.5025,0.,-74.5375));
#1281=VERTEX_POINT('',#1280);
#1282=CARTESIAN_POINT('',(2.,0.,-74.5375));
#1283=DIRECTION('',(1.,0.,-0.));
#1284=VECTOR('',#1283,60.5025);
#1285=LINE('',#1282,#1284);
#1286=EDGE_CURVE('',#1279,#1281,#1285,.T.);
#1287=ORIENTED_EDGE('',*,*,#1286,.T.);
#1288=CARTESIAN_POINT('',(62.5025,0.,-65.411875));
#1289=VERTEX_POINT('',#1288);
#1290=CARTESIAN_POINT('',(62.5025,-0.,-74.5375));
#1291=DIRECTION('',(0.,0.,1.));
#1292=VECTOR('',#1291,9.125625);
#1293=LINE('',#1290,#1292);
#1294=EDGE_CURVE('',#1281,#1289,#1293,.T.);
#1295=ORIENTED_EDGE('',*,*,#1294,.T.);
#1296=CARTESIAN_POINT('',(2.,0.,-65.411875));
#1297=VERTEX_POINT('',#1296);
#1298=CARTESIAN_POINT('',(2.,0.,-65.411875));
#1299=DIRECTION('',(1.,0.,-0.));
#1300=VECTOR('',#1299,60.5025);
#1301=LINE('',#1298,#1300);
#1302=EDGE_CURVE('',#1297,#1289,#1301,.T.);
#1303=ORIENTED_EDGE('',*,*,#1302,.F.);
#1304=CARTESIAN_POINT('',(2.,0.,-74.5375));
#1305=DIRECTION('',(0.,0.,1.));
#1306=VECTOR('',#1305,9.125625);
#1307=LINE('',#1304,#1306);
#1308=EDGE_CURVE('',#1279,#1297,#1307,.T.);
#1309=ORIENTED_EDGE('',*,*,#1308,.F.);
#1310=EDGE_LOOP('',(#1287,#1295,#1303,#1309));
#1311=FACE_BOUND('',#1310,.T.);
#1312=ADVANCED_FACE('',(#1177,#1197,#1217,#1237,#1257,#1277,#1311),#1157,.T.);
#1313=CARTESIAN_POINT('',(0.,0.,0.));
#1314=DIRECTION('',(0.,-1.,0.));
#1315=DIRECTION('',(0.,0.,-1.));
#1316=AXIS2_PLACEMENT_3D('',#1313,#1314,#1315);
#1317=PLANE('',#1316);
#1318=CARTESIAN_POINT('',(2.,0.,-18.9875));
#1319=VERTEX_POINT('',#1318);
#1320=CARTESIAN_POINT('',(62.5025,0.,-18.9875));
#1321=VERTEX_POINT('',#1320);
#1322=CARTESIAN_POINT('',(2.,0.,-18.9875));
#1323=DIRECTION('',(1.,0.,-0.));
#1324=VECTOR('',#1323,60.5025);
#1325=LINE('',#1322,#1324);
#1326=EDGE_CURVE('',#1319,#1321,#1325,.T.);
#1327=ORIENTED_EDGE('',*,*,#1326,.T.);
#1328=CARTESIAN_POINT('',(62.5025,-0.,-18.9875));
#1329=DIRECTION('',(0.,0.,1.));
#1330=VECTOR('',#1329,14.225);
#1331=LINE('',#1328,#1330);
#1332=EDGE_CURVE('',#1321,#215,#1331,.T.);
#1333=ORIENTED_EDGE('',*,*,#1332,.T.);
#1334=ORIENTED_EDGE('',*,*,#242,.T.);
#1335=CARTESIAN_POINT('',(50.,0.,-1.7625));
#1336=VERTEX_POINT('',#1335);
#1337=CARTESIAN_POINT('',(50.,0.,-4.7625));
#1338=DIRECTION('',(0.,0.,1.));
#1339=VECTOR('',#1338,3.);
#1340=LINE('',#1337,#1339);
#1341=EDGE_CURVE('',#231,#1336,#1340,.T.);
#1342=ORIENTED_EDGE('',*,*,#1341,.T.);
#1343=CARTESIAN_POINT('',(20.,0.,-1.7625));
#1344=VERTEX_POINT('',#1343);
#1345=CARTESIAN_POINT('',(20.,0.,-1.7625));
#1346=DIRECTION('',(1.,0.,-0.));
#1347=VECTOR('',#1346,30.);
#1348=LINE('',#1345,#1347);
#1349=EDGE_CURVE('',#1344,#1336,#1348,.T.);
#1350=ORIENTED_EDGE('',*,*,#1349,.F.);
#1351=CARTESIAN_POINT('',(20.,0.,-4.7625));
#1352=VERTEX_POINT('',#1351);
#1353=CARTESIAN_POINT('',(20.,0.,-1.7625));
#1354=DIRECTION('',(-0.,0.,-1.));
#1355=VECTOR('',#1354,3.);
#1356=LINE('',#1353,#1355);
#1357=EDGE_CURVE('',#1344,#1352,#1356,.T.);
#1358=ORIENTED_EDGE('',*,*,#1357,.T.);
#1359=CARTESIAN_POINT('',(2.,0.,-4.7625));
#1360=VERTEX_POINT('',#1359);
#1361=CARTESIAN_POINT('',(20.,0.,-4.7625));
#1362=DIRECTION('',(-1.,0.,0.));
#1363=VECTOR('',#1362,18.);
#1364=LINE('',#1361,#1363);
#1365=EDGE_CURVE('',#1352,#1360,#1364,.T.);
#1366=ORIENTED_EDGE('',*,*,#1365,.T.);
#1367=CARTESIAN_POINT('',(2.,0.,-18.9875));
#1368=DIRECTION('',(0.,0.,1.));
#1369=VECTOR('',#1368,14.225);
#1370=LINE('',#1367,#1369);
#1371=EDGE_CURVE('',#1319,#1360,#1370,.T.);
#1372=ORIENTED_EDGE('',*,*,#1371,.F.);
#1373=EDGE_LOOP('',(#1327,#1333,#1334,#1342,#1350,#1358,#1366,#1372));
#1374=FACE_BOUND('',#1373,.T.);
#1375=ADVANCED_FACE('',(#1374),#1317,.T.);
#1376=CARTESIAN_POINT('',(-0.,2.175,-30.0975));
#1377=DIRECTION('',(0.,0.,1.));
#1378=DIRECTION('',(1.,0.,0.));
#1379=AXIS2_PLACEMENT_3D('',#1376,#1377,#1378);
#1380=PLANE('',#1379);
#1381=CARTESIAN_POINT('',(2.,3.175,-30.0975));
#1382=VERTEX_POINT('',#1381);
#1383=CARTESIAN_POINT('',(62.5025,3.175,-30.0975));
#1384=VERTEX_POINT('',#1383);
#1385=CARTESIAN_POINT('',(2.,3.175,-30.0975));
#1386=DIRECTION('',(1.,0.,-0.));
#1387=VECTOR('',#1386,60.5025);
#1388=LINE('',#1385,#1387);
#1389=EDGE_CURVE('',#1382,#1384,#1388,.T.);
#1390=ORIENTED_EDGE('',*,*,#1389,.T.);
#1391=CARTESIAN_POINT('',(62.5025,2.175,-30.0975));
#1392=VERTEX_POINT('',#1391);
#1393=CARTESIAN_POINT('',(62.5025,3.175,-30.0975));
#1394=DIRECTION('',(0.,-1.,0.));
#1395=VECTOR('',#1394,1.);
#1396=LINE('',#1393,#1395);
#1397=EDGE_CURVE('',#1384,#1392,#1396,.T.);
#1398=ORIENTED_EDGE('',*,*,#1397,.T.);
#1399=CARTESIAN_POINT('',(2.,2.175,-30.0975));
#1400=VERTEX_POINT('',#1399);
#1401=CARTESIAN_POINT('',(2.,2.175,-30.0975));
#1402=DIRECTION('',(1.,0.,-0.));
#1403=VECTOR('',#1402,60.5025);
#1404=LINE('',#1401,#1403);
#1405=EDGE_CURVE('',#1400,#1392,#1404,.T.);
#1406=ORIENTED_EDGE('',*,*,#1405,.F.);
#1407=CARTESIAN_POINT('',(2.,2.175,-30.0975));
#1408=DIRECTION('',(0.,1.,0.));
#1409=VECTOR('',#1408,1.);
#1410=LINE('',#1407,#1409);
#1411=EDGE_CURVE('',#1400,#1382,#1410,.T.);
#1412=ORIENTED_EDGE('',*,*,#1411,.T.);
#1413=EDGE_LOOP('',(#1390,#1398,#1406,#1412));
#1414=FACE_BOUND('',#1413,.T.);
#1415=ADVANCED_FACE('',(#1414),#1380,.F.);
#1416=CARTESIAN_POINT('',(-0.,2.175,-20.971875));
#1417=DIRECTION('',(0.,0.,1.));
#1418=DIRECTION('',(1.,0.,0.));
#1419=AXIS2_PLACEMENT_3D('',#1416,#1417,#1418);
#1420=PLANE('',#1419);
#1421=CARTESIAN_POINT('',(62.5025,3.175,-20.971875));
#1422=VERTEX_POINT('',#1421);
#1423=CARTESIAN_POINT('',(62.5025,2.175,-20.971875));
#1424=VERTEX_POINT('',#1423);
#1425=CARTESIAN_POINT('',(62.5025,3.175,-20.971875));
#1426=DIRECTION('',(0.,-1.,0.));
#1427=VECTOR('',#1426,1.);
#1428=LINE('',#1425,#1427);
#1429=EDGE_CURVE('',#1422,#1424,#1428,.T.);
#1430=ORIENTED_EDGE('',*,*,#1429,.F.);
#1431=CARTESIAN_POINT('',(2.,3.175,-20.971875));
#1432=VERTEX_POINT('',#1431);
#1433=CARTESIAN_POINT('',(2.,3.175,-20.971875));
#1434=DIRECTION('',(1.,0.,-0.));
#1435=VECTOR('',#1434,60.5025);
#1436=LINE('',#1433,#1435);
#1437=EDGE_CURVE('',#1432,#1422,#1436,.T.);
#1438=ORIENTED_EDGE('',*,*,#1437,.F.);
#1439=CARTESIAN_POINT('',(2.,2.175,-20.971875));
#1440=VERTEX_POINT('',#1439);
#1441=CARTESIAN_POINT('',(2.,2.175,-20.971875));
#1442=DIRECTION('',(0.,1.,0.));
#1443=VECTOR('',#1442,1.);
#1444=LINE('',#1441,#1443);
#1445=EDGE_CURVE('',#1440,#1432,#1444,.T.);
#1446=ORIENTED_EDGE('',*,*,#1445,.F.);
#1447=CARTESIAN_POINT('',(2.,2.175,-20.971875));
#1448=DIRECTION('',(1.,0.,-0.));
#1449=VECTOR('',#1448,60.5025);
#1450=LINE('',#1447,#1449);
#1451=EDGE_CURVE('',#1440,#1424,#1450,.T.);
#1452=ORIENTED_EDGE('',*,*,#1451,.T.);
#1453=EDGE_LOOP('',(#1430,#1438,#1446,#1452));
#1454=FACE_BOUND('',#1453,.T.);
#1455=ADVANCED_FACE('',(#1454),#1420,.T.);
#1456=CARTESIAN_POINT('',(0.,3.175,55.55));
#1457=DIRECTION('',(0.,-1.,0.));
#1458=DIRECTION('',(0.,0.,-1.));
#1459=AXIS2_PLACEMENT_3D('',#1456,#1457,#1458);
#1460=PLANE('',#1459);
#1461=CARTESIAN_POINT('',(6.5025,3.175,-23.5846875));
#1462=VERTEX_POINT('',#1461);
#1463=CARTESIAN_POINT('',(6.5025,3.175,-25.5846875));
#1464=DIRECTION('',(0.,1.,0.));
#1465=DIRECTION('',(0.,-0.,1.));
#1466=AXIS2_PLACEMENT_3D('',#1463,#1464,#1465);
#1467=CIRCLE('',#1466,2.);
#1468=EDGE_CURVE('',#1462,#1462,#1467,.T.);
#1469=ORIENTED_EDGE('',*,*,#1468,.F.);
#1470=EDGE_LOOP('',(#1469));
#1471=FACE_BOUND('',#1470,.T.);
#1472=CARTESIAN_POINT('',(36.5025,3.175,-23.5846875));
#1473=VERTEX_POINT('',#1472);
#1474=CARTESIAN_POINT('',(36.5025,3.175,-25.5846875));
#1475=DIRECTION('',(0.,1.,0.));
#1476=DIRECTION('',(0.,-0.,1.));
#1477=AXIS2_PLACEMENT_3D('',#1474,#1475,#1476);
#1478=CIRCLE('',#1477,2.);
#1479=EDGE_CURVE('',#1473,#1473,#1478,.T.);
#1480=ORIENTED_EDGE('',*,*,#1479,.F.);
#1481=EDGE_LOOP('',(#1480));
#1482=FACE_BOUND('',#1481,.T.);
#1483=CARTESIAN_POINT('',(26.5025,3.175,-23.5846875));
#1484=VERTEX_POINT('',#1483);
#1485=CARTESIAN_POINT('',(26.5025,3.175,-25.5846875));
#1486=DIRECTION('',(0.,1.,0.));
#1487=DIRECTION('',(0.,-0.,1.));
#1488=AXIS2_PLACEMENT_3D('',#1485,#1486,#1487);
#1489=CIRCLE('',#1488,2.);
#1490=EDGE_CURVE('',#1484,#1484,#1489,.T.);
#1491=ORIENTED_EDGE('',*,*,#1490,.F.);
#1492=EDGE_LOOP('',(#1491));
#1493=FACE_BOUND('',#1492,.T.);
#1494=CARTESIAN_POINT('',(16.5025,3.175,-23.5846875));
#1495=VERTEX_POINT('',#1494);
#1496=CARTESIAN_POINT('',(16.5025,3.175,-25.5846875));
#1497=DIRECTION('',(0.,1.,0.));
#1498=DIRECTION('',(0.,-0.,1.));
#1499=AXIS2_PLACEMENT_3D('',#1496,#1497,#1498);
#1500=CIRCLE('',#1499,2.);
#1501=EDGE_CURVE('',#1495,#1495,#1500,.T.);
#1502=ORIENTED_EDGE('',*,*,#1501,.F.);
#1503=EDGE_LOOP('',(#1502));
#1504=FACE_BOUND('',#1503,.T.);
#1505=CARTESIAN_POINT('',(46.5025,3.175,-23.5846875));
#1506=VERTEX_POINT('',#1505);
#1507=CARTESIAN_POINT('',(46.5025,3.175,-25.5846875));
#1508=DIRECTION('',(0.,1.,0.));
#1509=DIRECTION('',(0.,-0.,1.));
#1510=AXIS2_PLACEMENT_3D('',#1507,#1508,#1509);
#1511=CIRCLE('',#1510,2.);
#1512=EDGE_CURVE('',#1506,#1506,#1511,.T.);
#1513=ORIENTED_EDGE('',*,*,#1512,.F.);
#1514=EDGE_LOOP('',(#1513));
#1515=FACE_BOUND('',#1514,.T.);
#1516=CARTESIAN_POINT('',(56.5025,3.175,-23.5846875));
#1517=VERTEX_POINT('',#1516);
#1518=CARTESIAN_POINT('',(56.5025,3.175,-25.5846875));
#1519=DIRECTION('',(0.,1.,0.));
#1520=DIRECTION('',(0.,-0.,1.));
#1521=AXIS2_PLACEMENT_3D('',#1518,#1519,#1520);
#1522=CIRCLE('',#1521,2.);
#1523=EDGE_CURVE('',#1517,#1517,#1522,.T.);
#1524=ORIENTED_EDGE('',*,*,#1523,.F.);
#1525=EDGE_LOOP('',(#1524));
#1526=FACE_BOUND('',#1525,.T.);
#1527=CARTESIAN_POINT('',(62.5025,3.175,-20.971875));
#1528=DIRECTION('',(-0.,0.,-1.));
#1529=VECTOR('',#1528,9.125625);
#1530=LINE('',#1527,#1529);
#1531=EDGE_CURVE('',#1422,#1384,#1530,.T.);
#1532=ORIENTED_EDGE('',*,*,#1531,.T.);
#1533=ORIENTED_EDGE('',*,*,#1389,.F.);
#1534=CARTESIAN_POINT('',(2.,3.175,-30.0975));
#1535=DIRECTION('',(0.,0.,1.));
#1536=VECTOR('',#1535,9.125625);
#1537=LINE('',#1534,#1536);
#1538=EDGE_CURVE('',#1382,#1432,#1537,.T.);
#1539=ORIENTED_EDGE('',*,*,#1538,.T.);
#1540=ORIENTED_EDGE('',*,*,#1437,.T.);
#1541=EDGE_LOOP('',(#1532,#1533,#1539,#1540));
#1542=FACE_BOUND('',#1541,.T.);
#1543=ADVANCED_FACE('',(#1471,#1482,#1493,#1504,#1515,#1526,#1542),#1460,.F.);
#1544=CARTESIAN_POINT('',(-0.,2.175,-87.631875));
#1545=DIRECTION('',(0.,0.,1.));
#1546=DIRECTION('',(1.,0.,0.));
#1547=AXIS2_PLACEMENT_3D('',#1544,#1545,#1546);
#1548=PLANE('',#1547);
#1549=CARTESIAN_POINT('',(62.5025,3.175,-87.631875));
#1550=VERTEX_POINT('',#1549);
#1551=CARTESIAN_POINT('',(62.5025,2.175,-87.631875));
#1552=VERTEX_POINT('',#1551);
#1553=CARTESIAN_POINT('',(62.5025,3.175,-87.631875));
#1554=DIRECTION('',(0.,-1.,0.));
#1555=VECTOR('',#1554,1.);
#1556=LINE('',#1553,#1555);
#1557=EDGE_CURVE('',#1550,#1552,#1556,.T.);
#1558=ORIENTED_EDGE('',*,*,#1557,.F.);
#1559=CARTESIAN_POINT('',(2.,3.175,-87.631875));
#1560=VERTEX_POINT('',#1559);
#1561=CARTESIAN_POINT('',(2.,3.175,-87.631875));
#1562=DIRECTION('',(1.,0.,-0.));
#1563=VECTOR('',#1562,60.5025);
#1564=LINE('',#1561,#1563);
#1565=EDGE_CURVE('',#1560,#1550,#1564,.T.);
#1566=ORIENTED_EDGE('',*,*,#1565,.F.);
#1567=CARTESIAN_POINT('',(2.,2.175,-87.631875));
#1568=VERTEX_POINT('',#1567);
#1569=CARTESIAN_POINT('',(2.,2.175,-87.631875));
#1570=DIRECTION('',(0.,1.,0.));
#1571=VECTOR('',#1570,1.);
#1572=LINE('',#1569,#1571);
#1573=EDGE_CURVE('',#1568,#1560,#1572,.T.);
#1574=ORIENTED_EDGE('',*,*,#1573,.F.);
#1575=CARTESIAN_POINT('',(2.,2.175,-87.631875));
#1576=DIRECTION('',(1.,0.,-0.));
#1577=VECTOR('',#1576,60.5025);
#1578=LINE('',#1575,#1577);
#1579=EDGE_CURVE('',#1568,#1552,#1578,.T.);
#1580=ORIENTED_EDGE('',*,*,#1579,.T.);
#1581=EDGE_LOOP('',(#1558,#1566,#1574,#1580));
#1582=FACE_BOUND('',#1581,.T.);
#1583=ADVANCED_FACE('',(#1582),#1548,.T.);
#1584=CARTESIAN_POINT('',(0.,3.175,0.));
#1585=DIRECTION('',(0.,-1.,0.));
#1586=DIRECTION('',(0.,0.,-1.));
#1587=AXIS2_PLACEMENT_3D('',#1584,#1585,#1586);
#1588=PLANE('',#1587);
#1589=CARTESIAN_POINT('',(7.,3.175,-90.6396875));
#1590=VERTEX_POINT('',#1589);
#1591=CARTESIAN_POINT('',(32.,3.175,-90.6396875));
#1592=VERTEX_POINT('',#1591);
#1593=CARTESIAN_POINT('',(7.,3.175,-90.6396875));
#1594=DIRECTION('',(1.,0.,-0.));
#1595=VECTOR('',#1594,25.);
#1596=LINE('',#1593,#1595);
#1597=EDGE_CURVE('',#1590,#1592,#1596,.T.);
#1598=ORIENTED_EDGE('',*,*,#1597,.F.);
#1599=CARTESIAN_POINT('',(7.,3.175,-93.6396875));
#1600=VERTEX_POINT('',#1599);
#1601=CARTESIAN_POINT('',(7.,3.175,-93.6396875));
#1602=DIRECTION('',(0.,0.,1.));
#1603=VECTOR('',#1602,3.);
#1604=LINE('',#1601,#1603);
#1605=EDGE_CURVE('',#1600,#1590,#1604,.T.);
#1606=ORIENTED_EDGE('',*,*,#1605,.F.);
#1607=CARTESIAN_POINT('',(32.,3.175,-93.6396875));
#1608=VERTEX_POINT('',#1607);
#1609=CARTESIAN_POINT('',(32.,3.175,-93.6396875));
#1610=DIRECTION('',(-1.,0.,0.));
#1611=VECTOR('',#1610,25.);
#1612=LINE('',#1609,#1611);
#1613=EDGE_CURVE('',#1608,#1600,#1612,.T.);
#1614=ORIENTED_EDGE('',*,*,#1613,.F.);
#1615=CARTESIAN_POINT('',(32.,3.175,-90.6396875));
#1616=DIRECTION('',(0.,0.,-1.));
#1617=VECTOR('',#1616,3.);
#1618=LINE('',#1615,#1617);
#1619=EDGE_CURVE('',#1592,#1608,#1618,.T.);
#1620=ORIENTED_EDGE('',*,*,#1619,.F.);
#1621=EDGE_LOOP('',(#1598,#1606,#1614,#1620));
#1622=FACE_BOUND('',#1621,.T.);
#1623=CARTESIAN_POINT('',(62.5025,3.175,-96.6475));
#1624=VERTEX_POINT('',#1623);
#1625=CARTESIAN_POINT('',(62.5025,3.175,-87.631875));
#1626=DIRECTION('',(-0.,0.,-1.));
#1627=VECTOR('',#1626,9.015625);
#1628=LINE('',#1625,#1627);
#1629=EDGE_CURVE('',#1550,#1624,#1628,.T.);
#1630=ORIENTED_EDGE('',*,*,#1629,.T.);
#1631=CARTESIAN_POINT('',(50.,3.175,-96.6475));
#1632=VERTEX_POINT('',#1631);
#1633=CARTESIAN_POINT('',(50.,3.175,-96.6475));
#1634=DIRECTION('',(1.,0.,-0.));
#1635=VECTOR('',#1634,12.5025);
#1636=LINE('',#1633,#1635);
#1637=EDGE_CURVE('',#1632,#1624,#1636,.T.);
#1638=ORIENTED_EDGE('',*,*,#1637,.F.);
#1639=CARTESIAN_POINT('',(50.,3.175,-99.65));
#1640=VERTEX_POINT('',#1639);
#1641=CARTESIAN_POINT('',(50.,3.175,-99.65));
#1642=DIRECTION('',(0.,0.,1.));
#1643=VECTOR('',#1642,3.0025);
#1644=LINE('',#1641,#1643);
#1645=EDGE_CURVE('',#1640,#1632,#1644,.T.);
#1646=ORIENTED_EDGE('',*,*,#1645,.F.);
#1647=CARTESIAN_POINT('',(20.,3.175,-99.65));
#1648=VERTEX_POINT('',#1647);
#1649=CARTESIAN_POINT('',(50.,3.175,-99.65));
#1650=DIRECTION('',(-1.,0.,0.));
#1651=VECTOR('',#1650,30.);
#1652=LINE('',#1649,#1651);
#1653=EDGE_CURVE('',#1640,#1648,#1652,.T.);
#1654=ORIENTED_EDGE('',*,*,#1653,.T.);
#1655=CARTESIAN_POINT('',(20.,3.175,-96.6475));
#1656=VERTEX_POINT('',#1655);
#1657=CARTESIAN_POINT('',(20.,3.175,-96.6475));
#1658=DIRECTION('',(0.,0.,-1.));
#1659=VECTOR('',#1658,3.0025);
#1660=LINE('',#1657,#1659);
#1661=EDGE_CURVE('',#1656,#1648,#1660,.T.);
#1662=ORIENTED_EDGE('',*,*,#1661,.F.);
#1663=CARTESIAN_POINT('',(2.,3.175,-96.6475));
#1664=VERTEX_POINT('',#1663);
#1665=CARTESIAN_POINT('',(2.,3.175,-96.6475));
#1666=DIRECTION('',(1.,0.,-0.));
#1667=VECTOR('',#1666,18.);
#1668=LINE('',#1665,#1667);
#1669=EDGE_CURVE('',#1664,#1656,#1668,.T.);
#1670=ORIENTED_EDGE('',*,*,#1669,.F.);
#1671=CARTESIAN_POINT('',(2.,3.175,-96.6475));
#1672=DIRECTION('',(0.,0.,1.));
#1673=VECTOR('',#1672,9.015625);
#1674=LINE('',#1671,#1673);
#1675=EDGE_CURVE('',#1664,#1560,#1674,.T.);
#1676=ORIENTED_EDGE('',*,*,#1675,.T.);
#1677=ORIENTED_EDGE('',*,*,#1565,.T.);
#1678=EDGE_LOOP('',(#1630,#1638,#1646,#1654,#1662,#1670,#1676,#1677));
#1679=FACE_BOUND('',#1678,.T.);
#1680=ADVANCED_FACE('',(#1622,#1679),#1588,.F.);
#1681=CARTESIAN_POINT('',(0.,3.175,0.));
#1682=DIRECTION('',(0.,-1.,0.));
#1683=DIRECTION('',(0.,0.,-1.));
#1684=AXIS2_PLACEMENT_3D('',#1681,#1682,#1683);
#1685=PLANE('',#1684);
#1686=CARTESIAN_POINT('',(62.5025,3.175,-18.9875));
#1687=VERTEX_POINT('',#1686);
#1688=CARTESIAN_POINT('',(62.5025,3.175,-4.7625));
#1689=DIRECTION('',(-0.,-0.,-1.));
#1690=VECTOR('',#1689,14.225);
#1691=LINE('',#1688,#1690);
#1692=EDGE_CURVE('',#213,#1687,#1691,.T.);
#1693=ORIENTED_EDGE('',*,*,#1692,.T.);
#1694=CARTESIAN_POINT('',(2.,3.175,-18.9875));
#1695=VERTEX_POINT('',#1694);
#1696=CARTESIAN_POINT('',(62.5025,3.175,-18.9875));
#1697=DIRECTION('',(-1.,0.,0.));
#1698=VECTOR('',#1697,60.5025);
#1699=LINE('',#1696,#1698);
#1700=EDGE_CURVE('',#1687,#1695,#1699,.T.);
#1701=ORIENTED_EDGE('',*,*,#1700,.T.);
#1702=CARTESIAN_POINT('',(2.,3.175,-4.7625));
#1703=VERTEX_POINT('',#1702);
#1704=CARTESIAN_POINT('',(2.,3.175,-18.9875));
#1705=DIRECTION('',(0.,0.,1.));
#1706=VECTOR('',#1705,14.225);
#1707=LINE('',#1704,#1706);
#1708=EDGE_CURVE('',#1695,#1703,#1707,.T.);
#1709=ORIENTED_EDGE('',*,*,#1708,.T.);
#1710=CARTESIAN_POINT('',(20.,3.175,-4.7625));
#1711=VERTEX_POINT('',#1710);
#1712=CARTESIAN_POINT('',(20.,3.175,-4.7625));
#1713=DIRECTION('',(-1.,0.,0.));
#1714=VECTOR('',#1713,18.);
#1715=LINE('',#1712,#1714);
#1716=EDGE_CURVE('',#1711,#1703,#1715,.T.);
#1717=ORIENTED_EDGE('',*,*,#1716,.F.);
#1718=CARTESIAN_POINT('',(20.,3.175,-1.7625));
#1719=VERTEX_POINT('',#1718);
#1720=CARTESIAN_POINT('',(20.,3.175,-1.7625));
#1721=DIRECTION('',(-0.,0.,-1.));
#1722=VECTOR('',#1721,3.);
#1723=LINE('',#1720,#1722);
#1724=EDGE_CURVE('',#1719,#1711,#1723,.T.);
#1725=ORIENTED_EDGE('',*,*,#1724,.F.);
#1726=CARTESIAN_POINT('',(50.,3.175,-1.7625));
#1727=VERTEX_POINT('',#1726);
#1728=CARTESIAN_POINT('',(20.,3.175,-1.7625));
#1729=DIRECTION('',(1.,0.,-0.));
#1730=VECTOR('',#1729,30.);
#1731=LINE('',#1728,#1730);
#1732=EDGE_CURVE('',#1719,#1727,#1731,.T.);
#1733=ORIENTED_EDGE('',*,*,#1732,.T.);
#1734=CARTESIAN_POINT('',(50.,3.175,-4.7625));
#1735=DIRECTION('',(0.,0.,1.));
#1736=VECTOR('',#1735,3.);
#1737=LINE('',#1734,#1736);
#1738=EDGE_CURVE('',#223,#1727,#1737,.T.);
#1739=ORIENTED_EDGE('',*,*,#1738,.F.);
#1740=ORIENTED_EDGE('',*,*,#228,.F.);
#1741=EDGE_LOOP('',(#1693,#1701,#1709,#1717,#1725,#1733,#1739,#1740));
#1742=FACE_BOUND('',#1741,.T.);
#1743=ADVANCED_FACE('',(#1742),#1685,.F.);
#1744=CARTESIAN_POINT('',(0.,3.175,0.));
#1745=DIRECTION('',(0.,-1.,0.));
#1746=DIRECTION('',(0.,0.,-1.));
#1747=AXIS2_PLACEMENT_3D('',#1744,#1745,#1746);
#1748=PLANE('',#1747);
#1749=CARTESIAN_POINT('',(46.5025,3.175,-67.9846875));
#1750=VERTEX_POINT('',#1749);
#1751=CARTESIAN_POINT('',(46.5025,3.175,-69.9846875));
#1752=DIRECTION('',(0.,1.,0.));
#1753=DIRECTION('',(0.,-0.,1.));
#1754=AXIS2_PLACEMENT_3D('',#1751,#1752,#1753);
#1755=CIRCLE('',#1754,2.);
#1756=EDGE_CURVE('',#1750,#1750,#1755,.T.);
#1757=ORIENTED_EDGE('',*,*,#1756,.F.);
#1758=EDGE_LOOP('',(#1757));
#1759=FACE_BOUND('',#1758,.T.);
#1760=CARTESIAN_POINT('',(56.5025,3.175,-67.9846875));
#1761=VERTEX_POINT('',#1760);
#1762=CARTESIAN_POINT('',(56.5025,3.175,-69.9846875));
#1763=DIRECTION('',(0.,1.,0.));
#1764=DIRECTION('',(0.,-0.,1.));
#1765=AXIS2_PLACEMENT_3D('',#1762,#1763,#1764);
#1766=CIRCLE('',#1765,2.);
#1767=EDGE_CURVE('',#1761,#1761,#1766,.T.);
#1768=ORIENTED_EDGE('',*,*,#1767,.F.);
#1769=EDGE_LOOP('',(#1768));
#1770=FACE_BOUND('',#1769,.T.);
#1771=CARTESIAN_POINT('',(36.5025,3.175,-67.9846875));
#1772=VERTEX_POINT('',#1771);
#1773=CARTESIAN_POINT('',(36.5025,3.175,-69.9846875));
#1774=DIRECTION('',(0.,1.,0.));
#1775=DIRECTION('',(0.,-0.,1.));
#1776=AXIS2_PLACEMENT_3D('',#1773,#1774,#1775);
#1777=CIRCLE('',#1776,2.);
#1778=EDGE_CURVE('',#1772,#1772,#1777,.T.);
#1779=ORIENTED_EDGE('',*,*,#1778,.F.);
#1780=EDGE_LOOP('',(#1779));
#1781=FACE_BOUND('',#1780,.T.);
#1782=CARTESIAN_POINT('',(26.5025,3.175,-67.9846875));
#1783=VERTEX_POINT('',#1782);
#1784=CARTESIAN_POINT('',(26.5025,3.175,-69.9846875));
#1785=DIRECTION('',(0.,1.,0.));
#1786=DIRECTION('',(0.,-0.,1.));
#1787=AXIS2_PLACEMENT_3D('',#1784,#1785,#1786);
#1788=CIRCLE('',#1787,2.);
#1789=EDGE_CURVE('',#1783,#1783,#1788,.T.);
#1790=ORIENTED_EDGE('',*,*,#1789,.F.);
#1791=EDGE_LOOP('',(#1790));
#1792=FACE_BOUND('',#1791,.T.);
#1793=CARTESIAN_POINT('',(16.5025,3.175,-67.9846875));
#1794=VERTEX_POINT('',#1793);
#1795=CARTESIAN_POINT('',(16.5025,3.175,-69.9846875));
#1796=DIRECTION('',(0.,1.,0.));
#1797=DIRECTION('',(0.,-0.,1.));
#1798=AXIS2_PLACEMENT_3D('',#1795,#1796,#1797);
#1799=CIRCLE('',#1798,2.);
#1800=EDGE_CURVE('',#1794,#1794,#1799,.T.);
#1801=ORIENTED_EDGE('',*,*,#1800,.F.);
#1802=EDGE_LOOP('',(#1801));
#1803=FACE_BOUND('',#1802,.T.);
#1804=CARTESIAN_POINT('',(6.5025,3.175,-67.9846875));
#1805=VERTEX_POINT('',#1804);
#1806=CARTESIAN_POINT('',(6.5025,3.175,-69.9846875));
#1807=DIRECTION('',(0.,1.,0.));
#1808=DIRECTION('',(0.,-0.,1.));
#1809=AXIS2_PLACEMENT_3D('',#1806,#1807,#1808);
#1810=CIRCLE('',#1809,2.);
#1811=EDGE_CURVE('',#1805,#1805,#1810,.T.);
#1812=ORIENTED_EDGE('',*,*,#1811,.F.);
#1813=EDGE_LOOP('',(#1812));
#1814=FACE_BOUND('',#1813,.T.);
#1815=CARTESIAN_POINT('',(62.5025,3.175,-65.411875));
#1816=VERTEX_POINT('',#1815);
#1817=CARTESIAN_POINT('',(62.5025,3.175,-74.5375));
#1818=VERTEX_POINT('',#1817);
#1819=CARTESIAN_POINT('',(62.5025,3.175,-65.411875));
#1820=DIRECTION('',(-0.,-0.,-1.));
#1821=VECTOR('',#1820,9.125625);
#1822=LINE('',#1819,#1821);
#1823=EDGE_CURVE('',#1816,#1818,#1822,.T.);
#1824=ORIENTED_EDGE('',*,*,#1823,.T.);
#1825=CARTESIAN_POINT('',(2.,3.175,-74.5375));
#1826=VERTEX_POINT('',#1825);
#1827=CARTESIAN_POINT('',(2.,3.175,-74.5375));
#1828=DIRECTION('',(1.,0.,-0.));
#1829=VECTOR('',#1828,60.5025);
#1830=LINE('',#1827,#1829);
#1831=EDGE_CURVE('',#1826,#1818,#1830,.T.);
#1832=ORIENTED_EDGE('',*,*,#1831,.F.);
#1833=CARTESIAN_POINT('',(2.,3.175,-65.411875));
#1834=VERTEX_POINT('',#1833);
#1835=CARTESIAN_POINT('',(2.,3.175,-74.5375));
#1836=DIRECTION('',(0.,0.,1.));
#1837=VECTOR('',#1836,9.125625);
#1838=LINE('',#1835,#1837);
#1839=EDGE_CURVE('',#1826,#1834,#1838,.T.);
#1840=ORIENTED_EDGE('',*,*,#1839,.T.);
#1841=CARTESIAN_POINT('',(2.,3.175,-65.411875));
#1842=DIRECTION('',(1.,0.,-0.));
#1843=VECTOR('',#1842,60.5025);
#1844=LINE('',#1841,#1843);
#1845=EDGE_CURVE('',#1834,#1816,#1844,.T.);
#1846=ORIENTED_EDGE('',*,*,#1845,.T.);
#1847=EDGE_LOOP('',(#1824,#1832,#1840,#1846));
#1848=FACE_BOUND('',#1847,.T.);
#1849=ADVANCED_FACE('',(#1759,#1770,#1781,#1792,#1803,#1814,#1848),#1748,.F.);
#1850=CARTESIAN_POINT('',(0.,3.175,0.));
#1851=DIRECTION('',(0.,-1.,0.));
#1852=DIRECTION('',(0.,0.,-1.));
#1853=AXIS2_PLACEMENT_3D('',#1850,#1851,#1852);
#1854=PLANE('',#1853);
#1855=CARTESIAN_POINT('',(16.5025,3.175,-56.8846875));
#1856=VERTEX_POINT('',#1855);
#1857=CARTESIAN_POINT('',(16.5025,3.175,-58.8846875));
#1858=DIRECTION('',(0.,1.,0.));
#1859=DIRECTION('',(0.,-0.,1.));
#1860=AXIS2_PLACEMENT_3D('',#1857,#1858,#1859);
#1861=CIRCLE('',#1860,2.);
#1862=EDGE_CURVE('',#1856,#1856,#1861,.T.);
#1863=ORIENTED_EDGE('',*,*,#1862,.F.);
#1864=EDGE_LOOP('',(#1863));
#1865=FACE_BOUND('',#1864,.T.);
#1866=CARTESIAN_POINT('',(26.5025,3.175,-56.8846875));
#1867=VERTEX_POINT('',#1866);
#1868=CARTESIAN_POINT('',(26.5025,3.175,-58.8846875));
#1869=DIRECTION('',(0.,1.,0.));
#1870=DIRECTION('',(0.,-0.,1.));
#1871=AXIS2_PLACEMENT_3D('',#1868,#1869,#1870);
#1872=CIRCLE('',#1871,2.);
#1873=EDGE_CURVE('',#1867,#1867,#1872,.T.);
#1874=ORIENTED_EDGE('',*,*,#1873,.F.);
#1875=EDGE_LOOP('',(#1874));
#1876=FACE_BOUND('',#1875,.T.);
#1877=CARTESIAN_POINT('',(56.5025,3.175,-56.8846875));
#1878=VERTEX_POINT('',#1877);
#1879=CARTESIAN_POINT('',(56.5025,3.175,-58.8846875));
#1880=DIRECTION('',(0.,1.,0.));
#1881=DIRECTION('',(0.,-0.,1.));
#1882=AXIS2_PLACEMENT_3D('',#1879,#1880,#1881);
#1883=CIRCLE('',#1882,2.);
#1884=EDGE_CURVE('',#1878,#1878,#1883,.T.);
#1885=ORIENTED_EDGE('',*,*,#1884,.F.);
#1886=EDGE_LOOP('',(#1885));
#1887=FACE_BOUND('',#1886,.T.);
#1888=CARTESIAN_POINT('',(46.5025,3.175,-56.8846875));
#1889=VERTEX_POINT('',#1888);
#1890=CARTESIAN_POINT('',(46.5025,3.175,-58.8846875));
#1891=DIRECTION('',(0.,1.,0.));
#1892=DIRECTION('',(0.,-0.,1.));
#1893=AXIS2_PLACEMENT_3D('',#1890,#1891,#1892);
#1894=CIRCLE('',#1893,2.);
#1895=EDGE_CURVE('',#1889,#1889,#1894,.T.);
#1896=ORIENTED_EDGE('',*,*,#1895,.F.);
#1897=EDGE_LOOP('',(#1896));
#1898=FACE_BOUND('',#1897,.T.);
#1899=CARTESIAN_POINT('',(36.5025,3.175,-56.8846875));
#1900=VERTEX_POINT('',#1899);
#1901=CARTESIAN_POINT('',(36.5025,3.175,-58.8846875));
#1902=DIRECTION('',(0.,1.,0.));
#1903=DIRECTION('',(0.,-0.,1.));
#1904=AXIS2_PLACEMENT_3D('',#1901,#1902,#1903);
#1905=CIRCLE('',#1904,2.);
#1906=EDGE_CURVE('',#1900,#1900,#1905,.T.);
#1907=ORIENTED_EDGE('',*,*,#1906,.F.);
#1908=EDGE_LOOP('',(#1907));
#1909=FACE_BOUND('',#1908,.T.);
#1910=CARTESIAN_POINT('',(6.5025,3.175,-56.8846875));
#1911=VERTEX_POINT('',#1910);
#1912=CARTESIAN_POINT('',(6.5025,3.175,-58.8846875));
#1913=DIRECTION('',(0.,1.,0.));
#1914=DIRECTION('',(0.,-0.,1.));
#1915=AXIS2_PLACEMENT_3D('',#1912,#1913,#1914);
#1916=CIRCLE('',#1915,2.);
#1917=EDGE_CURVE('',#1911,#1911,#1916,.T.);
#1918=ORIENTED_EDGE('',*,*,#1917,.F.);
#1919=EDGE_LOOP('',(#1918));
#1920=FACE_BOUND('',#1919,.T.);
#1921=CARTESIAN_POINT('',(62.5025,3.175,-54.301875));
#1922=VERTEX_POINT('',#1921);
#1923=CARTESIAN_POINT('',(62.5025,3.175,-63.4275));
#1924=VERTEX_POINT('',#1923);
#1925=CARTESIAN_POINT('',(62.5025,3.175,-54.301875));
#1926=DIRECTION('',(-0.,0.,-1.));
#1927=VECTOR('',#1926,9.125625);
#1928=LINE('',#1925,#1927);
#1929=EDGE_CURVE('',#1922,#1924,#1928,.T.);
#1930=ORIENTED_EDGE('',*,*,#1929,.T.);
#1931=CARTESIAN_POINT('',(2.,3.175,-63.4275));
#1932=VERTEX_POINT('',#1931);
#1933=CARTESIAN_POINT('',(2.,3.175,-63.4275));
#1934=DIRECTION('',(1.,0.,-0.));
#1935=VECTOR('',#1934,60.5025);
#1936=LINE('',#1933,#1935);
#1937=EDGE_CURVE('',#1932,#1924,#1936,.T.);
#1938=ORIENTED_EDGE('',*,*,#1937,.F.);
#1939=CARTESIAN_POINT('',(2.,3.175,-54.301875));
#1940=VERTEX_POINT('',#1939);
#1941=CARTESIAN_POINT('',(2.,3.175,-63.4275));
#1942=DIRECTION('',(0.,0.,1.));
#1943=VECTOR('',#1942,9.125625);
#1944=LINE('',#1941,#1943);
#1945=EDGE_CURVE('',#1932,#1940,#1944,.T.);
#1946=ORIENTED_EDGE('',*,*,#1945,.T.);
#1947=CARTESIAN_POINT('',(2.,3.175,-54.301875));
#1948=DIRECTION('',(1.,0.,-0.));
#1949=VECTOR('',#1948,60.5025);
#1950=LINE('',#1947,#1949);
#1951=EDGE_CURVE('',#1940,#1922,#1950,.T.);
#1952=ORIENTED_EDGE('',*,*,#1951,.T.);
#1953=EDGE_LOOP('',(#1930,#1938,#1946,#1952));
#1954=FACE_BOUND('',#1953,.T.);
#1955=ADVANCED_FACE('',(#1865,#1876,#1887,#1898,#1909,#1920,#1954),#1854,.F.);
#1956=CARTESIAN_POINT('',(0.,3.175,0.));
#1957=DIRECTION('',(0.,-1.,0.));
#1958=DIRECTION('',(0.,0.,-1.));
#1959=AXIS2_PLACEMENT_3D('',#1956,#1957,#1958);
#1960=PLANE('',#1959);
#1961=CARTESIAN_POINT('',(6.5025,3.175,-45.7846875));
#1962=VERTEX_POINT('',#1961);
#1963=CARTESIAN_POINT('',(6.5025,3.175,-47.7846875));
#1964=DIRECTION('',(0.,1.,0.));
#1965=DIRECTION('',(0.,-0.,1.));
#1966=AXIS2_PLACEMENT_3D('',#1963,#1964,#1965);
#1967=CIRCLE('',#1966,2.);
#1968=EDGE_CURVE('',#1962,#1962,#1967,.T.);
#1969=ORIENTED_EDGE('',*,*,#1968,.F.);
#1970=EDGE_LOOP('',(#1969));
#1971=FACE_BOUND('',#1970,.T.);
#1972=CARTESIAN_POINT('',(16.5025,3.175,-45.7846875));
#1973=VERTEX_POINT('',#1972);
#1974=CARTESIAN_POINT('',(16.5025,3.175,-47.7846875));
#1975=DIRECTION('',(0.,1.,0.));
#1976=DIRECTION('',(0.,-0.,1.));
#1977=AXIS2_PLACEMENT_3D('',#1974,#1975,#1976);
#1978=CIRCLE('',#1977,2.);
#1979=EDGE_CURVE('',#1973,#1973,#1978,.T.);
#1980=ORIENTED_EDGE('',*,*,#1979,.F.);
#1981=EDGE_LOOP('',(#1980));
#1982=FACE_BOUND('',#1981,.T.);
#1983=CARTESIAN_POINT('',(56.5025,3.175,-45.7846875));
#1984=VERTEX_POINT('',#1983);
#1985=CARTESIAN_POINT('',(56.5025,3.175,-47.7846875));
#1986=DIRECTION('',(0.,1.,0.));
#1987=DIRECTION('',(0.,-0.,1.));
#1988=AXIS2_PLACEMENT_3D('',#1985,#1986,#1987);
#1989=CIRCLE('',#1988,2.);
#1990=EDGE_CURVE('',#1984,#1984,#1989,.T.);
#1991=ORIENTED_EDGE('',*,*,#1990,.F.);
#1992=EDGE_LOOP('',(#1991));
#1993=FACE_BOUND('',#1992,.T.);
#1994=CARTESIAN_POINT('',(46.5025,3.175,-45.7846875));
#1995=VERTEX_POINT('',#1994);
#1996=CARTESIAN_POINT('',(46.5025,3.175,-47.7846875));
#1997=DIRECTION('',(0.,1.,0.));
#1998=DIRECTION('',(0.,-0.,1.));
#1999=AXIS2_PLACEMENT_3D('',#1996,#1997,#1998);
#2000=CIRCLE('',#1999,2.);
#2001=EDGE_CURVE('',#1995,#1995,#2000,.T.);
#2002=ORIENTED_EDGE('',*,*,#2001,.F.);
#2003=EDGE_LOOP('',(#2002));
#2004=FACE_BOUND('',#2003,.T.);
#2005=CARTESIAN_POINT('',(36.5025,3.175,-45.7846875));
#2006=VERTEX_POINT('',#2005);
#2007=CARTESIAN_POINT('',(36.5025,3.175,-47.7846875));
#2008=DIRECTION('',(0.,1.,0.));
#2009=DIRECTION('',(0.,-0.,1.));
#2010=AXIS2_PLACEMENT_3D('',#2007,#2008,#2009);
#2011=CIRCLE('',#2010,2.);
#2012=EDGE_CURVE('',#2006,#2006,#2011,.T.);
#2013=ORIENTED_EDGE('',*,*,#2012,.F.);
#2014=EDGE_LOOP('',(#2013));
#2015=FACE_BOUND('',#2014,.T.);
#2016=CARTESIAN_POINT('',(26.5025,3.175,-45.7846875));
#2017=VERTEX_POINT('',#2016);
#2018=CARTESIAN_POINT('',(26.5025,3.175,-47.7846875));
#2019=DIRECTION('',(0.,1.,0.));
#2020=DIRECTION('',(0.,-0.,1.));
#2021=AXIS2_PLACEMENT_3D('',#2018,#2019,#2020);
#2022=CIRCLE('',#2021,2.);
#2023=EDGE_CURVE('',#2017,#2017,#2022,.T.);
#2024=ORIENTED_EDGE('',*,*,#2023,.F.);
#2025=EDGE_LOOP('',(#2024));
#2026=FACE_BOUND('',#2025,.T.);
#2027=CARTESIAN_POINT('',(62.5025,3.175,-43.191875));
#2028=VERTEX_POINT('',#2027);
#2029=CARTESIAN_POINT('',(62.5025,3.175,-52.3175));
#2030=VERTEX_POINT('',#2029);
#2031=CARTESIAN_POINT('',(62.5025,3.175,-43.191875));
#2032=DIRECTION('',(-0.,0.,-1.));
#2033=VECTOR('',#2032,9.125625);
#2034=LINE('',#2031,#2033);
#2035=EDGE_CURVE('',#2028,#2030,#2034,.T.);
#2036=ORIENTED_EDGE('',*,*,#2035,.T.);
#2037=CARTESIAN_POINT('',(2.,3.175,-52.3175));
#2038=VERTEX_POINT('',#2037);
#2039=CARTESIAN_POINT('',(2.,3.175,-52.3175));
#2040=DIRECTION('',(1.,0.,-0.));
#2041=VECTOR('',#2040,60.5025);
#2042=LINE('',#2039,#2041);
#2043=EDGE_CURVE('',#2038,#2030,#2042,.T.);
#2044=ORIENTED_EDGE('',*,*,#2043,.F.);
#2045=CARTESIAN_POINT('',(2.,3.175,-43.191875));
#2046=VERTEX_POINT('',#2045);
#2047=CARTESIAN_POINT('',(2.,3.175,-52.3175));
#2048=DIRECTION('',(0.,0.,1.));
#2049=VECTOR('',#2048,9.125625);
#2050=LINE('',#2047,#2049);
#2051=EDGE_CURVE('',#2038,#2046,#2050,.T.);
#2052=ORIENTED_EDGE('',*,*,#2051,.T.);
#2053=CARTESIAN_POINT('',(2.,3.175,-43.191875));
#2054=DIRECTION('',(1.,0.,-0.));
#2055=VECTOR('',#2054,60.5025);
#2056=LINE('',#2053,#2055);
#2057=EDGE_CURVE('',#2046,#2028,#2056,.T.);
#2058=ORIENTED_EDGE('',*,*,#2057,.T.);
#2059=EDGE_LOOP('',(#2036,#2044,#2052,#2058));
#2060=FACE_BOUND('',#2059,.T.);
#2061=ADVANCED_FACE('',(#1971,#1982,#1993,#2004,#2015,#2026,#2060),#1960,.F.);
#2062=CARTESIAN_POINT('',(0.,3.175,0.));
#2063=DIRECTION('',(0.,-1.,0.));
#2064=DIRECTION('',(0.,0.,-1.));
#2065=AXIS2_PLACEMENT_3D('',#2062,#2063,#2064);
#2066=PLANE('',#2065);
#2067=CARTESIAN_POINT('',(6.5025,3.175,-34.6846875));
#2068=VERTEX_POINT('',#2067);
#2069=CARTESIAN_POINT('',(6.5025,3.175,-36.6846875));
#2070=DIRECTION('',(0.,1.,0.));
#2071=DIRECTION('',(0.,-0.,1.));
#2072=AXIS2_PLACEMENT_3D('',#2069,#2070,#2071);
#2073=CIRCLE('',#2072,2.);
#2074=EDGE_CURVE('',#2068,#2068,#2073,.T.);
#2075=ORIENTED_EDGE('',*,*,#2074,.F.);
#2076=EDGE_LOOP('',(#2075));
#2077=FACE_BOUND('',#2076,.T.);
#2078=CARTESIAN_POINT('',(56.5025,3.175,-34.6846875));
#2079=VERTEX_POINT('',#2078);
#2080=CARTESIAN_POINT('',(56.5025,3.175,-36.6846875));
#2081=DIRECTION('',(0.,1.,0.));
#2082=DIRECTION('',(0.,-0.,1.));
#2083=AXIS2_PLACEMENT_3D('',#2080,#2081,#2082);
#2084=CIRCLE('',#2083,2.);
#2085=EDGE_CURVE('',#2079,#2079,#2084,.T.);
#2086=ORIENTED_EDGE('',*,*,#2085,.F.);
#2087=EDGE_LOOP('',(#2086));
#2088=FACE_BOUND('',#2087,.T.);
#2089=CARTESIAN_POINT('',(46.5025,3.175,-34.6846875));
#2090=VERTEX_POINT('',#2089);
#2091=CARTESIAN_POINT('',(46.5025,3.175,-36.6846875));
#2092=DIRECTION('',(0.,1.,0.));
#2093=DIRECTION('',(0.,-0.,1.));
#2094=AXIS2_PLACEMENT_3D('',#2091,#2092,#2093);
#2095=CIRCLE('',#2094,2.);
#2096=EDGE_CURVE('',#2090,#2090,#2095,.T.);
#2097=ORIENTED_EDGE('',*,*,#2096,.F.);
#2098=EDGE_LOOP('',(#2097));
#2099=FACE_BOUND('',#2098,.T.);
#2100=CARTESIAN_POINT('',(36.5025,3.175,-34.6846875));
#2101=VERTEX_POINT('',#2100);
#2102=CARTESIAN_POINT('',(36.5025,3.175,-36.6846875));
#2103=DIRECTION('',(0.,1.,0.));
#2104=DIRECTION('',(0.,-0.,1.));
#2105=AXIS2_PLACEMENT_3D('',#2102,#2103,#2104);
#2106=CIRCLE('',#2105,2.);
#2107=EDGE_CURVE('',#2101,#2101,#2106,.T.);
#2108=ORIENTED_EDGE('',*,*,#2107,.F.);
#2109=EDGE_LOOP('',(#2108));
#2110=FACE_BOUND('',#2109,.T.);
#2111=CARTESIAN_POINT('',(26.5025,3.175,-34.6846875));
#2112=VERTEX_POINT('',#2111);
#2113=CARTESIAN_POINT('',(26.5025,3.175,-36.6846875));
#2114=DIRECTION('',(0.,1.,0.));
#2115=DIRECTION('',(0.,-0.,1.));
#2116=AXIS2_PLACEMENT_3D('',#2113,#2114,#2115);
#2117=CIRCLE('',#2116,2.);
#2118=EDGE_CURVE('',#2112,#2112,#2117,.T.);
#2119=ORIENTED_EDGE('',*,*,#2118,.F.);
#2120=EDGE_LOOP('',(#2119));
#2121=FACE_BOUND('',#2120,.T.);
#2122=CARTESIAN_POINT('',(16.5025,3.175,-34.6846875));
#2123=VERTEX_POINT('',#2122);
#2124=CARTESIAN_POINT('',(16.5025,3.175,-36.6846875));
#2125=DIRECTION('',(0.,1.,0.));
#2126=DIRECTION('',(0.,-0.,1.));
#2127=AXIS2_PLACEMENT_3D('',#2124,#2125,#2126);
#2128=CIRCLE('',#2127,2.);
#2129=EDGE_CURVE('',#2123,#2123,#2128,.T.);
#2130=ORIENTED_EDGE('',*,*,#2129,.F.);
#2131=EDGE_LOOP('',(#2130));
#2132=FACE_BOUND('',#2131,.T.);
#2133=CARTESIAN_POINT('',(62.5025,3.175,-41.2075));
#2134=VERTEX_POINT('',#2133);
#2135=CARTESIAN_POINT('',(62.5025,3.175,-32.081875));
#2136=VERTEX_POINT('',#2135);
#2137=CARTESIAN_POINT('',(62.5025,3.175,-41.2075));
#2138=DIRECTION('',(0.,-0.,1.));
#2139=VECTOR('',#2138,9.125625);
#2140=LINE('',#2137,#2139);
#2141=EDGE_CURVE('',#2134,#2136,#2140,.T.);
#2142=ORIENTED_EDGE('',*,*,#2141,.F.);
#2143=CARTESIAN_POINT('',(2.,3.175,-41.2075));
#2144=VERTEX_POINT('',#2143);
#2145=CARTESIAN_POINT('',(2.,3.175,-41.2075));
#2146=DIRECTION('',(1.,0.,-0.));
#2147=VECTOR('',#2146,60.5025);
#2148=LINE('',#2145,#2147);
#2149=EDGE_CURVE('',#2144,#2134,#2148,.T.);
#2150=ORIENTED_EDGE('',*,*,#2149,.F.);
#2151=CARTESIAN_POINT('',(2.,3.175,-32.081875));
#2152=VERTEX_POINT('',#2151);
#2153=CARTESIAN_POINT('',(2.,3.175,-41.2075));
#2154=DIRECTION('',(0.,0.,1.));
#2155=VECTOR('',#2154,9.125625);
#2156=LINE('',#2153,#2155);
#2157=EDGE_CURVE('',#2144,#2152,#2156,.T.);
#2158=ORIENTED_EDGE('',*,*,#2157,.T.);
#2159=CARTESIAN_POINT('',(2.,3.175,-32.081875));
#2160=DIRECTION('',(1.,0.,-0.));
#2161=VECTOR('',#2160,60.5025);
#2162=LINE('',#2159,#2161);
#2163=EDGE_CURVE('',#2152,#2136,#2162,.T.);
#2164=ORIENTED_EDGE('',*,*,#2163,.T.);
#2165=EDGE_LOOP('',(#2142,#2150,#2158,#2164));
#2166=FACE_BOUND('',#2165,.T.);
#2167=ADVANCED_FACE('',(#2077,#2088,#2099,#2110,#2121,#2132,#2166),#2066,.F.);
#2168=CARTESIAN_POINT('',(0.,3.175,0.));
#2169=DIRECTION('',(0.,-1.,0.));
#2170=DIRECTION('',(0.,0.,-1.));
#2171=AXIS2_PLACEMENT_3D('',#2168,#2169,#2170);
#2172=PLANE('',#2171);
#2173=CARTESIAN_POINT('',(6.5025,3.175,-79.0846875));
#2174=VERTEX_POINT('',#2173);
#2175=CARTESIAN_POINT('',(6.5025,3.175,-81.0846875));
#2176=DIRECTION('',(0.,1.,0.));
#2177=DIRECTION('',(0.,-0.,1.));
#2178=AXIS2_PLACEMENT_3D('',#2175,#2176,#2177);
#2179=CIRCLE('',#2178,2.);
#2180=EDGE_CURVE('',#2174,#2174,#2179,.T.);
#2181=ORIENTED_EDGE('',*,*,#2180,.F.);
#2182=EDGE_LOOP('',(#2181));
#2183=FACE_BOUND('',#2182,.T.);
#2184=CARTESIAN_POINT('',(16.5025,3.175,-79.0846875));
#2185=VERTEX_POINT('',#2184);
#2186=CARTESIAN_POINT('',(16.5025,3.175,-81.0846875));
#2187=DIRECTION('',(0.,1.,0.));
#2188=DIRECTION('',(0.,-0.,1.));
#2189=AXIS2_PLACEMENT_3D('',#2186,#2187,#2188);
#2190=CIRCLE('',#2189,2.);
#2191=EDGE_CURVE('',#2185,#2185,#2190,.T.);
#2192=ORIENTED_EDGE('',*,*,#2191,.F.);
#2193=EDGE_LOOP('',(#2192));
#2194=FACE_BOUND('',#2193,.T.);
#2195=CARTESIAN_POINT('',(26.5025,3.175,-79.0846875));
#2196=VERTEX_POINT('',#2195);
#2197=CARTESIAN_POINT('',(26.5025,3.175,-81.0846875));
#2198=DIRECTION('',(0.,1.,0.));
#2199=DIRECTION('',(0.,-0.,1.));
#2200=AXIS2_PLACEMENT_3D('',#2197,#2198,#2199);
#2201=CIRCLE('',#2200,2.);
#2202=EDGE_CURVE('',#2196,#2196,#2201,.T.);
#2203=ORIENTED_EDGE('',*,*,#2202,.F.);
#2204=EDGE_LOOP('',(#2203));
#2205=FACE_BOUND('',#2204,.T.);
#2206=CARTESIAN_POINT('',(36.5025,3.175,-79.0846875));
#2207=VERTEX_POINT('',#2206);
#2208=CARTESIAN_POINT('',(36.5025,3.175,-81.0846875));
#2209=DIRECTION('',(0.,1.,0.));
#2210=DIRECTION('',(0.,-0.,1.));
#2211=AXIS2_PLACEMENT_3D('',#2208,#2209,#2210);
#2212=CIRCLE('',#2211,2.);
#2213=EDGE_CURVE('',#2207,#2207,#2212,.T.);
#2214=ORIENTED_EDGE('',*,*,#2213,.F.);
#2215=EDGE_LOOP('',(#2214));
#2216=FACE_BOUND('',#2215,.T.);
#2217=CARTESIAN_POINT('',(46.5025,3.175,-79.0846875));
#2218=VERTEX_POINT('',#2217);
#2219=CARTESIAN_POINT('',(46.5025,3.175,-81.0846875));
#2220=DIRECTION('',(0.,1.,0.));
#2221=DIRECTION('',(0.,-0.,1.));
#2222=AXIS2_PLACEMENT_3D('',#2219,#2220,#2221);
#2223=CIRCLE('',#2222,2.);
#2224=EDGE_CURVE('',#2218,#2218,#2223,.T.);
#2225=ORIENTED_EDGE('',*,*,#2224,.F.);
#2226=EDGE_LOOP('',(#2225));
#2227=FACE_BOUND('',#2226,.T.);
#2228=CARTESIAN_POINT('',(56.5025,3.175,-79.0846875));
#2229=VERTEX_POINT('',#2228);
#2230=CARTESIAN_POINT('',(56.5025,3.175,-81.0846875));
#2231=DIRECTION('',(0.,1.,0.));
#2232=DIRECTION('',(0.,-0.,1.));
#2233=AXIS2_PLACEMENT_3D('',#2230,#2231,#2232);
#2234=CIRCLE('',#2233,2.);
#2235=EDGE_CURVE('',#2229,#2229,#2234,.T.);
#2236=ORIENTED_EDGE('',*,*,#2235,.F.);
#2237=EDGE_LOOP('',(#2236));
#2238=FACE_BOUND('',#2237,.T.);
#2239=CARTESIAN_POINT('',(62.5025,3.175,-76.521875));
#2240=VERTEX_POINT('',#2239);
#2241=CARTESIAN_POINT('',(62.5025,3.175,-85.6475));
#2242=VERTEX_POINT('',#2241);
#2243=CARTESIAN_POINT('',(62.5025,3.175,-76.521875));
#2244=DIRECTION('',(-0.,0.,-1.));
#2245=VECTOR('',#2244,9.125625);
#2246=LINE('',#2243,#2245);
#2247=EDGE_CURVE('',#2240,#2242,#2246,.T.);
#2248=ORIENTED_EDGE('',*,*,#2247,.T.);
#2249=CARTESIAN_POINT('',(2.,3.175,-85.6475));
#2250=VERTEX_POINT('',#2249);
#2251=CARTESIAN_POINT('',(2.,3.175,-85.6475));
#2252=DIRECTION('',(1.,0.,-0.));
#2253=VECTOR('',#2252,60.5025);
#2254=LINE('',#2251,#2253);
#2255=EDGE_CURVE('',#2250,#2242,#2254,.T.);
#2256=ORIENTED_EDGE('',*,*,#2255,.F.);
#2257=CARTESIAN_POINT('',(2.,3.175,-76.521875));
#2258=VERTEX_POINT('',#2257);
#2259=CARTESIAN_POINT('',(2.,3.175,-85.6475));
#2260=DIRECTION('',(0.,0.,1.));
#2261=VECTOR('',#2260,9.125625);
#2262=LINE('',#2259,#2261);
#2263=EDGE_CURVE('',#2250,#2258,#2262,.T.);
#2264=ORIENTED_EDGE('',*,*,#2263,.T.);
#2265=CARTESIAN_POINT('',(2.,3.175,-76.521875));
#2266=DIRECTION('',(1.,0.,-0.));
#2267=VECTOR('',#2266,60.5025);
#2268=LINE('',#2265,#2267);
#2269=EDGE_CURVE('',#2258,#2240,#2268,.T.);
#2270=ORIENTED_EDGE('',*,*,#2269,.T.);
#2271=EDGE_LOOP('',(#2248,#2256,#2264,#2270));
#2272=FACE_BOUND('',#2271,.T.);
#2273=ADVANCED_FACE('',(#2183,#2194,#2205,#2216,#2227,#2238,#2272),#2172,.F.);
#2274=CARTESIAN_POINT('',(-0.,2.175,-76.521875));
#2275=DIRECTION('',(0.,0.,1.));
#2276=DIRECTION('',(1.,0.,0.));
#2277=AXIS2_PLACEMENT_3D('',#2274,#2275,#2276);
#2278=PLANE('',#2277);
#2279=CARTESIAN_POINT('',(62.5025,2.175,-76.521875));
#2280=VERTEX_POINT('',#2279);
#2281=CARTESIAN_POINT('',(62.5025,3.175,-76.521875));
#2282=DIRECTION('',(0.,-1.,0.));
#2283=VECTOR('',#2282,1.);
#2284=LINE('',#2281,#2283);
#2285=EDGE_CURVE('',#2240,#2280,#2284,.T.);
#2286=ORIENTED_EDGE('',*,*,#2285,.F.);
#2287=ORIENTED_EDGE('',*,*,#2269,.F.);
#2288=CARTESIAN_POINT('',(2.,2.175,-76.521875));
#2289=VERTEX_POINT('',#2288);
#2290=CARTESIAN_POINT('',(2.,2.175,-76.521875));
#2291=DIRECTION('',(0.,1.,0.));
#2292=VECTOR('',#2291,1.);
#2293=LINE('',#2290,#2292);
#2294=EDGE_CURVE('',#2289,#2258,#2293,.T.);
#2295=ORIENTED_EDGE('',*,*,#2294,.F.);
#2296=CARTESIAN_POINT('',(2.,2.175,-76.521875));
#2297=DIRECTION('',(1.,0.,-0.));
#2298=VECTOR('',#2297,60.5025);
#2299=LINE('',#2296,#2298);
#2300=EDGE_CURVE('',#2289,#2280,#2299,.T.);
#2301=ORIENTED_EDGE('',*,*,#2300,.T.);
#2302=EDGE_LOOP('',(#2286,#2287,#2295,#2301));
#2303=FACE_BOUND('',#2302,.T.);
#2304=ADVANCED_FACE('',(#2303),#2278,.T.);
#2305=CARTESIAN_POINT('',(-0.,2.175,-74.5375));
#2306=DIRECTION('',(0.,0.,1.));
#2307=DIRECTION('',(1.,0.,0.));
#2308=AXIS2_PLACEMENT_3D('',#2305,#2306,#2307);
#2309=PLANE('',#2308);
#2310=ORIENTED_EDGE('',*,*,#1831,.T.);
#2311=CARTESIAN_POINT('',(62.5025,2.175,-74.5375));
#2312=VERTEX_POINT('',#2311);
#2313=CARTESIAN_POINT('',(62.5025,3.175,-74.5375));
#2314=DIRECTION('',(0.,-1.,0.));
#2315=VECTOR('',#2314,1.);
#2316=LINE('',#2313,#2315);
#2317=EDGE_CURVE('',#1818,#2312,#2316,.T.);
#2318=ORIENTED_EDGE('',*,*,#2317,.T.);
#2319=CARTESIAN_POINT('',(2.,2.175,-74.5375));
#2320=VERTEX_POINT('',#2319);
#2321=CARTESIAN_POINT('',(2.,2.175,-74.5375));
#2322=DIRECTION('',(1.,0.,-0.));
#2323=VECTOR('',#2322,60.5025);
#2324=LINE('',#2321,#2323);
#2325=EDGE_CURVE('',#2320,#2312,#2324,.T.);
#2326=ORIENTED_EDGE('',*,*,#2325,.F.);
#2327=CARTESIAN_POINT('',(2.,2.175,-74.5375));
#2328=DIRECTION('',(0.,1.,0.));
#2329=VECTOR('',#2328,1.);
#2330=LINE('',#2327,#2329);
#2331=EDGE_CURVE('',#2320,#1826,#2330,.T.);
#2332=ORIENTED_EDGE('',*,*,#2331,.T.);
#2333=EDGE_LOOP('',(#2310,#2318,#2326,#2332));
#2334=FACE_BOUND('',#2333,.T.);
#2335=ADVANCED_FACE('',(#2334),#2309,.F.);
#2336=CARTESIAN_POINT('',(-0.,2.175,-85.6475));
#2337=DIRECTION('',(0.,0.,1.));
#2338=DIRECTION('',(1.,0.,0.));
#2339=AXIS2_PLACEMENT_3D('',#2336,#2337,#2338);
#2340=PLANE('',#2339);
#2341=ORIENTED_EDGE('',*,*,#2255,.T.);
#2342=CARTESIAN_POINT('',(62.5025,2.175,-85.6475));
#2343=VERTEX_POINT('',#2342);
#2344=CARTESIAN_POINT('',(62.5025,3.175,-85.6475));
#2345=DIRECTION('',(0.,-1.,0.));
#2346=VECTOR('',#2345,1.);
#2347=LINE('',#2344,#2346);
#2348=EDGE_CURVE('',#2242,#2343,#2347,.T.);
#2349=ORIENTED_EDGE('',*,*,#2348,.T.);
#2350=CARTESIAN_POINT('',(2.,2.175,-85.6475));
#2351=VERTEX_POINT('',#2350);
#2352=CARTESIAN_POINT('',(2.,2.175,-85.6475));
#2353=DIRECTION('',(1.,0.,-0.));
#2354=VECTOR('',#2353,60.5025);
#2355=LINE('',#2352,#2354);
#2356=EDGE_CURVE('',#2351,#2343,#2355,.T.);
#2357=ORIENTED_EDGE('',*,*,#2356,.F.);
#2358=CARTESIAN_POINT('',(2.,2.175,-85.6475));
#2359=DIRECTION('',(0.,1.,0.));
#2360=VECTOR('',#2359,1.);
#2361=LINE('',#2358,#2360);
#2362=EDGE_CURVE('',#2351,#2250,#2361,.T.);
#2363=ORIENTED_EDGE('',*,*,#2362,.T.);
#2364=EDGE_LOOP('',(#2341,#2349,#2357,#2363));
#2365=FACE_BOUND('',#2364,.T.);
#2366=ADVANCED_FACE('',(#2365),#2340,.F.);
#2367=CARTESIAN_POINT('',(0.,2.175,-18.9875));
#2368=DIRECTION('',(0.,0.,1.));
#2369=DIRECTION('',(1.,0.,0.));
#2370=AXIS2_PLACEMENT_3D('',#2367,#2368,#2369);
#2371=PLANE('',#2370);
#2372=ORIENTED_EDGE('',*,*,#1700,.F.);
#2373=CARTESIAN_POINT('',(62.5025,2.175,-18.9875));
#2374=VERTEX_POINT('',#2373);
#2375=CARTESIAN_POINT('',(62.5025,3.175,-18.9875));
#2376=DIRECTION('',(0.,-1.,0.));
#2377=VECTOR('',#2376,1.);
#2378=LINE('',#2375,#2377);
#2379=EDGE_CURVE('',#1687,#2374,#2378,.T.);
#2380=ORIENTED_EDGE('',*,*,#2379,.T.);
#2381=CARTESIAN_POINT('',(2.,2.175,-18.9875));
#2382=VERTEX_POINT('',#2381);
#2383=CARTESIAN_POINT('',(2.,2.175,-18.9875));
#2384=DIRECTION('',(1.,0.,-0.));
#2385=VECTOR('',#2384,60.5025);
#2386=LINE('',#2383,#2385);
#2387=EDGE_CURVE('',#2382,#2374,#2386,.T.);
#2388=ORIENTED_EDGE('',*,*,#2387,.F.);
#2389=CARTESIAN_POINT('',(2.,2.175,-18.9875));
#2390=DIRECTION('',(0.,1.,0.));
#2391=VECTOR('',#2390,1.);
#2392=LINE('',#2389,#2391);
#2393=EDGE_CURVE('',#2382,#1695,#2392,.T.);
#2394=ORIENTED_EDGE('',*,*,#2393,.T.);
#2395=EDGE_LOOP('',(#2372,#2380,#2388,#2394));
#2396=FACE_BOUND('',#2395,.T.);
#2397=ADVANCED_FACE('',(#2396),#2371,.F.);
#2398=CARTESIAN_POINT('',(-0.,2.175,-32.081875));
#2399=DIRECTION('',(0.,0.,1.));
#2400=DIRECTION('',(1.,0.,0.));
#2401=AXIS2_PLACEMENT_3D('',#2398,#2399,#2400);
#2402=PLANE('',#2401);
#2403=CARTESIAN_POINT('',(62.5025,2.175,-32.081875));
#2404=VERTEX_POINT('',#2403);
#2405=CARTESIAN_POINT('',(62.5025,3.175,-32.081875));
#2406=DIRECTION('',(0.,-1.,0.));
#2407=VECTOR('',#2406,1.);
#2408=LINE('',#2405,#2407);
#2409=EDGE_CURVE('',#2136,#2404,#2408,.T.);
#2410=ORIENTED_EDGE('',*,*,#2409,.F.);
#2411=ORIENTED_EDGE('',*,*,#2163,.F.);
#2412=CARTESIAN_POINT('',(2.,2.175,-32.081875));
#2413=VERTEX_POINT('',#2412);
#2414=CARTESIAN_POINT('',(2.,2.175,-32.081875));
#2415=DIRECTION('',(0.,1.,0.));
#2416=VECTOR('',#2415,1.);
#2417=LINE('',#2414,#2416);
#2418=EDGE_CURVE('',#2413,#2152,#2417,.T.);
#2419=ORIENTED_EDGE('',*,*,#2418,.F.);
#2420=CARTESIAN_POINT('',(2.,2.175,-32.081875));
#2421=DIRECTION('',(1.,0.,-0.));
#2422=VECTOR('',#2421,60.5025);
#2423=LINE('',#2420,#2422);
#2424=EDGE_CURVE('',#2413,#2404,#2423,.T.);
#2425=ORIENTED_EDGE('',*,*,#2424,.T.);
#2426=EDGE_LOOP('',(#2410,#2411,#2419,#2425));
#2427=FACE_BOUND('',#2426,.T.);
#2428=ADVANCED_FACE('',(#2427),#2402,.T.);
#2429=CARTESIAN_POINT('',(-0.,2.175,-43.191875));
#2430=DIRECTION('',(0.,0.,1.));
#2431=DIRECTION('',(1.,0.,0.));
#2432=AXIS2_PLACEMENT_3D('',#2429,#2430,#2431);
#2433=PLANE('',#2432);
#2434=CARTESIAN_POINT('',(62.5025,2.175,-43.191875));
#2435=VERTEX_POINT('',#2434);
#2436=CARTESIAN_POINT('',(62.5025,3.175,-43.191875));
#2437=DIRECTION('',(0.,-1.,0.));
#2438=VECTOR('',#2437,1.);
#2439=LINE('',#2436,#2438);
#2440=EDGE_CURVE('',#2028,#2435,#2439,.T.);
#2441=ORIENTED_EDGE('',*,*,#2440,.F.);
#2442=ORIENTED_EDGE('',*,*,#2057,.F.);
#2443=CARTESIAN_POINT('',(2.,2.175,-43.191875));
#2444=VERTEX_POINT('',#2443);
#2445=CARTESIAN_POINT('',(2.,2.175,-43.191875));
#2446=DIRECTION('',(0.,1.,0.));
#2447=VECTOR('',#2446,1.);
#2448=LINE('',#2445,#2447);
#2449=EDGE_CURVE('',#2444,#2046,#2448,.T.);
#2450=ORIENTED_EDGE('',*,*,#2449,.F.);
#2451=CARTESIAN_POINT('',(2.,2.175,-43.191875));
#2452=DIRECTION('',(1.,0.,-0.));
#2453=VECTOR('',#2452,60.5025);
#2454=LINE('',#2451,#2453);
#2455=EDGE_CURVE('',#2444,#2435,#2454,.T.);
#2456=ORIENTED_EDGE('',*,*,#2455,.T.);
#2457=EDGE_LOOP('',(#2441,#2442,#2450,#2456));
#2458=FACE_BOUND('',#2457,.T.);
#2459=ADVANCED_FACE('',(#2458),#2433,.T.);
#2460=CARTESIAN_POINT('',(-0.,2.175,-41.2075));
#2461=DIRECTION('',(0.,0.,1.));
#2462=DIRECTION('',(1.,0.,0.));
#2463=AXIS2_PLACEMENT_3D('',#2460,#2461,#2462);
#2464=PLANE('',#2463);
#2465=ORIENTED_EDGE('',*,*,#2149,.T.);
#2466=CARTESIAN_POINT('',(62.5025,2.175,-41.2075));
#2467=VERTEX_POINT('',#2466);
#2468=CARTESIAN_POINT('',(62.5025,3.175,-41.2075));
#2469=DIRECTION('',(0.,-1.,0.));
#2470=VECTOR('',#2469,1.);
#2471=LINE('',#2468,#2470);
#2472=EDGE_CURVE('',#2134,#2467,#2471,.T.);
#2473=ORIENTED_EDGE('',*,*,#2472,.T.);
#2474=CARTESIAN_POINT('',(2.,2.175,-41.2075));
#2475=VERTEX_POINT('',#2474);
#2476=CARTESIAN_POINT('',(2.,2.175,-41.2075));
#2477=DIRECTION('',(1.,0.,-0.));
#2478=VECTOR('',#2477,60.5025);
#2479=LINE('',#2476,#2478);
#2480=EDGE_CURVE('',#2475,#2467,#2479,.T.);
#2481=ORIENTED_EDGE('',*,*,#2480,.F.);
#2482=CARTESIAN_POINT('',(2.,2.175,-41.2075));
#2483=DIRECTION('',(0.,1.,0.));
#2484=VECTOR('',#2483,1.);
#2485=LINE('',#2482,#2484);
#2486=EDGE_CURVE('',#2475,#2144,#2485,.T.);
#2487=ORIENTED_EDGE('',*,*,#2486,.T.);
#2488=EDGE_LOOP('',(#2465,#2473,#2481,#2487));
#2489=FACE_BOUND('',#2488,.T.);
#2490=ADVANCED_FACE('',(#2489),#2464,.F.);
#2491=CARTESIAN_POINT('',(-0.,2.175,-54.301875));
#2492=DIRECTION('',(0.,0.,1.));
#2493=DIRECTION('',(1.,0.,0.));
#2494=AXIS2_PLACEMENT_3D('',#2491,#2492,#2493);
#2495=PLANE('',#2494);
#2496=CARTESIAN_POINT('',(62.5025,2.175,-54.301875));
#2497=VERTEX_POINT('',#2496);
#2498=CARTESIAN_POINT('',(62.5025,3.175,-54.301875));
#2499=DIRECTION('',(0.,-1.,0.));
#2500=VECTOR('',#2499,1.);
#2501=LINE('',#2498,#2500);
#2502=EDGE_CURVE('',#1922,#2497,#2501,.T.);
#2503=ORIENTED_EDGE('',*,*,#2502,.F.);
#2504=ORIENTED_EDGE('',*,*,#1951,.F.);
#2505=CARTESIAN_POINT('',(2.,2.175,-54.301875));
#2506=VERTEX_POINT('',#2505);
#2507=CARTESIAN_POINT('',(2.,2.175,-54.301875));
#2508=DIRECTION('',(0.,1.,0.));
#2509=VECTOR('',#2508,1.);
#2510=LINE('',#2507,#2509);
#2511=EDGE_CURVE('',#2506,#1940,#2510,.T.);
#2512=ORIENTED_EDGE('',*,*,#2511,.F.);
#2513=CARTESIAN_POINT('',(2.,2.175,-54.301875));
#2514=DIRECTION('',(1.,0.,-0.));
#2515=VECTOR('',#2514,60.5025);
#2516=LINE('',#2513,#2515);
#2517=EDGE_CURVE('',#2506,#2497,#2516,.T.);
#2518=ORIENTED_EDGE('',*,*,#2517,.T.);
#2519=EDGE_LOOP('',(#2503,#2504,#2512,#2518));
#2520=FACE_BOUND('',#2519,.T.);
#2521=ADVANCED_FACE('',(#2520),#2495,.T.);
#2522=CARTESIAN_POINT('',(-0.,2.175,-52.3175));
#2523=DIRECTION('',(0.,0.,1.));
#2524=DIRECTION('',(1.,0.,0.));
#2525=AXIS2_PLACEMENT_3D('',#2522,#2523,#2524);
#2526=PLANE('',#2525);
#2527=ORIENTED_EDGE('',*,*,#2043,.T.);
#2528=CARTESIAN_POINT('',(62.5025,2.175,-52.3175));
#2529=VERTEX_POINT('',#2528);
#2530=CARTESIAN_POINT('',(62.5025,3.175,-52.3175));
#2531=DIRECTION('',(0.,-1.,0.));
#2532=VECTOR('',#2531,1.);
#2533=LINE('',#2530,#2532);
#2534=EDGE_CURVE('',#2030,#2529,#2533,.T.);
#2535=ORIENTED_EDGE('',*,*,#2534,.T.);
#2536=CARTESIAN_POINT('',(2.,2.175,-52.3175));
#2537=VERTEX_POINT('',#2536);
#2538=CARTESIAN_POINT('',(2.,2.175,-52.3175));
#2539=DIRECTION('',(1.,0.,-0.));
#2540=VECTOR('',#2539,60.5025);
#2541=LINE('',#2538,#2540);
#2542=EDGE_CURVE('',#2537,#2529,#2541,.T.);
#2543=ORIENTED_EDGE('',*,*,#2542,.F.);
#2544=CARTESIAN_POINT('',(2.,2.175,-52.3175));
#2545=DIRECTION('',(0.,1.,0.));
#2546=VECTOR('',#2545,1.);
#2547=LINE('',#2544,#2546);
#2548=EDGE_CURVE('',#2537,#2038,#2547,.T.);
#2549=ORIENTED_EDGE('',*,*,#2548,.T.);
#2550=EDGE_LOOP('',(#2527,#2535,#2543,#2549));
#2551=FACE_BOUND('',#2550,.T.);
#2552=ADVANCED_FACE('',(#2551),#2526,.F.);
#2553=CARTESIAN_POINT('',(-0.,2.175,-65.411875));
#2554=DIRECTION('',(0.,0.,1.));
#2555=DIRECTION('',(1.,0.,0.));
#2556=AXIS2_PLACEMENT_3D('',#2553,#2554,#2555);
#2557=PLANE('',#2556);
#2558=CARTESIAN_POINT('',(62.5025,2.175,-65.411875));
#2559=VERTEX_POINT('',#2558);
#2560=CARTESIAN_POINT('',(62.5025,3.175,-65.411875));
#2561=DIRECTION('',(0.,-1.,0.));
#2562=VECTOR('',#2561,1.);
#2563=LINE('',#2560,#2562);
#2564=EDGE_CURVE('',#1816,#2559,#2563,.T.);
#2565=ORIENTED_EDGE('',*,*,#2564,.F.);
#2566=ORIENTED_EDGE('',*,*,#1845,.F.);
#2567=CARTESIAN_POINT('',(2.,2.175,-65.411875));
#2568=VERTEX_POINT('',#2567);
#2569=CARTESIAN_POINT('',(2.,2.175,-65.411875));
#2570=DIRECTION('',(0.,1.,0.));
#2571=VECTOR('',#2570,1.);
#2572=LINE('',#2569,#2571);
#2573=EDGE_CURVE('',#2568,#1834,#2572,.T.);
#2574=ORIENTED_EDGE('',*,*,#2573,.F.);
#2575=CARTESIAN_POINT('',(2.,2.175,-65.411875));
#2576=DIRECTION('',(1.,0.,-0.));
#2577=VECTOR('',#2576,60.5025);
#2578=LINE('',#2575,#2577);
#2579=EDGE_CURVE('',#2568,#2559,#2578,.T.);
#2580=ORIENTED_EDGE('',*,*,#2579,.T.);
#2581=EDGE_LOOP('',(#2565,#2566,#2574,#2580));
#2582=FACE_BOUND('',#2581,.T.);
#2583=ADVANCED_FACE('',(#2582),#2557,.T.);
#2584=CARTESIAN_POINT('',(-0.,2.175,-63.4275));
#2585=DIRECTION('',(0.,0.,1.));
#2586=DIRECTION('',(1.,0.,0.));
#2587=AXIS2_PLACEMENT_3D('',#2584,#2585,#2586);
#2588=PLANE('',#2587);
#2589=ORIENTED_EDGE('',*,*,#1937,.T.);
#2590=CARTESIAN_POINT('',(62.5025,2.175,-63.4275));
#2591=VERTEX_POINT('',#2590);
#2592=CARTESIAN_POINT('',(62.5025,3.175,-63.4275));
#2593=DIRECTION('',(0.,-1.,0.));
#2594=VECTOR('',#2593,1.);
#2595=LINE('',#2592,#2594);
#2596=EDGE_CURVE('',#1924,#2591,#2595,.T.);
#2597=ORIENTED_EDGE('',*,*,#2596,.T.);
#2598=CARTESIAN_POINT('',(2.,2.175,-63.4275));
#2599=VERTEX_POINT('',#2598);
#2600=CARTESIAN_POINT('',(2.,2.175,-63.4275));
#2601=DIRECTION('',(1.,0.,-0.));
#2602=VECTOR('',#2601,60.5025);
#2603=LINE('',#2600,#2602);
#2604=EDGE_CURVE('',#2599,#2591,#2603,.T.);
#2605=ORIENTED_EDGE('',*,*,#2604,.F.);
#2606=CARTESIAN_POINT('',(2.,2.175,-63.4275));
#2607=DIRECTION('',(0.,1.,0.));
#2608=VECTOR('',#2607,1.);
#2609=LINE('',#2606,#2608);
#2610=EDGE_CURVE('',#2599,#1932,#2609,.T.);
#2611=ORIENTED_EDGE('',*,*,#2610,.T.);
#2612=EDGE_LOOP('',(#2589,#2597,#2605,#2611));
#2613=FACE_BOUND('',#2612,.T.);
#2614=ADVANCED_FACE('',(#2613),#2588,.F.);
#2615=CARTESIAN_POINT('',(-0.,2.175,-30.0975));
#2616=DIRECTION('',(0.,0.,1.));
#2617=DIRECTION('',(1.,0.,0.));
#2618=AXIS2_PLACEMENT_3D('',#2615,#2616,#2617);
#2619=PLANE('',#2618);
#2620=CARTESIAN_POINT('',(2.,1.,-30.0975));
#2621=VERTEX_POINT('',#2620);
#2622=CARTESIAN_POINT('',(62.5025,1.,-30.0975));
#2623=VERTEX_POINT('',#2622);
#2624=CARTESIAN_POINT('',(2.,1.,-30.0975));
#2625=DIRECTION('',(1.,0.,-0.));
#2626=VECTOR('',#2625,60.5025);
#2627=LINE('',#2624,#2626);
#2628=EDGE_CURVE('',#2621,#2623,#2627,.T.);
#2629=ORIENTED_EDGE('',*,*,#2628,.T.);
#2630=CARTESIAN_POINT('',(62.5025,1.,-30.0975));
#2631=DIRECTION('',(0.,-1.,0.));
#2632=VECTOR('',#2631,1.);
#2633=LINE('',#2630,#2632);
#2634=EDGE_CURVE('',#2623,#1015,#2633,.T.);
#2635=ORIENTED_EDGE('',*,*,#2634,.T.);
#2636=ORIENTED_EDGE('',*,*,#1020,.F.);
#2637=CARTESIAN_POINT('',(2.,1.,-30.0975));
#2638=DIRECTION('',(0.,-1.,0.));
#2639=VECTOR('',#2638,1.);
#2640=LINE('',#2637,#2639);
#2641=EDGE_CURVE('',#2621,#1013,#2640,.T.);
#2642=ORIENTED_EDGE('',*,*,#2641,.F.);
#2643=EDGE_LOOP('',(#2629,#2635,#2636,#2642));
#2644=FACE_BOUND('',#2643,.T.);
#2645=ADVANCED_FACE('',(#2644),#2619,.F.);
#2646=CARTESIAN_POINT('',(-0.,2.175,-20.971875));
#2647=DIRECTION('',(0.,0.,1.));
#2648=DIRECTION('',(1.,0.,0.));
#2649=AXIS2_PLACEMENT_3D('',#2646,#2647,#2648);
#2650=PLANE('',#2649);
#2651=CARTESIAN_POINT('',(62.5025,1.,-20.971875));
#2652=VERTEX_POINT('',#2651);
#2653=CARTESIAN_POINT('',(62.5025,1.,-20.971875));
#2654=DIRECTION('',(0.,-1.,0.));
#2655=VECTOR('',#2654,1.);
#2656=LINE('',#2653,#2655);
#2657=EDGE_CURVE('',#2652,#1023,#2656,.T.);
#2658=ORIENTED_EDGE('',*,*,#2657,.F.);
#2659=CARTESIAN_POINT('',(2.,1.,-20.971875));
#2660=VERTEX_POINT('',#2659);
#2661=CARTESIAN_POINT('',(2.,1.,-20.971875));
#2662=DIRECTION('',(1.,0.,-0.));
#2663=VECTOR('',#2662,60.5025);
#2664=LINE('',#2661,#2663);
#2665=EDGE_CURVE('',#2660,#2652,#2664,.T.);
#2666=ORIENTED_EDGE('',*,*,#2665,.F.);
#2667=CARTESIAN_POINT('',(2.,1.,-20.971875));
#2668=DIRECTION('',(0.,-1.,0.));
#2669=VECTOR('',#2668,1.);
#2670=LINE('',#2667,#2669);
#2671=EDGE_CURVE('',#2660,#1031,#2670,.T.);
#2672=ORIENTED_EDGE('',*,*,#2671,.T.);
#2673=ORIENTED_EDGE('',*,*,#1036,.T.);
#2674=EDGE_LOOP('',(#2658,#2666,#2672,#2673));
#2675=FACE_BOUND('',#2674,.T.);
#2676=ADVANCED_FACE('',(#2675),#2650,.T.);
#2677=CARTESIAN_POINT('',(62.5025,-6.825,-95.2375));
#2678=DIRECTION('',(-1.,0.,0.));
#2679=DIRECTION('',(0.,0.,1.));
#2680=AXIS2_PLACEMENT_3D('',#2677,#2678,#2679);
#2681=PLANE('',#2680);
#2682=CARTESIAN_POINT('',(62.5025,2.175,-32.081875));
#2683=DIRECTION('',(0.,0.,1.));
#2684=VECTOR('',#2683,1.984375);
#2685=LINE('',#2682,#2684);
#2686=EDGE_CURVE('',#2404,#1392,#2685,.T.);
#2687=ORIENTED_EDGE('',*,*,#2686,.T.);
#2688=ORIENTED_EDGE('',*,*,#1397,.F.);
#2689=ORIENTED_EDGE('',*,*,#1531,.F.);
#2690=ORIENTED_EDGE('',*,*,#1429,.T.);
#2691=CARTESIAN_POINT('',(62.5025,2.175,-20.971875));
#2692=DIRECTION('',(0.,0.,1.));
#2693=VECTOR('',#2692,1.984375);
#2694=LINE('',#2691,#2693);
#2695=EDGE_CURVE('',#1424,#2374,#2694,.T.);
#2696=ORIENTED_EDGE('',*,*,#2695,.T.);
#2697=ORIENTED_EDGE('',*,*,#2379,.F.);
#2698=ORIENTED_EDGE('',*,*,#1692,.F.);
#2699=ORIENTED_EDGE('',*,*,#220,.T.);
#2700=ORIENTED_EDGE('',*,*,#1332,.F.);
#2701=CARTESIAN_POINT('',(62.5025,1.,-18.9875));
#2702=VERTEX_POINT('',#2701);
#2703=CARTESIAN_POINT('',(62.5025,1.,-18.9875));
#2704=DIRECTION('',(0.,-1.,0.));
#2705=VECTOR('',#2704,1.);
#2706=LINE('',#2703,#2705);
#2707=EDGE_CURVE('',#2702,#1321,#2706,.T.);
#2708=ORIENTED_EDGE('',*,*,#2707,.F.);
#2709=CARTESIAN_POINT('',(62.5025,1.,-18.9875));
#2710=DIRECTION('',(-0.,0.,-1.));
#2711=VECTOR('',#2710,1.984375);
#2712=LINE('',#2709,#2711);
#2713=EDGE_CURVE('',#2702,#2652,#2712,.T.);
#2714=ORIENTED_EDGE('',*,*,#2713,.T.);
#2715=ORIENTED_EDGE('',*,*,#2657,.T.);
#2716=ORIENTED_EDGE('',*,*,#1028,.F.);
#2717=ORIENTED_EDGE('',*,*,#2634,.F.);
#2718=CARTESIAN_POINT('',(62.5025,1.,-32.081875));
#2719=VERTEX_POINT('',#2718);
#2720=CARTESIAN_POINT('',(62.5025,1.,-30.0975));
#2721=DIRECTION('',(-0.,0.,-1.));
#2722=VECTOR('',#2721,1.984375);
#2723=LINE('',#2720,#2722);
#2724=EDGE_CURVE('',#2623,#2719,#2723,.T.);
#2725=ORIENTED_EDGE('',*,*,#2724,.T.);
#2726=CARTESIAN_POINT('',(62.5025,1.,-32.081875));
#2727=DIRECTION('',(0.,-1.,0.));
#2728=VECTOR('',#2727,1.);
#2729=LINE('',#2726,#2728);
#2730=EDGE_CURVE('',#2719,#703,#2729,.T.);
#2731=ORIENTED_EDGE('',*,*,#2730,.T.);
#2732=ORIENTED_EDGE('',*,*,#708,.T.);
#2733=CARTESIAN_POINT('',(62.5025,1.,-41.2075));
#2734=VERTEX_POINT('',#2733);
#2735=CARTESIAN_POINT('',(62.5025,1.,-41.2075));
#2736=DIRECTION('',(0.,-1.,0.));
#2737=VECTOR('',#2736,1.);
#2738=LINE('',#2735,#2737);
#2739=EDGE_CURVE('',#2734,#695,#2738,.T.);
#2740=ORIENTED_EDGE('',*,*,#2739,.F.);
#2741=CARTESIAN_POINT('',(62.5025,1.,-43.191875));
#2742=VERTEX_POINT('',#2741);
#2743=CARTESIAN_POINT('',(62.5025,1.,-41.2075));
#2744=DIRECTION('',(-0.,0.,-1.));
#2745=VECTOR('',#2744,1.984375);
#2746=LINE('',#2743,#2745);
#2747=EDGE_CURVE('',#2734,#2742,#2746,.T.);
#2748=ORIENTED_EDGE('',*,*,#2747,.T.);
#2749=CARTESIAN_POINT('',(62.5025,1.,-43.191875));
#2750=DIRECTION('',(0.,-1.,0.));
#2751=VECTOR('',#2750,1.);
#2752=LINE('',#2749,#2751);
#2753=EDGE_CURVE('',#2742,#863,#2752,.T.);
#2754=ORIENTED_EDGE('',*,*,#2753,.T.);
#2755=ORIENTED_EDGE('',*,*,#868,.F.);
#2756=CARTESIAN_POINT('',(62.5025,1.,-52.3175));
#2757=VERTEX_POINT('',#2756);
#2758=CARTESIAN_POINT('',(62.5025,1.,-52.3175));
#2759=DIRECTION('',(0.,-1.,0.));
#2760=VECTOR('',#2759,1.);
#2761=LINE('',#2758,#2760);
#2762=EDGE_CURVE('',#2757,#855,#2761,.T.);
#2763=ORIENTED_EDGE('',*,*,#2762,.F.);
#2764=CARTESIAN_POINT('',(62.5025,1.,-54.301875));
#2765=VERTEX_POINT('',#2764);
#2766=CARTESIAN_POINT('',(62.5025,1.,-52.3175));
#2767=DIRECTION('',(-0.,0.,-1.));
#2768=VECTOR('',#2767,1.984375);
#2769=LINE('',#2766,#2768);
#2770=EDGE_CURVE('',#2757,#2765,#2769,.T.);
#2771=ORIENTED_EDGE('',*,*,#2770,.T.);
#2772=CARTESIAN_POINT('',(62.5025,1.,-54.301875));
#2773=DIRECTION('',(0.,-1.,0.));
#2774=VECTOR('',#2773,1.);
#2775=LINE('',#2772,#2774);
#2776=EDGE_CURVE('',#2765,#543,#2775,.T.);
#2777=ORIENTED_EDGE('',*,*,#2776,.T.);
#2778=ORIENTED_EDGE('',*,*,#548,.F.);
#2779=CARTESIAN_POINT('',(62.5025,1.,-63.4275));
#2780=VERTEX_POINT('',#2779);
#2781=CARTESIAN_POINT('',(62.5025,1.,-63.4275));
#2782=DIRECTION('',(0.,-1.,0.));
#2783=VECTOR('',#2782,1.);
#2784=LINE('',#2781,#2783);
#2785=EDGE_CURVE('',#2780,#535,#2784,.T.);
#2786=ORIENTED_EDGE('',*,*,#2785,.F.);
#2787=CARTESIAN_POINT('',(62.5025,1.,-65.411875));
#2788=VERTEX_POINT('',#2787);
#2789=CARTESIAN_POINT('',(62.5025,1.,-63.4275));
#2790=DIRECTION('',(-0.,0.,-1.));
#2791=VECTOR('',#2790,1.984375);
#2792=LINE('',#2789,#2791);
#2793=EDGE_CURVE('',#2780,#2788,#2792,.T.);
#2794=ORIENTED_EDGE('',*,*,#2793,.T.);
#2795=CARTESIAN_POINT('',(62.5025,1.,-65.411875));
#2796=DIRECTION('',(0.,-1.,0.));
#2797=VECTOR('',#2796,1.);
#2798=LINE('',#2795,#2797);
#2799=EDGE_CURVE('',#2788,#1289,#2798,.T.);
#2800=ORIENTED_EDGE('',*,*,#2799,.T.);
#2801=ORIENTED_EDGE('',*,*,#1294,.F.);
#2802=CARTESIAN_POINT('',(62.5025,1.,-74.5375));
#2803=VERTEX_POINT('',#2802);
#2804=CARTESIAN_POINT('',(62.5025,1.,-74.5375));
#2805=DIRECTION('',(0.,-1.,0.));
#2806=VECTOR('',#2805,1.);
#2807=LINE('',#2804,#2806);
#2808=EDGE_CURVE('',#2803,#1281,#2807,.T.);
#2809=ORIENTED_EDGE('',*,*,#2808,.F.);
#2810=CARTESIAN_POINT('',(62.5025,1.,-76.521875));
#2811=VERTEX_POINT('',#2810);
#2812=CARTESIAN_POINT('',(62.5025,1.,-74.5375));
#2813=DIRECTION('',(-0.,0.,-1.));
#2814=VECTOR('',#2813,1.984375);
#2815=LINE('',#2812,#2814);
#2816=EDGE_CURVE('',#2803,#2811,#2815,.T.);
#2817=ORIENTED_EDGE('',*,*,#2816,.T.);
#2818=CARTESIAN_POINT('',(62.5025,1.,-76.521875));
#2819=DIRECTION('',(0.,-1.,0.));
#2820=VECTOR('',#2819,1.);
#2821=LINE('',#2818,#2820);
#2822=EDGE_CURVE('',#2811,#383,#2821,.T.);
#2823=ORIENTED_EDGE('',*,*,#2822,.T.);
#2824=ORIENTED_EDGE('',*,*,#388,.F.);
#2825=CARTESIAN_POINT('',(62.5025,1.,-85.6475));
#2826=VERTEX_POINT('',#2825);
#2827=CARTESIAN_POINT('',(62.5025,1.,-85.6475));
#2828=DIRECTION('',(0.,-1.,0.));
#2829=VECTOR('',#2828,1.);
#2830=LINE('',#2827,#2829);
#2831=EDGE_CURVE('',#2826,#375,#2830,.T.);
#2832=ORIENTED_EDGE('',*,*,#2831,.F.);
#2833=CARTESIAN_POINT('',(62.5025,1.,-87.631875));
#2834=VERTEX_POINT('',#2833);
#2835=CARTESIAN_POINT('',(62.5025,1.,-87.631875));
#2836=DIRECTION('',(0.,0.,1.));
#2837=VECTOR('',#2836,1.984375);
#2838=LINE('',#2835,#2837);
#2839=EDGE_CURVE('',#2834,#2826,#2838,.T.);
#2840=ORIENTED_EDGE('',*,*,#2839,.F.);
#2841=CARTESIAN_POINT('',(62.5025,1.,-87.631875));
#2842=DIRECTION('',(0.,-1.,0.));
#2843=VECTOR('',#2842,1.);
#2844=LINE('',#2841,#2843);
#2845=EDGE_CURVE('',#2834,#1097,#2844,.T.);
#2846=ORIENTED_EDGE('',*,*,#2845,.T.);
#2847=ORIENTED_EDGE('',*,*,#1102,.F.);
#2848=CARTESIAN_POINT('',(62.5025,3.175,-96.6475));
#2849=DIRECTION('',(0.,-1.,0.));
#2850=VECTOR('',#2849,3.175);
#2851=LINE('',#2848,#2850);
#2852=EDGE_CURVE('',#1624,#1089,#2851,.T.);
#2853=ORIENTED_EDGE('',*,*,#2852,.F.);
#2854=ORIENTED_EDGE('',*,*,#1629,.F.);
#2855=ORIENTED_EDGE('',*,*,#1557,.T.);
#2856=CARTESIAN_POINT('',(62.5025,2.175,-85.6475));
#2857=DIRECTION('',(-0.,0.,-1.));
#2858=VECTOR('',#2857,1.984375);
#2859=LINE('',#2856,#2858);
#2860=EDGE_CURVE('',#2343,#1552,#2859,.T.);
#2861=ORIENTED_EDGE('',*,*,#2860,.F.);
#2862=ORIENTED_EDGE('',*,*,#2348,.F.);
#2863=ORIENTED_EDGE('',*,*,#2247,.F.);
#2864=ORIENTED_EDGE('',*,*,#2285,.T.);
#2865=CARTESIAN_POINT('',(62.5025,2.175,-76.521875));
#2866=DIRECTION('',(0.,0.,1.));
#2867=VECTOR('',#2866,1.984375);
#2868=LINE('',#2865,#2867);
#2869=EDGE_CURVE('',#2280,#2312,#2868,.T.);
#2870=ORIENTED_EDGE('',*,*,#2869,.T.);
#2871=ORIENTED_EDGE('',*,*,#2317,.F.);
#2872=ORIENTED_EDGE('',*,*,#1823,.F.);
#2873=ORIENTED_EDGE('',*,*,#2564,.T.);
#2874=CARTESIAN_POINT('',(62.5025,2.175,-65.411875));
#2875=DIRECTION('',(0.,0.,1.));
#2876=VECTOR('',#2875,1.984375);
#2877=LINE('',#2874,#2876);
#2878=EDGE_CURVE('',#2559,#2591,#2877,.T.);
#2879=ORIENTED_EDGE('',*,*,#2878,.T.);
#2880=ORIENTED_EDGE('',*,*,#2596,.F.);
#2881=ORIENTED_EDGE('',*,*,#1929,.F.);
#2882=ORIENTED_EDGE('',*,*,#2502,.T.);
#2883=CARTESIAN_POINT('',(62.5025,2.175,-54.301875));
#2884=DIRECTION('',(0.,0.,1.));
#2885=VECTOR('',#2884,1.984375);
#2886=LINE('',#2883,#2885);
#2887=EDGE_CURVE('',#2497,#2529,#2886,.T.);
#2888=ORIENTED_EDGE('',*,*,#2887,.T.);
#2889=ORIENTED_EDGE('',*,*,#2534,.F.);
#2890=ORIENTED_EDGE('',*,*,#2035,.F.);
#2891=ORIENTED_EDGE('',*,*,#2440,.T.);
#2892=CARTESIAN_POINT('',(62.5025,2.175,-43.191875));
#2893=DIRECTION('',(0.,0.,1.));
#2894=VECTOR('',#2893,1.984375);
#2895=LINE('',#2892,#2894);
#2896=EDGE_CURVE('',#2435,#2467,#2895,.T.);
#2897=ORIENTED_EDGE('',*,*,#2896,.T.);
#2898=ORIENTED_EDGE('',*,*,#2472,.F.);
#2899=ORIENTED_EDGE('',*,*,#2141,.T.);
#2900=ORIENTED_EDGE('',*,*,#2409,.T.);
#2901=EDGE_LOOP('',(#2687,#2688,#2689,#2690,#2696,#2697,#2698,#2699,#2700,#2708,#2714,#2715,#2716,#2717,#2725,#2731,#2732,#2740,#2748,#2754,#2755,#2763,#2771,#2777,#2778,#2786,
#2794,#2800,#2801,#2809,#2817,#2823,#2824,#2832,#2840,#2846,#2847,#2853,#2854,#2855,#2861,#2862,#2863,#2864,#2870,#2871,#2872,#2873,#2879,#2880,#2881,
#2882,#2888,#2889,#2890,#2891,#2897,#2898,#2899,#2900));
#2902=FACE_BOUND('',#2901,.T.);
#2903=ADVANCED_FACE('',(#2902),#2681,.F.);
#2904=CARTESIAN_POINT('',(70.,0.,-96.6475));
#2905=DIRECTION('',(0.,0.,1.));
#2906=DIRECTION('',(1.,0.,-0.));
#2907=AXIS2_PLACEMENT_3D('',#2904,#2905,#2906);
#2908=PLANE('',#2907);
#2909=ORIENTED_EDGE('',*,*,#1637,.T.);
#2910=ORIENTED_EDGE('',*,*,#2852,.T.);
#2911=ORIENTED_EDGE('',*,*,#1094,.F.);
#2912=CARTESIAN_POINT('',(50.,0.,-96.6475));
#2913=DIRECTION('',(0.,1.,0.));
#2914=VECTOR('',#2913,3.175);
#2915=LINE('',#2912,#2914);
#2916=EDGE_CURVE('',#1087,#1632,#2915,.T.);
#2917=ORIENTED_EDGE('',*,*,#2916,.T.);
#2918=EDGE_LOOP('',(#2909,#2910,#2911,#2917));
#2919=FACE_BOUND('',#2918,.T.);
#2920=ADVANCED_FACE('',(#2919),#2908,.F.);
#2921=CARTESIAN_POINT('',(-0.,2.175,-87.631875));
#2922=DIRECTION('',(0.,0.,1.));
#2923=DIRECTION('',(1.,0.,0.));
#2924=AXIS2_PLACEMENT_3D('',#2921,#2922,#2923);
#2925=PLANE('',#2924);
#2926=ORIENTED_EDGE('',*,*,#2845,.F.);
#2927=CARTESIAN_POINT('',(2.,1.,-87.631875));
#2928=VERTEX_POINT('',#2927);
#2929=CARTESIAN_POINT('',(2.,1.,-87.631875));
#2930=DIRECTION('',(1.,0.,-0.));
#2931=VECTOR('',#2930,60.5025);
#2932=LINE('',#2929,#2931);
#2933=EDGE_CURVE('',#2928,#2834,#2932,.T.);
#2934=ORIENTED_EDGE('',*,*,#2933,.F.);
#2935=CARTESIAN_POINT('',(2.,1.,-87.631875));
#2936=DIRECTION('',(0.,-1.,0.));
#2937=VECTOR('',#2936,1.);
#2938=LINE('',#2935,#2937);
#2939=EDGE_CURVE('',#2928,#1105,#2938,.T.);
#2940=ORIENTED_EDGE('',*,*,#2939,.T.);
#2941=ORIENTED_EDGE('',*,*,#1110,.T.);
#2942=EDGE_LOOP('',(#2926,#2934,#2940,#2941));
#2943=FACE_BOUND('',#2942,.T.);
#2944=ADVANCED_FACE('',(#2943),#2925,.T.);
#2945=CARTESIAN_POINT('',(50.,0.,0.));
#2946=DIRECTION('',(-1.,0.,0.));
#2947=DIRECTION('',(0.,0.,1.));
#2948=AXIS2_PLACEMENT_3D('',#2945,#2946,#2947);
#2949=PLANE('',#2948);
#2950=CARTESIAN_POINT('',(50.,0.,-1.7625));
#2951=DIRECTION('',(0.,1.,0.));
#2952=VECTOR('',#2951,3.175);
#2953=LINE('',#2950,#2952);
#2954=EDGE_CURVE('',#1336,#1727,#2953,.T.);
#2955=ORIENTED_EDGE('',*,*,#2954,.F.);
#2956=ORIENTED_EDGE('',*,*,#1341,.F.);
#2957=ORIENTED_EDGE('',*,*,#236,.T.);
#2958=ORIENTED_EDGE('',*,*,#1738,.T.);
#2959=EDGE_LOOP('',(#2955,#2956,#2957,#2958));
#2960=FACE_BOUND('',#2959,.T.);
#2961=ADVANCED_FACE('',(#2960),#2949,.F.);
#2962=CARTESIAN_POINT('',(2.,3.175,0.));
#2963=DIRECTION('',(1.,0.,0.));
#2964=DIRECTION('',(0.,0.,-1.));
#2965=AXIS2_PLACEMENT_3D('',#2962,#2963,#2964);
#2966=PLANE('',#2965);
#2967=CARTESIAN_POINT('',(2.,1.,-63.4275));
#2968=VERTEX_POINT('',#2967);
#2969=CARTESIAN_POINT('',(2.,1.,-63.4275));
#2970=DIRECTION('',(0.,-1.,0.));
#2971=VECTOR('',#2970,1.);
#2972=LINE('',#2969,#2971);
#2973=EDGE_CURVE('',#2968,#533,#2972,.T.);
#2974=ORIENTED_EDGE('',*,*,#2973,.T.);
#2975=ORIENTED_EDGE('',*,*,#562,.T.);
#2976=CARTESIAN_POINT('',(2.,1.,-54.301875));
#2977=VERTEX_POINT('',#2976);
#2978=CARTESIAN_POINT('',(2.,1.,-54.301875));
#2979=DIRECTION('',(0.,-1.,0.));
#2980=VECTOR('',#2979,1.);
#2981=LINE('',#2978,#2980);
#2982=EDGE_CURVE('',#2977,#551,#2981,.T.);
#2983=ORIENTED_EDGE('',*,*,#2982,.F.);
#2984=CARTESIAN_POINT('',(2.,1.,-52.3175));
#2985=VERTEX_POINT('',#2984);
#2986=CARTESIAN_POINT('',(2.,1.,-52.3175));
#2987=DIRECTION('',(0.,0.,-1.));
#2988=VECTOR('',#2987,1.984375);
#2989=LINE('',#2986,#2988);
#2990=EDGE_CURVE('',#2985,#2977,#2989,.T.);
#2991=ORIENTED_EDGE('',*,*,#2990,.F.);
#2992=CARTESIAN_POINT('',(2.,1.,-52.3175));
#2993=DIRECTION('',(0.,-1.,0.));
#2994=VECTOR('',#2993,1.);
#2995=LINE('',#2992,#2994);
#2996=EDGE_CURVE('',#2985,#853,#2995,.T.);
#2997=ORIENTED_EDGE('',*,*,#2996,.T.);
#2998=ORIENTED_EDGE('',*,*,#882,.T.);
#2999=CARTESIAN_POINT('',(2.,1.,-43.191875));
#3000=VERTEX_POINT('',#2999);
#3001=CARTESIAN_POINT('',(2.,1.,-43.191875));
#3002=DIRECTION('',(0.,-1.,0.));
#3003=VECTOR('',#3002,1.);
#3004=LINE('',#3001,#3003);
#3005=EDGE_CURVE('',#3000,#871,#3004,.T.);
#3006=ORIENTED_EDGE('',*,*,#3005,.F.);
#3007=CARTESIAN_POINT('',(2.,1.,-41.2075));
#3008=VERTEX_POINT('',#3007);
#3009=CARTESIAN_POINT('',(2.,1.,-41.2075));
#3010=DIRECTION('',(0.,0.,-1.));
#3011=VECTOR('',#3010,1.984375);
#3012=LINE('',#3009,#3011);
#3013=EDGE_CURVE('',#3008,#3000,#3012,.T.);
#3014=ORIENTED_EDGE('',*,*,#3013,.F.);
#3015=CARTESIAN_POINT('',(2.,1.,-41.2075));
#3016=DIRECTION('',(0.,-1.,0.));
#3017=VECTOR('',#3016,1.);
#3018=LINE('',#3015,#3017);
#3019=EDGE_CURVE('',#3008,#693,#3018,.T.);
#3020=ORIENTED_EDGE('',*,*,#3019,.T.);
#3021=ORIENTED_EDGE('',*,*,#722,.T.);
#3022=CARTESIAN_POINT('',(2.,1.,-32.081875));
#3023=VERTEX_POINT('',#3022);
#3024=CARTESIAN_POINT('',(2.,1.,-32.081875));
#3025=DIRECTION('',(0.,-1.,0.));
#3026=VECTOR('',#3025,1.);
#3027=LINE('',#3024,#3026);
#3028=EDGE_CURVE('',#3023,#711,#3027,.T.);
#3029=ORIENTED_EDGE('',*,*,#3028,.F.);
#3030=CARTESIAN_POINT('',(2.,1.,-30.0975));
#3031=DIRECTION('',(0.,0.,-1.));
#3032=VECTOR('',#3031,1.984375);
#3033=LINE('',#3030,#3032);
#3034=EDGE_CURVE('',#2621,#3023,#3033,.T.);
#3035=ORIENTED_EDGE('',*,*,#3034,.F.);
#3036=ORIENTED_EDGE('',*,*,#2641,.T.);
#3037=ORIENTED_EDGE('',*,*,#1042,.T.);
#3038=ORIENTED_EDGE('',*,*,#2671,.F.);
#3039=CARTESIAN_POINT('',(2.,1.,-18.9875));
#3040=VERTEX_POINT('',#3039);
#3041=CARTESIAN_POINT('',(2.,1.,-18.9875));
#3042=DIRECTION('',(0.,0.,-1.));
#3043=VECTOR('',#3042,1.984375);
#3044=LINE('',#3041,#3043);
#3045=EDGE_CURVE('',#3040,#2660,#3044,.T.);
#3046=ORIENTED_EDGE('',*,*,#3045,.F.);
#3047=CARTESIAN_POINT('',(2.,1.,-18.9875));
#3048=DIRECTION('',(0.,-1.,0.));
#3049=VECTOR('',#3048,1.);
#3050=LINE('',#3047,#3049);
#3051=EDGE_CURVE('',#3040,#1319,#3050,.T.);
#3052=ORIENTED_EDGE('',*,*,#3051,.T.);
#3053=ORIENTED_EDGE('',*,*,#1371,.T.);
#3054=CARTESIAN_POINT('',(2.,0.,-4.7625));
#3055=DIRECTION('',(0.,1.,0.));
#3056=VECTOR('',#3055,3.175);
#3057=LINE('',#3054,#3056);
#3058=EDGE_CURVE('',#1360,#1703,#3057,.T.);
#3059=ORIENTED_EDGE('',*,*,#3058,.T.);
#3060=ORIENTED_EDGE('',*,*,#1708,.F.);
#3061=ORIENTED_EDGE('',*,*,#2393,.F.);
#3062=CARTESIAN_POINT('',(2.,2.175,-18.9875));
#3063=DIRECTION('',(0.,0.,-1.));
#3064=VECTOR('',#3063,1.984375);
#3065=LINE('',#3062,#3064);
#3066=EDGE_CURVE('',#2382,#1440,#3065,.T.);
#3067=ORIENTED_EDGE('',*,*,#3066,.T.);
#3068=ORIENTED_EDGE('',*,*,#1445,.T.);
#3069=ORIENTED_EDGE('',*,*,#1538,.F.);
#3070=ORIENTED_EDGE('',*,*,#1411,.F.);
#3071=CARTESIAN_POINT('',(2.,2.175,-30.0975));
#3072=DIRECTION('',(0.,0.,-1.));
#3073=VECTOR('',#3072,1.984375);
#3074=LINE('',#3071,#3073);
#3075=EDGE_CURVE('',#1400,#2413,#3074,.T.);
#3076=ORIENTED_EDGE('',*,*,#3075,.T.);
#3077=ORIENTED_EDGE('',*,*,#2418,.T.);
#3078=ORIENTED_EDGE('',*,*,#2157,.F.);
#3079=ORIENTED_EDGE('',*,*,#2486,.F.);
#3080=CARTESIAN_POINT('',(2.,2.175,-41.2075));
#3081=DIRECTION('',(0.,0.,-1.));
#3082=VECTOR('',#3081,1.984375);
#3083=LINE('',#3080,#3082);
#3084=EDGE_CURVE('',#2475,#2444,#3083,.T.);
#3085=ORIENTED_EDGE('',*,*,#3084,.T.);
#3086=ORIENTED_EDGE('',*,*,#2449,.T.);
#3087=ORIENTED_EDGE('',*,*,#2051,.F.);
#3088=ORIENTED_EDGE('',*,*,#2548,.F.);
#3089=CARTESIAN_POINT('',(2.,2.175,-52.3175));
#3090=DIRECTION('',(0.,0.,-1.));
#3091=VECTOR('',#3090,1.984375);
#3092=LINE('',#3089,#3091);
#3093=EDGE_CURVE('',#2537,#2506,#3092,.T.);
#3094=ORIENTED_EDGE('',*,*,#3093,.T.);
#3095=ORIENTED_EDGE('',*,*,#2511,.T.);
#3096=ORIENTED_EDGE('',*,*,#1945,.F.);
#3097=ORIENTED_EDGE('',*,*,#2610,.F.);
#3098=CARTESIAN_POINT('',(2.,2.175,-63.4275));
#3099=DIRECTION('',(0.,0.,-1.));
#3100=VECTOR('',#3099,1.984375);
#3101=LINE('',#3098,#3100);
#3102=EDGE_CURVE('',#2599,#2568,#3101,.T.);
#3103=ORIENTED_EDGE('',*,*,#3102,.T.);
#3104=ORIENTED_EDGE('',*,*,#2573,.T.);
#3105=ORIENTED_EDGE('',*,*,#1839,.F.);
#3106=ORIENTED_EDGE('',*,*,#2331,.F.);
#3107=CARTESIAN_POINT('',(2.,2.175,-74.5375));
#3108=DIRECTION('',(0.,0.,-1.));
#3109=VECTOR('',#3108,1.984375);
#3110=LINE('',#3107,#3109);
#3111=EDGE_CURVE('',#2320,#2289,#3110,.T.);
#3112=ORIENTED_EDGE('',*,*,#3111,.T.);
#3113=ORIENTED_EDGE('',*,*,#2294,.T.);
#3114=ORIENTED_EDGE('',*,*,#2263,.F.);
#3115=ORIENTED_EDGE('',*,*,#2362,.F.);
#3116=CARTESIAN_POINT('',(2.,2.175,-85.6475));
#3117=DIRECTION('',(0.,0.,-1.));
#3118=VECTOR('',#3117,1.984375);
#3119=LINE('',#3116,#3118);
#3120=EDGE_CURVE('',#2351,#1568,#3119,.T.);
#3121=ORIENTED_EDGE('',*,*,#3120,.T.);
#3122=ORIENTED_EDGE('',*,*,#1573,.T.);
#3123=ORIENTED_EDGE('',*,*,#1675,.F.);
#3124=CARTESIAN_POINT('',(2.,0.,-96.6475));
#3125=DIRECTION('',(0.,1.,0.));
#3126=VECTOR('',#3125,3.175);
#3127=LINE('',#3124,#3126);
#3128=EDGE_CURVE('',#1113,#1664,#3127,.T.);
#3129=ORIENTED_EDGE('',*,*,#3128,.F.);
#3130=ORIENTED_EDGE('',*,*,#1118,.T.);
#3131=ORIENTED_EDGE('',*,*,#2939,.F.);
#3132=CARTESIAN_POINT('',(2.,1.,-85.6475));
#3133=VERTEX_POINT('',#3132);
#3134=CARTESIAN_POINT('',(2.,1.,-85.6475));
#3135=DIRECTION('',(0.,0.,-1.));
#3136=VECTOR('',#3135,1.984375);
#3137=LINE('',#3134,#3136);
#3138=EDGE_CURVE('',#3133,#2928,#3137,.T.);
#3139=ORIENTED_EDGE('',*,*,#3138,.F.);
#3140=CARTESIAN_POINT('',(2.,1.,-85.6475));
#3141=DIRECTION('',(0.,-1.,0.));
#3142=VECTOR('',#3141,1.);
#3143=LINE('',#3140,#3142);
#3144=EDGE_CURVE('',#3133,#373,#3143,.T.);
#3145=ORIENTED_EDGE('',*,*,#3144,.T.);
#3146=ORIENTED_EDGE('',*,*,#402,.T.);
#3147=CARTESIAN_POINT('',(2.,1.,-76.521875));
#3148=VERTEX_POINT('',#3147);
#3149=CARTESIAN_POINT('',(2.,1.,-76.521875));
#3150=DIRECTION('',(0.,-1.,0.));
#3151=VECTOR('',#3150,1.);
#3152=LINE('',#3149,#3151);
#3153=EDGE_CURVE('',#3148,#391,#3152,.T.);
#3154=ORIENTED_EDGE('',*,*,#3153,.F.);
#3155=CARTESIAN_POINT('',(2.,1.,-74.5375));
#3156=VERTEX_POINT('',#3155);
#3157=CARTESIAN_POINT('',(2.,1.,-74.5375));
#3158=DIRECTION('',(0.,0.,-1.));
#3159=VECTOR('',#3158,1.984375);
#3160=LINE('',#3157,#3159);
#3161=EDGE_CURVE('',#3156,#3148,#3160,.T.);
#3162=ORIENTED_EDGE('',*,*,#3161,.F.);
#3163=CARTESIAN_POINT('',(2.,1.,-74.5375));
#3164=DIRECTION('',(0.,-1.,0.));
#3165=VECTOR('',#3164,1.);
#3166=LINE('',#3163,#3165);
#3167=EDGE_CURVE('',#3156,#1279,#3166,.T.);
#3168=ORIENTED_EDGE('',*,*,#3167,.T.);
#3169=ORIENTED_EDGE('',*,*,#1308,.T.);
#3170=CARTESIAN_POINT('',(2.,1.,-65.411875));
#3171=VERTEX_POINT('',#3170);
#3172=CARTESIAN_POINT('',(2.,1.,-65.411875));
#3173=DIRECTION('',(0.,-1.,0.));
#3174=VECTOR('',#3173,1.);
#3175=LINE('',#3172,#3174);
#3176=EDGE_CURVE('',#3171,#1297,#3175,.T.);
#3177=ORIENTED_EDGE('',*,*,#3176,.F.);
#3178=CARTESIAN_POINT('',(2.,1.,-63.4275));
#3179=DIRECTION('',(0.,0.,-1.));
#3180=VECTOR('',#3179,1.984375);
#3181=LINE('',#3178,#3180);
#3182=EDGE_CURVE('',#2968,#3171,#3181,.T.);
#3183=ORIENTED_EDGE('',*,*,#3182,.F.);
#3184=EDGE_LOOP('',(#2974,#2975,#2983,#2991,#2997,#2998,#3006,#3014,#3020,#3021,#3029,#3035,#3036,#3037,#3038,#3046,#3052,#3053,#3059,#3060,#3061,#3067,#3068,#3069,#3070,#3076,
#3077,#3078,#3079,#3085,#3086,#3087,#3088,#3094,#3095,#3096,#3097,#3103,#3104,#3105,#3106,#3112,#3113,#3114,#3115,#3121,#3122,#3123,#3129,#3130,#3131,
#3139,#3145,#3146,#3154,#3162,#3168,#3169,#3177,#3183));
#3185=FACE_BOUND('',#3184,.T.);
#3186=ADVANCED_FACE('',(#3185),#2966,.F.);
#3187=CARTESIAN_POINT('',(0.,3.175,-99.65));
#3188=DIRECTION('',(0.,0.,1.));
#3189=DIRECTION('',(1.,0.,0.));
#3190=AXIS2_PLACEMENT_3D('',#3187,#3188,#3189);
#3191=PLANE('',#3190);
#3192=ORIENTED_EDGE('',*,*,#1142,.T.);
#3193=CARTESIAN_POINT('',(20.,0.,-99.65));
#3194=DIRECTION('',(0.,1.,0.));
#3195=VECTOR('',#3194,3.175);
#3196=LINE('',#3193,#3195);
#3197=EDGE_CURVE('',#1129,#1648,#3196,.T.);
#3198=ORIENTED_EDGE('',*,*,#3197,.T.);
#3199=ORIENTED_EDGE('',*,*,#1653,.F.);
#3200=CARTESIAN_POINT('',(50.,0.,-99.65));
#3201=DIRECTION('',(0.,1.,0.));
#3202=VECTOR('',#3201,3.175);
#3203=LINE('',#3200,#3202);
#3204=EDGE_CURVE('',#1137,#1640,#3203,.T.);
#3205=ORIENTED_EDGE('',*,*,#3204,.F.);
#3206=EDGE_LOOP('',(#3192,#3198,#3199,#3205));
#3207=FACE_BOUND('',#3206,.T.);
#3208=ADVANCED_FACE('',(#3207),#3191,.F.);
#3209=CARTESIAN_POINT('',(50.,0.,-100.));
#3210=DIRECTION('',(-1.,0.,0.));
#3211=DIRECTION('',(0.,0.,1.));
#3212=AXIS2_PLACEMENT_3D('',#3209,#3210,#3211);
#3213=PLANE('',#3212);
#3214=ORIENTED_EDGE('',*,*,#1645,.T.);
#3215=ORIENTED_EDGE('',*,*,#2916,.F.);
#3216=ORIENTED_EDGE('',*,*,#1148,.F.);
#3217=ORIENTED_EDGE('',*,*,#3204,.T.);
#3218=EDGE_LOOP('',(#3214,#3215,#3216,#3217));
#3219=FACE_BOUND('',#3218,.T.);
#3220=ADVANCED_FACE('',(#3219),#3213,.F.);
#3221=CARTESIAN_POINT('',(20.,0.,-100.));
#3222=DIRECTION('',(1.,0.,0.));
#3223=DIRECTION('',(0.,0.,-1.));
#3224=AXIS2_PLACEMENT_3D('',#3221,#3222,#3223);
#3225=PLANE('',#3224);
#3226=ORIENTED_EDGE('',*,*,#1661,.T.);
#3227=ORIENTED_EDGE('',*,*,#3197,.F.);
#3228=ORIENTED_EDGE('',*,*,#1134,.F.);
#3229=CARTESIAN_POINT('',(20.,0.,-96.6475));
#3230=DIRECTION('',(0.,1.,0.));
#3231=VECTOR('',#3230,3.175);
#3232=LINE('',#3229,#3231);
#3233=EDGE_CURVE('',#1121,#1656,#3232,.T.);
#3234=ORIENTED_EDGE('',*,*,#3233,.T.);
#3235=EDGE_LOOP('',(#3226,#3227,#3228,#3234));
#3236=FACE_BOUND('',#3235,.T.);
#3237=ADVANCED_FACE('',(#3236),#3225,.F.);
#3238=CARTESIAN_POINT('',(0.,0.,-96.6475));
#3239=DIRECTION('',(0.,0.,1.));
#3240=DIRECTION('',(1.,0.,0.));
#3241=AXIS2_PLACEMENT_3D('',#3238,#3239,#3240);
#3242=PLANE('',#3241);
#3243=ORIENTED_EDGE('',*,*,#1669,.T.);
#3244=ORIENTED_EDGE('',*,*,#3233,.F.);
#3245=ORIENTED_EDGE('',*,*,#1126,.F.);
#3246=ORIENTED_EDGE('',*,*,#3128,.T.);
#3247=EDGE_LOOP('',(#3243,#3244,#3245,#3246));
#3248=FACE_BOUND('',#3247,.T.);
#3249=ADVANCED_FACE('',(#3248),#3242,.F.);
#3250=CARTESIAN_POINT('',(0.,0.,-4.7625));
#3251=DIRECTION('',(0.,0.,-1.));
#3252=DIRECTION('',(-1.,0.,0.));
#3253=AXIS2_PLACEMENT_3D('',#3250,#3251,#3252);
#3254=PLANE('',#3253);
#3255=ORIENTED_EDGE('',*,*,#1716,.T.);
#3256=ORIENTED_EDGE('',*,*,#3058,.F.);
#3257=ORIENTED_EDGE('',*,*,#1365,.F.);
#3258=CARTESIAN_POINT('',(20.,0.,-4.7625));
#3259=DIRECTION('',(0.,1.,0.));
#3260=VECTOR('',#3259,3.175);
#3261=LINE('',#3258,#3260);
#3262=EDGE_CURVE('',#1352,#1711,#3261,.T.);
#3263=ORIENTED_EDGE('',*,*,#3262,.T.);
#3264=EDGE_LOOP('',(#3255,#3256,#3257,#3263));
#3265=FACE_BOUND('',#3264,.T.);
#3266=ADVANCED_FACE('',(#3265),#3254,.F.);
#3267=CARTESIAN_POINT('',(20.,0.,0.));
#3268=DIRECTION('',(1.,0.,-0.));
#3269=DIRECTION('',(-0.,0.,-1.));
#3270=AXIS2_PLACEMENT_3D('',#3267,#3268,#3269);
#3271=PLANE('',#3270);
#3272=ORIENTED_EDGE('',*,*,#1357,.F.);
#3273=CARTESIAN_POINT('',(20.,0.,-1.7625));
#3274=DIRECTION('',(0.,1.,0.));
#3275=VECTOR('',#3274,3.175);
#3276=LINE('',#3273,#3275);
#3277=EDGE_CURVE('',#1344,#1719,#3276,.T.);
#3278=ORIENTED_EDGE('',*,*,#3277,.T.);
#3279=ORIENTED_EDGE('',*,*,#1724,.T.);
#3280=ORIENTED_EDGE('',*,*,#3262,.F.);
#3281=EDGE_LOOP('',(#3272,#3278,#3279,#3280));
#3282=FACE_BOUND('',#3281,.T.);
#3283=ADVANCED_FACE('',(#3282),#3271,.F.);
#3284=CARTESIAN_POINT('',(6.5025,-6.825,-81.0846875));
#3285=DIRECTION('',(0.,1.,0.));
#3286=DIRECTION('',(0.,-0.,1.));
#3287=AXIS2_PLACEMENT_3D('',#3284,#3285,#3286);
#3288=CYLINDRICAL_SURFACE('',#3287,2.);
#3289=CARTESIAN_POINT('',(6.5025,3.175,-79.0846875));
#3290=DIRECTION('',(-0.,-1.,-0.));
#3291=VECTOR('',#3290,3.175);
#3292=LINE('',#3289,#3291);
#3293=EDGE_CURVE('',#2174,#353,#3292,.T.);
#3294=ORIENTED_EDGE('',*,*,#3293,.F.);
#3295=ORIENTED_EDGE('',*,*,#2180,.T.);
#3296=ORIENTED_EDGE('',*,*,#3293,.T.);
#3297=ORIENTED_EDGE('',*,*,#361,.T.);
#3298=ORIENTED_EDGE('',*,*,#368,.T.);
#3299=EDGE_LOOP('',(#3294,#3295,#3296,#3297,#3298));
#3300=FACE_BOUND('',#3299,.T.);
#3301=ADVANCED_FACE('',(#3300),#3288,.F.);
#3302=CARTESIAN_POINT('',(6.5025,-6.825,-25.5846875));
#3303=DIRECTION('',(0.,1.,0.));
#3304=DIRECTION('',(0.,-0.,1.));
#3305=AXIS2_PLACEMENT_3D('',#3302,#3303,#3304);
#3306=CYLINDRICAL_SURFACE('',#3305,2.);
#3307=CARTESIAN_POINT('',(6.5025,3.175,-23.5846875));
#3308=DIRECTION('',(-0.,-1.,-0.));
#3309=VECTOR('',#3308,3.175);
#3310=LINE('',#3307,#3309);
#3311=EDGE_CURVE('',#1462,#993,#3310,.T.);
#3312=ORIENTED_EDGE('',*,*,#3311,.F.);
#3313=ORIENTED_EDGE('',*,*,#1468,.T.);
#3314=ORIENTED_EDGE('',*,*,#3311,.T.);
#3315=ORIENTED_EDGE('',*,*,#1001,.T.);
#3316=ORIENTED_EDGE('',*,*,#1008,.T.);
#3317=EDGE_LOOP('',(#3312,#3313,#3314,#3315,#3316));
#3318=FACE_BOUND('',#3317,.T.);
#3319=ADVANCED_FACE('',(#3318),#3306,.F.);
#3320=CARTESIAN_POINT('',(6.5025,-6.825,-36.6846875));
#3321=DIRECTION('',(0.,1.,0.));
#3322=DIRECTION('',(0.,-0.,1.));
#3323=AXIS2_PLACEMENT_3D('',#3320,#3321,#3322);
#3324=CYLINDRICAL_SURFACE('',#3323,2.);
#3325=CARTESIAN_POINT('',(6.5025,3.175,-34.6846875));
#3326=DIRECTION('',(-0.,-1.,-0.));
#3327=VECTOR('',#3326,3.175);
#3328=LINE('',#3325,#3327);
#3329=EDGE_CURVE('',#2068,#673,#3328,.T.);
#3330=ORIENTED_EDGE('',*,*,#3329,.F.);
#3331=ORIENTED_EDGE('',*,*,#2074,.T.);
#3332=ORIENTED_EDGE('',*,*,#3329,.T.);
#3333=ORIENTED_EDGE('',*,*,#681,.T.);
#3334=ORIENTED_EDGE('',*,*,#688,.T.);
#3335=EDGE_LOOP('',(#3330,#3331,#3332,#3333,#3334));
#3336=FACE_BOUND('',#3335,.T.);
#3337=ADVANCED_FACE('',(#3336),#3324,.F.);
#3338=CARTESIAN_POINT('',(6.5025,-6.825,-47.7846875));
#3339=DIRECTION('',(0.,1.,0.));
#3340=DIRECTION('',(0.,-0.,1.));
#3341=AXIS2_PLACEMENT_3D('',#3338,#3339,#3340);
#3342=CYLINDRICAL_SURFACE('',#3341,2.);
#3343=CARTESIAN_POINT('',(6.5025,3.175,-45.7846875));
#3344=DIRECTION('',(-0.,-1.,-0.));
#3345=VECTOR('',#3344,3.175);
#3346=LINE('',#3343,#3345);
#3347=EDGE_CURVE('',#1962,#833,#3346,.T.);
#3348=ORIENTED_EDGE('',*,*,#3347,.F.);
#3349=ORIENTED_EDGE('',*,*,#1968,.T.);
#3350=ORIENTED_EDGE('',*,*,#3347,.T.);
#3351=ORIENTED_EDGE('',*,*,#841,.T.);
#3352=ORIENTED_EDGE('',*,*,#848,.T.);
#3353=EDGE_LOOP('',(#3348,#3349,#3350,#3351,#3352));
#3354=FACE_BOUND('',#3353,.T.);
#3355=ADVANCED_FACE('',(#3354),#3342,.F.);
#3356=CARTESIAN_POINT('',(46.5025,-6.825,-69.9846875));
#3357=DIRECTION('',(0.,1.,0.));
#3358=DIRECTION('',(0.,-0.,1.));
#3359=AXIS2_PLACEMENT_3D('',#3356,#3357,#3358);
#3360=CYLINDRICAL_SURFACE('',#3359,2.);
#3361=CARTESIAN_POINT('',(46.5025,3.175,-67.9846875));
#3362=DIRECTION('',(-0.,-1.,-0.));
#3363=VECTOR('',#3362,3.175);
#3364=LINE('',#3361,#3363);
#3365=EDGE_CURVE('',#1750,#1159,#3364,.T.);
#3366=ORIENTED_EDGE('',*,*,#3365,.F.);
#3367=ORIENTED_EDGE('',*,*,#1756,.T.);
#3368=ORIENTED_EDGE('',*,*,#3365,.T.);
#3369=ORIENTED_EDGE('',*,*,#1167,.T.);
#3370=ORIENTED_EDGE('',*,*,#1174,.T.);
#3371=EDGE_LOOP('',(#3366,#3367,#3368,#3369,#3370));
#3372=FACE_BOUND('',#3371,.T.);
#3373=ADVANCED_FACE('',(#3372),#3360,.F.);
#3374=CARTESIAN_POINT('',(56.5025,-6.825,-69.9846875));
#3375=DIRECTION('',(0.,1.,0.));
#3376=DIRECTION('',(0.,-0.,1.));
#3377=AXIS2_PLACEMENT_3D('',#3374,#3375,#3376);
#3378=CYLINDRICAL_SURFACE('',#3377,2.);
#3379=CARTESIAN_POINT('',(56.5025,3.175,-67.9846875));
#3380=DIRECTION('',(-0.,-1.,-0.));
#3381=VECTOR('',#3380,3.175);
#3382=LINE('',#3379,#3381);
#3383=EDGE_CURVE('',#1761,#1179,#3382,.T.);
#3384=ORIENTED_EDGE('',*,*,#3383,.F.);
#3385=ORIENTED_EDGE('',*,*,#1767,.T.);
#3386=ORIENTED_EDGE('',*,*,#3383,.T.);
#3387=ORIENTED_EDGE('',*,*,#1187,.T.);
#3388=ORIENTED_EDGE('',*,*,#1194,.T.);
#3389=EDGE_LOOP('',(#3384,#3385,#3386,#3387,#3388));
#3390=FACE_BOUND('',#3389,.T.);
#3391=ADVANCED_FACE('',(#3390),#3378,.F.);
#3392=CARTESIAN_POINT('',(16.5025,-6.825,-58.8846875));
#3393=DIRECTION('',(0.,1.,0.));
#3394=DIRECTION('',(0.,-0.,1.));
#3395=AXIS2_PLACEMENT_3D('',#3392,#3393,#3394);
#3396=CYLINDRICAL_SURFACE('',#3395,2.);
#3397=CARTESIAN_POINT('',(16.5025,3.175,-56.8846875));
#3398=DIRECTION('',(-0.,-1.,-0.));
#3399=VECTOR('',#3398,3.175);
#3400=LINE('',#3397,#3399);
#3401=EDGE_CURVE('',#1856,#513,#3400,.T.);
#3402=ORIENTED_EDGE('',*,*,#3401,.F.);
#3403=ORIENTED_EDGE('',*,*,#1862,.T.);
#3404=ORIENTED_EDGE('',*,*,#3401,.T.);
#3405=ORIENTED_EDGE('',*,*,#521,.T.);
#3406=ORIENTED_EDGE('',*,*,#528,.T.);
#3407=EDGE_LOOP('',(#3402,#3403,#3404,#3405,#3406));
#3408=FACE_BOUND('',#3407,.T.);
#3409=ADVANCED_FACE('',(#3408),#3396,.F.);
#3410=CARTESIAN_POINT('',(26.5025,-6.825,-58.8846875));
#3411=DIRECTION('',(0.,1.,0.));
#3412=DIRECTION('',(0.,-0.,1.));
#3413=AXIS2_PLACEMENT_3D('',#3410,#3411,#3412);
#3414=CYLINDRICAL_SURFACE('',#3413,2.);
#3415=CARTESIAN_POINT('',(26.5025,3.175,-56.8846875));
#3416=DIRECTION('',(-0.,-1.,-0.));
#3417=VECTOR('',#3416,3.175);
#3418=LINE('',#3415,#3417);
#3419=EDGE_CURVE('',#1867,#493,#3418,.T.);
#3420=ORIENTED_EDGE('',*,*,#3419,.F.);
#3421=ORIENTED_EDGE('',*,*,#1873,.T.);
#3422=ORIENTED_EDGE('',*,*,#3419,.T.);
#3423=ORIENTED_EDGE('',*,*,#501,.T.);
#3424=ORIENTED_EDGE('',*,*,#508,.T.);
#3425=EDGE_LOOP('',(#3420,#3421,#3422,#3423,#3424));
#3426=FACE_BOUND('',#3425,.T.);
#3427=ADVANCED_FACE('',(#3426),#3414,.F.);
#3428=CARTESIAN_POINT('',(16.5025,-6.825,-47.7846875));
#3429=DIRECTION('',(0.,1.,0.));
#3430=DIRECTION('',(0.,-0.,1.));
#3431=AXIS2_PLACEMENT_3D('',#3428,#3429,#3430);
#3432=CYLINDRICAL_SURFACE('',#3431,2.);
#3433=CARTESIAN_POINT('',(16.5025,3.175,-45.7846875));
#3434=DIRECTION('',(-0.,-1.,-0.));
#3435=VECTOR('',#3434,3.175);
#3436=LINE('',#3433,#3435);
#3437=EDGE_CURVE('',#1973,#813,#3436,.T.);
#3438=ORIENTED_EDGE('',*,*,#3437,.F.);
#3439=ORIENTED_EDGE('',*,*,#1979,.T.);
#3440=ORIENTED_EDGE('',*,*,#3437,.T.);
#3441=ORIENTED_EDGE('',*,*,#821,.T.);
#3442=ORIENTED_EDGE('',*,*,#828,.T.);
#3443=EDGE_LOOP('',(#3438,#3439,#3440,#3441,#3442));
#3444=FACE_BOUND('',#3443,.T.);
#3445=ADVANCED_FACE('',(#3444),#3432,.F.);
#3446=CARTESIAN_POINT('',(56.5025,-6.825,-58.8846875));
#3447=DIRECTION('',(0.,1.,0.));
#3448=DIRECTION('',(0.,-0.,1.));
#3449=AXIS2_PLACEMENT_3D('',#3446,#3447,#3448);
#3450=CYLINDRICAL_SURFACE('',#3449,2.);
#3451=CARTESIAN_POINT('',(56.5025,3.175,-56.8846875));
#3452=DIRECTION('',(-0.,-1.,-0.));
#3453=VECTOR('',#3452,3.175);
#3454=LINE('',#3451,#3453);
#3455=EDGE_CURVE('',#1878,#473,#3454,.T.);
#3456=ORIENTED_EDGE('',*,*,#3455,.F.);
#3457=ORIENTED_EDGE('',*,*,#1884,.T.);
#3458=ORIENTED_EDGE('',*,*,#3455,.T.);
#3459=ORIENTED_EDGE('',*,*,#481,.T.);
#3460=ORIENTED_EDGE('',*,*,#488,.T.);
#3461=EDGE_LOOP('',(#3456,#3457,#3458,#3459,#3460));
#3462=FACE_BOUND('',#3461,.T.);
#3463=ADVANCED_FACE('',(#3462),#3450,.F.);
#3464=CARTESIAN_POINT('',(46.5025,-6.825,-58.8846875));
#3465=DIRECTION('',(0.,1.,0.));
#3466=DIRECTION('',(0.,-0.,1.));
#3467=AXIS2_PLACEMENT_3D('',#3464,#3465,#3466);
#3468=CYLINDRICAL_SURFACE('',#3467,2.);
#3469=CARTESIAN_POINT('',(46.5025,3.175,-56.8846875));
#3470=DIRECTION('',(-0.,-1.,-0.));
#3471=VECTOR('',#3470,3.175);
#3472=LINE('',#3469,#3471);
#3473=EDGE_CURVE('',#1889,#453,#3472,.T.);
#3474=ORIENTED_EDGE('',*,*,#3473,.F.);
#3475=ORIENTED_EDGE('',*,*,#1895,.T.);
#3476=ORIENTED_EDGE('',*,*,#3473,.T.);
#3477=ORIENTED_EDGE('',*,*,#461,.T.);
#3478=ORIENTED_EDGE('',*,*,#468,.T.);
#3479=EDGE_LOOP('',(#3474,#3475,#3476,#3477,#3478));
#3480=FACE_BOUND('',#3479,.T.);
#3481=ADVANCED_FACE('',(#3480),#3468,.F.);
#3482=CARTESIAN_POINT('',(36.5025,-6.825,-58.8846875));
#3483=DIRECTION('',(0.,1.,0.));
#3484=DIRECTION('',(0.,-0.,1.));
#3485=AXIS2_PLACEMENT_3D('',#3482,#3483,#3484);
#3486=CYLINDRICAL_SURFACE('',#3485,2.);
#3487=CARTESIAN_POINT('',(36.5025,3.175,-56.8846875));
#3488=DIRECTION('',(-0.,-1.,-0.));
#3489=VECTOR('',#3488,3.175);
#3490=LINE('',#3487,#3489);
#3491=EDGE_CURVE('',#1900,#433,#3490,.T.);
#3492=ORIENTED_EDGE('',*,*,#3491,.F.);
#3493=ORIENTED_EDGE('',*,*,#1906,.T.);
#3494=ORIENTED_EDGE('',*,*,#3491,.T.);
#3495=ORIENTED_EDGE('',*,*,#441,.T.);
#3496=ORIENTED_EDGE('',*,*,#448,.T.);
#3497=EDGE_LOOP('',(#3492,#3493,#3494,#3495,#3496));
#3498=FACE_BOUND('',#3497,.T.);
#3499=ADVANCED_FACE('',(#3498),#3486,.F.);
#3500=CARTESIAN_POINT('',(16.5025,-6.825,-81.0846875));
#3501=DIRECTION('',(0.,1.,0.));
#3502=DIRECTION('',(0.,-0.,1.));
#3503=AXIS2_PLACEMENT_3D('',#3500,#3501,#3502);
#3504=CYLINDRICAL_SURFACE('',#3503,2.);
#3505=CARTESIAN_POINT('',(16.5025,3.175,-79.0846875));
#3506=DIRECTION('',(-0.,-1.,-0.));
#3507=VECTOR('',#3506,3.175);
#3508=LINE('',#3505,#3507);
#3509=EDGE_CURVE('',#2185,#333,#3508,.T.);
#3510=ORIENTED_EDGE('',*,*,#3509,.F.);
#3511=ORIENTED_EDGE('',*,*,#2191,.T.);
#3512=ORIENTED_EDGE('',*,*,#3509,.T.);
#3513=ORIENTED_EDGE('',*,*,#341,.T.);
#3514=ORIENTED_EDGE('',*,*,#348,.T.);
#3515=EDGE_LOOP('',(#3510,#3511,#3512,#3513,#3514));
#3516=FACE_BOUND('',#3515,.T.);
#3517=ADVANCED_FACE('',(#3516),#3504,.F.);
#3518=CARTESIAN_POINT('',(26.5025,-6.825,-81.0846875));
#3519=DIRECTION('',(0.,1.,0.));
#3520=DIRECTION('',(0.,-0.,1.));
#3521=AXIS2_PLACEMENT_3D('',#3518,#3519,#3520);
#3522=CYLINDRICAL_SURFACE('',#3521,2.);
#3523=CARTESIAN_POINT('',(26.5025,3.175,-79.0846875));
#3524=DIRECTION('',(-0.,-1.,-0.));
#3525=VECTOR('',#3524,3.175);
#3526=LINE('',#3523,#3525);
#3527=EDGE_CURVE('',#2196,#313,#3526,.T.);
#3528=ORIENTED_EDGE('',*,*,#3527,.F.);
#3529=ORIENTED_EDGE('',*,*,#2202,.T.);
#3530=ORIENTED_EDGE('',*,*,#3527,.T.);
#3531=ORIENTED_EDGE('',*,*,#321,.T.);
#3532=ORIENTED_EDGE('',*,*,#328,.T.);
#3533=EDGE_LOOP('',(#3528,#3529,#3530,#3531,#3532));
#3534=FACE_BOUND('',#3533,.T.);
#3535=ADVANCED_FACE('',(#3534),#3522,.F.);
#3536=CARTESIAN_POINT('',(36.5025,-6.825,-81.0846875));
#3537=DIRECTION('',(0.,1.,0.));
#3538=DIRECTION('',(0.,-0.,1.));
#3539=AXIS2_PLACEMENT_3D('',#3536,#3537,#3538);
#3540=CYLINDRICAL_SURFACE('',#3539,2.);
#3541=CARTESIAN_POINT('',(36.5025,3.175,-79.0846875));
#3542=DIRECTION('',(-0.,-1.,-0.));
#3543=VECTOR('',#3542,3.175);
#3544=LINE('',#3541,#3543);
#3545=EDGE_CURVE('',#2207,#293,#3544,.T.);
#3546=ORIENTED_EDGE('',*,*,#3545,.F.);
#3547=ORIENTED_EDGE('',*,*,#2213,.T.);
#3548=ORIENTED_EDGE('',*,*,#3545,.T.);
#3549=ORIENTED_EDGE('',*,*,#301,.T.);
#3550=ORIENTED_EDGE('',*,*,#308,.T.);
#3551=EDGE_LOOP('',(#3546,#3547,#3548,#3549,#3550));
#3552=FACE_BOUND('',#3551,.T.);
#3553=ADVANCED_FACE('',(#3552),#3540,.F.);
#3554=CARTESIAN_POINT('',(46.5025,-6.825,-81.0846875));
#3555=DIRECTION('',(0.,1.,0.));
#3556=DIRECTION('',(0.,-0.,1.));
#3557=AXIS2_PLACEMENT_3D('',#3554,#3555,#3556);
#3558=CYLINDRICAL_SURFACE('',#3557,2.);
#3559=CARTESIAN_POINT('',(46.5025,3.175,-79.0846875));
#3560=DIRECTION('',(-0.,-1.,-0.));
#3561=VECTOR('',#3560,3.175);
#3562=LINE('',#3559,#3561);
#3563=EDGE_CURVE('',#2218,#273,#3562,.T.);
#3564=ORIENTED_EDGE('',*,*,#3563,.F.);
#3565=ORIENTED_EDGE('',*,*,#2224,.T.);
#3566=ORIENTED_EDGE('',*,*,#3563,.T.);
#3567=ORIENTED_EDGE('',*,*,#281,.T.);
#3568=ORIENTED_EDGE('',*,*,#288,.T.);
#3569=EDGE_LOOP('',(#3564,#3565,#3566,#3567,#3568));
#3570=FACE_BOUND('',#3569,.T.);
#3571=ADVANCED_FACE('',(#3570),#3558,.F.);
#3572=CARTESIAN_POINT('',(36.5025,-6.825,-69.9846875));
#3573=DIRECTION('',(0.,1.,0.));
#3574=DIRECTION('',(0.,-0.,1.));
#3575=AXIS2_PLACEMENT_3D('',#3572,#3573,#3574);
#3576=CYLINDRICAL_SURFACE('',#3575,2.);
#3577=CARTESIAN_POINT('',(36.5025,3.175,-67.9846875));
#3578=DIRECTION('',(-0.,-1.,-0.));
#3579=VECTOR('',#3578,3.175);
#3580=LINE('',#3577,#3579);
#3581=EDGE_CURVE('',#1772,#1199,#3580,.T.);
#3582=ORIENTED_EDGE('',*,*,#3581,.F.);
#3583=ORIENTED_EDGE('',*,*,#1778,.T.);
#3584=ORIENTED_EDGE('',*,*,#3581,.T.);
#3585=ORIENTED_EDGE('',*,*,#1207,.T.);
#3586=ORIENTED_EDGE('',*,*,#1214,.T.);
#3587=EDGE_LOOP('',(#3582,#3583,#3584,#3585,#3586));
#3588=FACE_BOUND('',#3587,.T.);
#3589=ADVANCED_FACE('',(#3588),#3576,.F.);
#3590=CARTESIAN_POINT('',(26.5025,-6.825,-69.9846875));
#3591=DIRECTION('',(0.,1.,0.));
#3592=DIRECTION('',(0.,-0.,1.));
#3593=AXIS2_PLACEMENT_3D('',#3590,#3591,#3592);
#3594=CYLINDRICAL_SURFACE('',#3593,2.);
#3595=CARTESIAN_POINT('',(26.5025,3.175,-67.9846875));
#3596=DIRECTION('',(-0.,-1.,-0.));
#3597=VECTOR('',#3596,3.175);
#3598=LINE('',#3595,#3597);
#3599=EDGE_CURVE('',#1783,#1219,#3598,.T.);
#3600=ORIENTED_EDGE('',*,*,#3599,.F.);
#3601=ORIENTED_EDGE('',*,*,#1789,.T.);
#3602=ORIENTED_EDGE('',*,*,#3599,.T.);
#3603=ORIENTED_EDGE('',*,*,#1227,.T.);
#3604=ORIENTED_EDGE('',*,*,#1234,.T.);
#3605=EDGE_LOOP('',(#3600,#3601,#3602,#3603,#3604));
#3606=FACE_BOUND('',#3605,.T.);
#3607=ADVANCED_FACE('',(#3606),#3594,.F.);
#3608=CARTESIAN_POINT('',(16.5025,-6.825,-69.9846875));
#3609=DIRECTION('',(0.,1.,0.));
#3610=DIRECTION('',(0.,-0.,1.));
#3611=AXIS2_PLACEMENT_3D('',#3608,#3609,#3610);
#3612=CYLINDRICAL_SURFACE('',#3611,2.);
#3613=CARTESIAN_POINT('',(16.5025,3.175,-67.9846875));
#3614=DIRECTION('',(-0.,-1.,-0.));
#3615=VECTOR('',#3614,3.175);
#3616=LINE('',#3613,#3615);
#3617=EDGE_CURVE('',#1794,#1239,#3616,.T.);
#3618=ORIENTED_EDGE('',*,*,#3617,.F.);
#3619=ORIENTED_EDGE('',*,*,#1800,.T.);
#3620=ORIENTED_EDGE('',*,*,#3617,.T.);
#3621=ORIENTED_EDGE('',*,*,#1247,.T.);
#3622=ORIENTED_EDGE('',*,*,#1254,.T.);
#3623=EDGE_LOOP('',(#3618,#3619,#3620,#3621,#3622));
#3624=FACE_BOUND('',#3623,.T.);
#3625=ADVANCED_FACE('',(#3624),#3612,.F.);
#3626=CARTESIAN_POINT('',(56.5025,-6.825,-81.0846875));
#3627=DIRECTION('',(0.,1.,0.));
#3628=DIRECTION('',(0.,-0.,1.));
#3629=AXIS2_PLACEMENT_3D('',#3626,#3627,#3628);
#3630=CYLINDRICAL_SURFACE('',#3629,2.);
#3631=CARTESIAN_POINT('',(56.5025,3.175,-79.0846875));
#3632=DIRECTION('',(-0.,-1.,-0.));
#3633=VECTOR('',#3632,3.175);
#3634=LINE('',#3631,#3633);
#3635=EDGE_CURVE('',#2229,#253,#3634,.T.);
#3636=ORIENTED_EDGE('',*,*,#3635,.F.);
#3637=ORIENTED_EDGE('',*,*,#2235,.T.);
#3638=ORIENTED_EDGE('',*,*,#3635,.T.);
#3639=ORIENTED_EDGE('',*,*,#261,.T.);
#3640=ORIENTED_EDGE('',*,*,#268,.T.);
#3641=EDGE_LOOP('',(#3636,#3637,#3638,#3639,#3640));
#3642=FACE_BOUND('',#3641,.T.);
#3643=ADVANCED_FACE('',(#3642),#3630,.F.);
#3644=CARTESIAN_POINT('',(36.5025,-6.825,-25.5846875));
#3645=DIRECTION('',(0.,1.,0.));
#3646=DIRECTION('',(0.,-0.,1.));
#3647=AXIS2_PLACEMENT_3D('',#3644,#3645,#3646);
#3648=CYLINDRICAL_SURFACE('',#3647,2.);
#3649=CARTESIAN_POINT('',(36.5025,3.175,-23.5846875));
#3650=DIRECTION('',(-0.,-1.,-0.));
#3651=VECTOR('',#3650,3.175);
#3652=LINE('',#3649,#3651);
#3653=EDGE_CURVE('',#1473,#973,#3652,.T.);
#3654=ORIENTED_EDGE('',*,*,#3653,.F.);
#3655=ORIENTED_EDGE('',*,*,#1479,.T.);
#3656=ORIENTED_EDGE('',*,*,#3653,.T.);
#3657=ORIENTED_EDGE('',*,*,#981,.T.);
#3658=ORIENTED_EDGE('',*,*,#988,.T.);
#3659=EDGE_LOOP('',(#3654,#3655,#3656,#3657,#3658));
#3660=FACE_BOUND('',#3659,.T.);
#3661=ADVANCED_FACE('',(#3660),#3648,.F.);
#3662=CARTESIAN_POINT('',(26.5025,-6.825,-25.5846875));
#3663=DIRECTION('',(0.,1.,0.));
#3664=DIRECTION('',(0.,-0.,1.));
#3665=AXIS2_PLACEMENT_3D('',#3662,#3663,#3664);
#3666=CYLINDRICAL_SURFACE('',#3665,2.);
#3667=CARTESIAN_POINT('',(26.5025,3.175,-23.5846875));
#3668=DIRECTION('',(-0.,-1.,-0.));
#3669=VECTOR('',#3668,3.175);
#3670=LINE('',#3667,#3669);
#3671=EDGE_CURVE('',#1484,#953,#3670,.T.);
#3672=ORIENTED_EDGE('',*,*,#3671,.F.);
#3673=ORIENTED_EDGE('',*,*,#1490,.T.);
#3674=ORIENTED_EDGE('',*,*,#3671,.T.);
#3675=ORIENTED_EDGE('',*,*,#961,.T.);
#3676=ORIENTED_EDGE('',*,*,#968,.T.);
#3677=EDGE_LOOP('',(#3672,#3673,#3674,#3675,#3676));
#3678=FACE_BOUND('',#3677,.T.);
#3679=ADVANCED_FACE('',(#3678),#3666,.F.);
#3680=CARTESIAN_POINT('',(16.5025,-6.825,-25.5846875));
#3681=DIRECTION('',(0.,1.,0.));
#3682=DIRECTION('',(0.,-0.,1.));
#3683=AXIS2_PLACEMENT_3D('',#3680,#3681,#3682);
#3684=CYLINDRICAL_SURFACE('',#3683,2.);
#3685=CARTESIAN_POINT('',(16.5025,3.175,-23.5846875));
#3686=DIRECTION('',(-0.,-1.,-0.));
#3687=VECTOR('',#3686,3.175);
#3688=LINE('',#3685,#3687);
#3689=EDGE_CURVE('',#1495,#933,#3688,.T.);
#3690=ORIENTED_EDGE('',*,*,#3689,.F.);
#3691=ORIENTED_EDGE('',*,*,#1501,.T.);
#3692=ORIENTED_EDGE('',*,*,#3689,.T.);
#3693=ORIENTED_EDGE('',*,*,#941,.T.);
#3694=ORIENTED_EDGE('',*,*,#948,.T.);
#3695=EDGE_LOOP('',(#3690,#3691,#3692,#3693,#3694));
#3696=FACE_BOUND('',#3695,.T.);
#3697=ADVANCED_FACE('',(#3696),#3684,.F.);
#3698=CARTESIAN_POINT('',(56.5025,-6.825,-36.6846875));
#3699=DIRECTION('',(0.,1.,0.));
#3700=DIRECTION('',(0.,-0.,1.));
#3701=AXIS2_PLACEMENT_3D('',#3698,#3699,#3700);
#3702=CYLINDRICAL_SURFACE('',#3701,2.);
#3703=CARTESIAN_POINT('',(56.5025,3.175,-34.6846875));
#3704=DIRECTION('',(-0.,-1.,-0.));
#3705=VECTOR('',#3704,3.175);
#3706=LINE('',#3703,#3705);
#3707=EDGE_CURVE('',#2079,#653,#3706,.T.);
#3708=ORIENTED_EDGE('',*,*,#3707,.F.);
#3709=ORIENTED_EDGE('',*,*,#2085,.T.);
#3710=ORIENTED_EDGE('',*,*,#3707,.T.);
#3711=ORIENTED_EDGE('',*,*,#661,.T.);
#3712=ORIENTED_EDGE('',*,*,#668,.T.);
#3713=EDGE_LOOP('',(#3708,#3709,#3710,#3711,#3712));
#3714=FACE_BOUND('',#3713,.T.);
#3715=ADVANCED_FACE('',(#3714),#3702,.F.);
#3716=CARTESIAN_POINT('',(46.5025,-6.825,-25.5846875));
#3717=DIRECTION('',(0.,1.,0.));
#3718=DIRECTION('',(0.,-0.,1.));
#3719=AXIS2_PLACEMENT_3D('',#3716,#3717,#3718);
#3720=CYLINDRICAL_SURFACE('',#3719,2.);
#3721=CARTESIAN_POINT('',(46.5025,3.175,-23.5846875));
#3722=DIRECTION('',(-0.,-1.,-0.));
#3723=VECTOR('',#3722,3.175);
#3724=LINE('',#3721,#3723);
#3725=EDGE_CURVE('',#1506,#913,#3724,.T.);
#3726=ORIENTED_EDGE('',*,*,#3725,.F.);
#3727=ORIENTED_EDGE('',*,*,#1512,.T.);
#3728=ORIENTED_EDGE('',*,*,#3725,.T.);
#3729=ORIENTED_EDGE('',*,*,#921,.T.);
#3730=ORIENTED_EDGE('',*,*,#928,.T.);
#3731=EDGE_LOOP('',(#3726,#3727,#3728,#3729,#3730));
#3732=FACE_BOUND('',#3731,.T.);
#3733=ADVANCED_FACE('',(#3732),#3720,.F.);
#3734=CARTESIAN_POINT('',(56.5025,-6.825,-25.5846875));
#3735=DIRECTION('',(0.,1.,0.));
#3736=DIRECTION('',(0.,-0.,1.));
#3737=AXIS2_PLACEMENT_3D('',#3734,#3735,#3736);
#3738=CYLINDRICAL_SURFACE('',#3737,2.);
#3739=CARTESIAN_POINT('',(56.5025,3.175,-23.5846875));
#3740=DIRECTION('',(-0.,-1.,-0.));
#3741=VECTOR('',#3740,3.175);
#3742=LINE('',#3739,#3741);
#3743=EDGE_CURVE('',#1517,#893,#3742,.T.);
#3744=ORIENTED_EDGE('',*,*,#3743,.F.);
#3745=ORIENTED_EDGE('',*,*,#1523,.T.);
#3746=ORIENTED_EDGE('',*,*,#3743,.T.);
#3747=ORIENTED_EDGE('',*,*,#901,.T.);
#3748=ORIENTED_EDGE('',*,*,#908,.T.);
#3749=EDGE_LOOP('',(#3744,#3745,#3746,#3747,#3748));
#3750=FACE_BOUND('',#3749,.T.);
#3751=ADVANCED_FACE('',(#3750),#3738,.F.);
#3752=CARTESIAN_POINT('',(6.5025,-6.825,-69.9846875));
#3753=DIRECTION('',(0.,1.,0.));
#3754=DIRECTION('',(0.,-0.,1.));
#3755=AXIS2_PLACEMENT_3D('',#3752,#3753,#3754);
#3756=CYLINDRICAL_SURFACE('',#3755,2.);
#3757=CARTESIAN_POINT('',(6.5025,3.175,-67.9846875));
#3758=DIRECTION('',(-0.,-1.,-0.));
#3759=VECTOR('',#3758,3.175);
#3760=LINE('',#3757,#3759);
#3761=EDGE_CURVE('',#1805,#1259,#3760,.T.);
#3762=ORIENTED_EDGE('',*,*,#3761,.F.);
#3763=ORIENTED_EDGE('',*,*,#1811,.T.);
#3764=ORIENTED_EDGE('',*,*,#3761,.T.);
#3765=ORIENTED_EDGE('',*,*,#1267,.T.);
#3766=ORIENTED_EDGE('',*,*,#1274,.T.);
#3767=EDGE_LOOP('',(#3762,#3763,#3764,#3765,#3766));
#3768=FACE_BOUND('',#3767,.T.);
#3769=ADVANCED_FACE('',(#3768),#3756,.F.);
#3770=CARTESIAN_POINT('',(6.5025,-6.825,-58.8846875));
#3771=DIRECTION('',(0.,1.,0.));
#3772=DIRECTION('',(0.,-0.,1.));
#3773=AXIS2_PLACEMENT_3D('',#3770,#3771,#3772);
#3774=CYLINDRICAL_SURFACE('',#3773,2.);
#3775=CARTESIAN_POINT('',(6.5025,3.175,-56.8846875));
#3776=DIRECTION('',(-0.,-1.,-0.));
#3777=VECTOR('',#3776,3.175);
#3778=LINE('',#3775,#3777);
#3779=EDGE_CURVE('',#1911,#413,#3778,.T.);
#3780=ORIENTED_EDGE('',*,*,#3779,.F.);
#3781=ORIENTED_EDGE('',*,*,#1917,.T.);
#3782=ORIENTED_EDGE('',*,*,#3779,.T.);
#3783=ORIENTED_EDGE('',*,*,#421,.T.);
#3784=ORIENTED_EDGE('',*,*,#428,.T.);
#3785=EDGE_LOOP('',(#3780,#3781,#3782,#3783,#3784));
#3786=FACE_BOUND('',#3785,.T.);
#3787=ADVANCED_FACE('',(#3786),#3774,.F.);
#3788=CARTESIAN_POINT('',(46.5025,-6.825,-36.6846875));
#3789=DIRECTION('',(0.,1.,0.));
#3790=DIRECTION('',(0.,-0.,1.));
#3791=AXIS2_PLACEMENT_3D('',#3788,#3789,#3790);
#3792=CYLINDRICAL_SURFACE('',#3791,2.);
#3793=CARTESIAN_POINT('',(46.5025,3.175,-34.6846875));
#3794=DIRECTION('',(-0.,-1.,-0.));
#3795=VECTOR('',#3794,3.175);
#3796=LINE('',#3793,#3795);
#3797=EDGE_CURVE('',#2090,#633,#3796,.T.);
#3798=ORIENTED_EDGE('',*,*,#3797,.F.);
#3799=ORIENTED_EDGE('',*,*,#2096,.T.);
#3800=ORIENTED_EDGE('',*,*,#3797,.T.);
#3801=ORIENTED_EDGE('',*,*,#641,.T.);
#3802=ORIENTED_EDGE('',*,*,#648,.T.);
#3803=EDGE_LOOP('',(#3798,#3799,#3800,#3801,#3802));
#3804=FACE_BOUND('',#3803,.T.);
#3805=ADVANCED_FACE('',(#3804),#3792,.F.);
#3806=CARTESIAN_POINT('',(36.5025,-6.825,-36.6846875));
#3807=DIRECTION('',(0.,1.,0.));
#3808=DIRECTION('',(0.,-0.,1.));
#3809=AXIS2_PLACEMENT_3D('',#3806,#3807,#3808);
#3810=CYLINDRICAL_SURFACE('',#3809,2.);
#3811=CARTESIAN_POINT('',(36.5025,3.175,-34.6846875));
#3812=DIRECTION('',(-0.,-1.,-0.));
#3813=VECTOR('',#3812,3.175);
#3814=LINE('',#3811,#3813);
#3815=EDGE_CURVE('',#2101,#613,#3814,.T.);
#3816=ORIENTED_EDGE('',*,*,#3815,.F.);
#3817=ORIENTED_EDGE('',*,*,#2107,.T.);
#3818=ORIENTED_EDGE('',*,*,#3815,.T.);
#3819=ORIENTED_EDGE('',*,*,#621,.T.);
#3820=ORIENTED_EDGE('',*,*,#628,.T.);
#3821=EDGE_LOOP('',(#3816,#3817,#3818,#3819,#3820));
#3822=FACE_BOUND('',#3821,.T.);
#3823=ADVANCED_FACE('',(#3822),#3810,.F.);
#3824=CARTESIAN_POINT('',(26.5025,-6.825,-36.6846875));
#3825=DIRECTION('',(0.,1.,0.));
#3826=DIRECTION('',(0.,-0.,1.));
#3827=AXIS2_PLACEMENT_3D('',#3824,#3825,#3826);
#3828=CYLINDRICAL_SURFACE('',#3827,2.);
#3829=CARTESIAN_POINT('',(26.5025,3.175,-34.6846875));
#3830=DIRECTION('',(-0.,-1.,-0.));
#3831=VECTOR('',#3830,3.175);
#3832=LINE('',#3829,#3831);
#3833=EDGE_CURVE('',#2112,#593,#3832,.T.);
#3834=ORIENTED_EDGE('',*,*,#3833,.F.);
#3835=ORIENTED_EDGE('',*,*,#2118,.T.);
#3836=ORIENTED_EDGE('',*,*,#3833,.T.);
#3837=ORIENTED_EDGE('',*,*,#601,.T.);
#3838=ORIENTED_EDGE('',*,*,#608,.T.);
#3839=EDGE_LOOP('',(#3834,#3835,#3836,#3837,#3838));
#3840=FACE_BOUND('',#3839,.T.);
#3841=ADVANCED_FACE('',(#3840),#3828,.F.);
#3842=CARTESIAN_POINT('',(16.5025,-6.825,-36.6846875));
#3843=DIRECTION('',(0.,1.,0.));
#3844=DIRECTION('',(0.,-0.,1.));
#3845=AXIS2_PLACEMENT_3D('',#3842,#3843,#3844);
#3846=CYLINDRICAL_SURFACE('',#3845,2.);
#3847=CARTESIAN_POINT('',(16.5025,3.175,-34.6846875));
#3848=DIRECTION('',(-0.,-1.,-0.));
#3849=VECTOR('',#3848,3.175);
#3850=LINE('',#3847,#3849);
#3851=EDGE_CURVE('',#2123,#573,#3850,.T.);
#3852=ORIENTED_EDGE('',*,*,#3851,.F.);
#3853=ORIENTED_EDGE('',*,*,#2129,.T.);
#3854=ORIENTED_EDGE('',*,*,#3851,.T.);
#3855=ORIENTED_EDGE('',*,*,#581,.T.);
#3856=ORIENTED_EDGE('',*,*,#588,.T.);
#3857=EDGE_LOOP('',(#3852,#3853,#3854,#3855,#3856));
#3858=FACE_BOUND('',#3857,.T.);
#3859=ADVANCED_FACE('',(#3858),#3846,.F.);
#3860=CARTESIAN_POINT('',(56.5025,-6.825,-47.7846875));
#3861=DIRECTION('',(0.,1.,0.));
#3862=DIRECTION('',(0.,-0.,1.));
#3863=AXIS2_PLACEMENT_3D('',#3860,#3861,#3862);
#3864=CYLINDRICAL_SURFACE('',#3863,2.);
#3865=CARTESIAN_POINT('',(56.5025,3.175,-45.7846875));
#3866=DIRECTION('',(-0.,-1.,-0.));
#3867=VECTOR('',#3866,3.175);
#3868=LINE('',#3865,#3867);
#3869=EDGE_CURVE('',#1984,#793,#3868,.T.);
#3870=ORIENTED_EDGE('',*,*,#3869,.F.);
#3871=ORIENTED_EDGE('',*,*,#1990,.T.);
#3872=ORIENTED_EDGE('',*,*,#3869,.T.);
#3873=ORIENTED_EDGE('',*,*,#801,.T.);
#3874=ORIENTED_EDGE('',*,*,#808,.T.);
#3875=EDGE_LOOP('',(#3870,#3871,#3872,#3873,#3874));
#3876=FACE_BOUND('',#3875,.T.);
#3877=ADVANCED_FACE('',(#3876),#3864,.F.);
#3878=CARTESIAN_POINT('',(46.5025,-6.825,-47.7846875));
#3879=DIRECTION('',(0.,1.,0.));
#3880=DIRECTION('',(0.,-0.,1.));
#3881=AXIS2_PLACEMENT_3D('',#3878,#3879,#3880);
#3882=CYLINDRICAL_SURFACE('',#3881,2.);
#3883=CARTESIAN_POINT('',(46.5025,3.175,-45.7846875));
#3884=DIRECTION('',(-0.,-1.,-0.));
#3885=VECTOR('',#3884,3.175);
#3886=LINE('',#3883,#3885);
#3887=EDGE_CURVE('',#1995,#773,#3886,.T.);
#3888=ORIENTED_EDGE('',*,*,#3887,.F.);
#3889=ORIENTED_EDGE('',*,*,#2001,.T.);
#3890=ORIENTED_EDGE('',*,*,#3887,.T.);
#3891=ORIENTED_EDGE('',*,*,#781,.T.);
#3892=ORIENTED_EDGE('',*,*,#788,.T.);
#3893=EDGE_LOOP('',(#3888,#3889,#3890,#3891,#3892));
#3894=FACE_BOUND('',#3893,.T.);
#3895=ADVANCED_FACE('',(#3894),#3882,.F.);
#3896=CARTESIAN_POINT('',(36.5025,-6.825,-47.7846875));
#3897=DIRECTION('',(0.,1.,0.));
#3898=DIRECTION('',(0.,-0.,1.));
#3899=AXIS2_PLACEMENT_3D('',#3896,#3897,#3898);
#3900=CYLINDRICAL_SURFACE('',#3899,2.);
#3901=CARTESIAN_POINT('',(36.5025,3.175,-45.7846875));
#3902=DIRECTION('',(-0.,-1.,-0.));
#3903=VECTOR('',#3902,3.175);
#3904=LINE('',#3901,#3903);
#3905=EDGE_CURVE('',#2006,#753,#3904,.T.);
#3906=ORIENTED_EDGE('',*,*,#3905,.F.);
#3907=ORIENTED_EDGE('',*,*,#2012,.T.);
#3908=ORIENTED_EDGE('',*,*,#3905,.T.);
#3909=ORIENTED_EDGE('',*,*,#761,.T.);
#3910=ORIENTED_EDGE('',*,*,#768,.T.);
#3911=EDGE_LOOP('',(#3906,#3907,#3908,#3909,#3910));
#3912=FACE_BOUND('',#3911,.T.);
#3913=ADVANCED_FACE('',(#3912),#3900,.F.);
#3914=CARTESIAN_POINT('',(26.5025,-6.825,-47.7846875));
#3915=DIRECTION('',(0.,1.,0.));
#3916=DIRECTION('',(0.,-0.,1.));
#3917=AXIS2_PLACEMENT_3D('',#3914,#3915,#3916);
#3918=CYLINDRICAL_SURFACE('',#3917,2.);
#3919=CARTESIAN_POINT('',(26.5025,3.175,-45.7846875));
#3920=DIRECTION('',(-0.,-1.,-0.));
#3921=VECTOR('',#3920,3.175);
#3922=LINE('',#3919,#3921);
#3923=EDGE_CURVE('',#2017,#733,#3922,.T.);
#3924=ORIENTED_EDGE('',*,*,#3923,.F.);
#3925=ORIENTED_EDGE('',*,*,#2023,.T.);
#3926=ORIENTED_EDGE('',*,*,#3923,.T.);
#3927=ORIENTED_EDGE('',*,*,#741,.T.);
#3928=ORIENTED_EDGE('',*,*,#748,.T.);
#3929=EDGE_LOOP('',(#3924,#3925,#3926,#3927,#3928));
#3930=FACE_BOUND('',#3929,.T.);
#3931=ADVANCED_FACE('',(#3930),#3918,.F.);
#3932=CARTESIAN_POINT('',(-0.,2.175,-76.521875));
#3933=DIRECTION('',(0.,0.,1.));
#3934=DIRECTION('',(1.,0.,0.));
#3935=AXIS2_PLACEMENT_3D('',#3932,#3933,#3934);
#3936=PLANE('',#3935);
#3937=ORIENTED_EDGE('',*,*,#2822,.F.);
#3938=CARTESIAN_POINT('',(2.,1.,-76.521875));
#3939=DIRECTION('',(1.,0.,-0.));
#3940=VECTOR('',#3939,60.5025);
#3941=LINE('',#3938,#3940);
#3942=EDGE_CURVE('',#3148,#2811,#3941,.T.);
#3943=ORIENTED_EDGE('',*,*,#3942,.F.);
#3944=ORIENTED_EDGE('',*,*,#3153,.T.);
#3945=ORIENTED_EDGE('',*,*,#396,.T.);
#3946=EDGE_LOOP('',(#3937,#3943,#3944,#3945));
#3947=FACE_BOUND('',#3946,.T.);
#3948=ADVANCED_FACE('',(#3947),#3936,.T.);
#3949=CARTESIAN_POINT('',(-0.,2.175,-74.5375));
#3950=DIRECTION('',(0.,0.,1.));
#3951=DIRECTION('',(1.,0.,0.));
#3952=AXIS2_PLACEMENT_3D('',#3949,#3950,#3951);
#3953=PLANE('',#3952);
#3954=CARTESIAN_POINT('',(2.,1.,-74.5375));
#3955=DIRECTION('',(1.,0.,-0.));
#3956=VECTOR('',#3955,60.5025);
#3957=LINE('',#3954,#3956);
#3958=EDGE_CURVE('',#3156,#2803,#3957,.T.);
#3959=ORIENTED_EDGE('',*,*,#3958,.T.);
#3960=ORIENTED_EDGE('',*,*,#2808,.T.);
#3961=ORIENTED_EDGE('',*,*,#1286,.F.);
#3962=ORIENTED_EDGE('',*,*,#3167,.F.);
#3963=EDGE_LOOP('',(#3959,#3960,#3961,#3962));
#3964=FACE_BOUND('',#3963,.T.);
#3965=ADVANCED_FACE('',(#3964),#3953,.F.);
#3966=CARTESIAN_POINT('',(0.,2.175,0.));
#3967=DIRECTION('',(0.,-1.,0.));
#3968=DIRECTION('',(0.,0.,-1.));
#3969=AXIS2_PLACEMENT_3D('',#3966,#3967,#3968);
#3970=PLANE('',#3969);
#3971=ORIENTED_EDGE('',*,*,#2300,.F.);
#3972=ORIENTED_EDGE('',*,*,#3111,.F.);
#3973=ORIENTED_EDGE('',*,*,#2325,.T.);
#3974=ORIENTED_EDGE('',*,*,#2869,.F.);
#3975=EDGE_LOOP('',(#3971,#3972,#3973,#3974));
#3976=FACE_BOUND('',#3975,.T.);
#3977=ADVANCED_FACE('',(#3976),#3970,.F.);
#3978=CARTESIAN_POINT('',(-0.,2.175,-85.6475));
#3979=DIRECTION('',(0.,0.,1.));
#3980=DIRECTION('',(1.,0.,0.));
#3981=AXIS2_PLACEMENT_3D('',#3978,#3979,#3980);
#3982=PLANE('',#3981);
#3983=CARTESIAN_POINT('',(2.,1.,-85.6475));
#3984=DIRECTION('',(1.,0.,-0.));
#3985=VECTOR('',#3984,60.5025);
#3986=LINE('',#3983,#3985);
#3987=EDGE_CURVE('',#3133,#2826,#3986,.T.);
#3988=ORIENTED_EDGE('',*,*,#3987,.T.);
#3989=ORIENTED_EDGE('',*,*,#2831,.T.);
#3990=ORIENTED_EDGE('',*,*,#380,.F.);
#3991=ORIENTED_EDGE('',*,*,#3144,.F.);
#3992=EDGE_LOOP('',(#3988,#3989,#3990,#3991));
#3993=FACE_BOUND('',#3992,.T.);
#3994=ADVANCED_FACE('',(#3993),#3982,.F.);
#3995=CARTESIAN_POINT('',(0.,2.175,0.));
#3996=DIRECTION('',(0.,1.,0.));
#3997=DIRECTION('',(0.,0.,1.));
#3998=AXIS2_PLACEMENT_3D('',#3995,#3996,#3997);
#3999=PLANE('',#3998);
#4000=ORIENTED_EDGE('',*,*,#2860,.T.);
#4001=ORIENTED_EDGE('',*,*,#1579,.F.);
#4002=ORIENTED_EDGE('',*,*,#3120,.F.);
#4003=ORIENTED_EDGE('',*,*,#2356,.T.);
#4004=EDGE_LOOP('',(#4000,#4001,#4002,#4003));
#4005=FACE_BOUND('',#4004,.T.);
#4006=ADVANCED_FACE('',(#4005),#3999,.T.);
#4007=CARTESIAN_POINT('',(0.,2.175,-18.9875));
#4008=DIRECTION('',(0.,0.,1.));
#4009=DIRECTION('',(1.,0.,0.));
#4010=AXIS2_PLACEMENT_3D('',#4007,#4008,#4009);
#4011=PLANE('',#4010);
#4012=CARTESIAN_POINT('',(2.,1.,-18.9875));
#4013=DIRECTION('',(1.,0.,-0.));
#4014=VECTOR('',#4013,60.5025);
#4015=LINE('',#4012,#4014);
#4016=EDGE_CURVE('',#3040,#2702,#4015,.T.);
#4017=ORIENTED_EDGE('',*,*,#4016,.T.);
#4018=ORIENTED_EDGE('',*,*,#2707,.T.);
#4019=ORIENTED_EDGE('',*,*,#1326,.F.);
#4020=ORIENTED_EDGE('',*,*,#3051,.F.);
#4021=EDGE_LOOP('',(#4017,#4018,#4019,#4020));
#4022=FACE_BOUND('',#4021,.T.);
#4023=ADVANCED_FACE('',(#4022),#4011,.F.);
#4024=CARTESIAN_POINT('',(0.,2.175,0.));
#4025=DIRECTION('',(0.,-1.,0.));
#4026=DIRECTION('',(0.,0.,-1.));
#4027=AXIS2_PLACEMENT_3D('',#4024,#4025,#4026);
#4028=PLANE('',#4027);
#4029=ORIENTED_EDGE('',*,*,#1451,.F.);
#4030=ORIENTED_EDGE('',*,*,#3066,.F.);
#4031=ORIENTED_EDGE('',*,*,#2387,.T.);
#4032=ORIENTED_EDGE('',*,*,#2695,.F.);
#4033=EDGE_LOOP('',(#4029,#4030,#4031,#4032));
#4034=FACE_BOUND('',#4033,.T.);
#4035=ADVANCED_FACE('',(#4034),#4028,.F.);
#4036=CARTESIAN_POINT('',(-0.,2.175,-32.081875));
#4037=DIRECTION('',(0.,0.,1.));
#4038=DIRECTION('',(1.,0.,0.));
#4039=AXIS2_PLACEMENT_3D('',#4036,#4037,#4038);
#4040=PLANE('',#4039);
#4041=ORIENTED_EDGE('',*,*,#2730,.F.);
#4042=CARTESIAN_POINT('',(2.,1.,-32.081875));
#4043=DIRECTION('',(1.,0.,-0.));
#4044=VECTOR('',#4043,60.5025);
#4045=LINE('',#4042,#4044);
#4046=EDGE_CURVE('',#3023,#2719,#4045,.T.);
#4047=ORIENTED_EDGE('',*,*,#4046,.F.);
#4048=ORIENTED_EDGE('',*,*,#3028,.T.);
#4049=ORIENTED_EDGE('',*,*,#716,.T.);
#4050=EDGE_LOOP('',(#4041,#4047,#4048,#4049));
#4051=FACE_BOUND('',#4050,.T.);
#4052=ADVANCED_FACE('',(#4051),#4040,.T.);
#4053=CARTESIAN_POINT('',(0.,2.175,0.));
#4054=DIRECTION('',(0.,-1.,0.));
#4055=DIRECTION('',(0.,0.,-1.));
#4056=AXIS2_PLACEMENT_3D('',#4053,#4054,#4055);
#4057=PLANE('',#4056);
#4058=ORIENTED_EDGE('',*,*,#2424,.F.);
#4059=ORIENTED_EDGE('',*,*,#3075,.F.);
#4060=ORIENTED_EDGE('',*,*,#1405,.T.);
#4061=ORIENTED_EDGE('',*,*,#2686,.F.);
#4062=EDGE_LOOP('',(#4058,#4059,#4060,#4061));
#4063=FACE_BOUND('',#4062,.T.);
#4064=ADVANCED_FACE('',(#4063),#4057,.F.);
#4065=CARTESIAN_POINT('',(-0.,2.175,-43.191875));
#4066=DIRECTION('',(0.,0.,1.));
#4067=DIRECTION('',(1.,0.,0.));
#4068=AXIS2_PLACEMENT_3D('',#4065,#4066,#4067);
#4069=PLANE('',#4068);
#4070=ORIENTED_EDGE('',*,*,#2753,.F.);
#4071=CARTESIAN_POINT('',(2.,1.,-43.191875));
#4072=DIRECTION('',(1.,0.,-0.));
#4073=VECTOR('',#4072,60.5025);
#4074=LINE('',#4071,#4073);
#4075=EDGE_CURVE('',#3000,#2742,#4074,.T.);
#4076=ORIENTED_EDGE('',*,*,#4075,.F.);
#4077=ORIENTED_EDGE('',*,*,#3005,.T.);
#4078=ORIENTED_EDGE('',*,*,#876,.T.);
#4079=EDGE_LOOP('',(#4070,#4076,#4077,#4078));
#4080=FACE_BOUND('',#4079,.T.);
#4081=ADVANCED_FACE('',(#4080),#4069,.T.);
#4082=CARTESIAN_POINT('',(-0.,2.175,-41.2075));
#4083=DIRECTION('',(0.,0.,1.));
#4084=DIRECTION('',(1.,0.,0.));
#4085=AXIS2_PLACEMENT_3D('',#4082,#4083,#4084);
#4086=PLANE('',#4085);
#4087=CARTESIAN_POINT('',(2.,1.,-41.2075));
#4088=DIRECTION('',(1.,0.,-0.));
#4089=VECTOR('',#4088,60.5025);
#4090=LINE('',#4087,#4089);
#4091=EDGE_CURVE('',#3008,#2734,#4090,.T.);
#4092=ORIENTED_EDGE('',*,*,#4091,.T.);
#4093=ORIENTED_EDGE('',*,*,#2739,.T.);
#4094=ORIENTED_EDGE('',*,*,#700,.F.);
#4095=ORIENTED_EDGE('',*,*,#3019,.F.);
#4096=EDGE_LOOP('',(#4092,#4093,#4094,#4095));
#4097=FACE_BOUND('',#4096,.T.);
#4098=ADVANCED_FACE('',(#4097),#4086,.F.);
#4099=CARTESIAN_POINT('',(0.,2.175,0.));
#4100=DIRECTION('',(0.,-1.,0.));
#4101=DIRECTION('',(0.,0.,-1.));
#4102=AXIS2_PLACEMENT_3D('',#4099,#4100,#4101);
#4103=PLANE('',#4102);
#4104=ORIENTED_EDGE('',*,*,#2455,.F.);
#4105=ORIENTED_EDGE('',*,*,#3084,.F.);
#4106=ORIENTED_EDGE('',*,*,#2480,.T.);
#4107=ORIENTED_EDGE('',*,*,#2896,.F.);
#4108=EDGE_LOOP('',(#4104,#4105,#4106,#4107));
#4109=FACE_BOUND('',#4108,.T.);
#4110=ADVANCED_FACE('',(#4109),#4103,.F.);
#4111=CARTESIAN_POINT('',(-0.,2.175,-54.301875));
#4112=DIRECTION('',(0.,0.,1.));
#4113=DIRECTION('',(1.,0.,0.));
#4114=AXIS2_PLACEMENT_3D('',#4111,#4112,#4113);
#4115=PLANE('',#4114);
#4116=ORIENTED_EDGE('',*,*,#2776,.F.);
#4117=CARTESIAN_POINT('',(2.,1.,-54.301875));
#4118=DIRECTION('',(1.,0.,-0.));
#4119=VECTOR('',#4118,60.5025);
#4120=LINE('',#4117,#4119);
#4121=EDGE_CURVE('',#2977,#2765,#4120,.T.);
#4122=ORIENTED_EDGE('',*,*,#4121,.F.);
#4123=ORIENTED_EDGE('',*,*,#2982,.T.);
#4124=ORIENTED_EDGE('',*,*,#556,.T.);
#4125=EDGE_LOOP('',(#4116,#4122,#4123,#4124));
#4126=FACE_BOUND('',#4125,.T.);
#4127=ADVANCED_FACE('',(#4126),#4115,.T.);
#4128=CARTESIAN_POINT('',(-0.,2.175,-52.3175));
#4129=DIRECTION('',(0.,0.,1.));
#4130=DIRECTION('',(1.,0.,0.));
#4131=AXIS2_PLACEMENT_3D('',#4128,#4129,#4130);
#4132=PLANE('',#4131);
#4133=CARTESIAN_POINT('',(2.,1.,-52.3175));
#4134=DIRECTION('',(1.,0.,-0.));
#4135=VECTOR('',#4134,60.5025);
#4136=LINE('',#4133,#4135);
#4137=EDGE_CURVE('',#2985,#2757,#4136,.T.);
#4138=ORIENTED_EDGE('',*,*,#4137,.T.);
#4139=ORIENTED_EDGE('',*,*,#2762,.T.);
#4140=ORIENTED_EDGE('',*,*,#860,.F.);
#4141=ORIENTED_EDGE('',*,*,#2996,.F.);
#4142=EDGE_LOOP('',(#4138,#4139,#4140,#4141));
#4143=FACE_BOUND('',#4142,.T.);
#4144=ADVANCED_FACE('',(#4143),#4132,.F.);
#4145=CARTESIAN_POINT('',(0.,2.175,0.));
#4146=DIRECTION('',(0.,-1.,0.));
#4147=DIRECTION('',(0.,0.,-1.));
#4148=AXIS2_PLACEMENT_3D('',#4145,#4146,#4147);
#4149=PLANE('',#4148);
#4150=ORIENTED_EDGE('',*,*,#2517,.F.);
#4151=ORIENTED_EDGE('',*,*,#3093,.F.);
#4152=ORIENTED_EDGE('',*,*,#2542,.T.);
#4153=ORIENTED_EDGE('',*,*,#2887,.F.);
#4154=EDGE_LOOP('',(#4150,#4151,#4152,#4153));
#4155=FACE_BOUND('',#4154,.T.);
#4156=ADVANCED_FACE('',(#4155),#4149,.F.);
#4157=CARTESIAN_POINT('',(-0.,2.175,-65.411875));
#4158=DIRECTION('',(0.,0.,1.));
#4159=DIRECTION('',(1.,0.,0.));
#4160=AXIS2_PLACEMENT_3D('',#4157,#4158,#4159);
#4161=PLANE('',#4160);
#4162=ORIENTED_EDGE('',*,*,#2799,.F.);
#4163=CARTESIAN_POINT('',(2.,1.,-65.411875));
#4164=DIRECTION('',(1.,0.,-0.));
#4165=VECTOR('',#4164,60.5025);
#4166=LINE('',#4163,#4165);
#4167=EDGE_CURVE('',#3171,#2788,#4166,.T.);
#4168=ORIENTED_EDGE('',*,*,#4167,.F.);
#4169=ORIENTED_EDGE('',*,*,#3176,.T.);
#4170=ORIENTED_EDGE('',*,*,#1302,.T.);
#4171=EDGE_LOOP('',(#4162,#4168,#4169,#4170));
#4172=FACE_BOUND('',#4171,.T.);
#4173=ADVANCED_FACE('',(#4172),#4161,.T.);
#4174=CARTESIAN_POINT('',(-0.,2.175,-63.4275));
#4175=DIRECTION('',(0.,0.,1.));
#4176=DIRECTION('',(1.,0.,0.));
#4177=AXIS2_PLACEMENT_3D('',#4174,#4175,#4176);
#4178=PLANE('',#4177);
#4179=CARTESIAN_POINT('',(2.,1.,-63.4275));
#4180=DIRECTION('',(1.,0.,-0.));
#4181=VECTOR('',#4180,60.5025);
#4182=LINE('',#4179,#4181);
#4183=EDGE_CURVE('',#2968,#2780,#4182,.T.);
#4184=ORIENTED_EDGE('',*,*,#4183,.T.);
#4185=ORIENTED_EDGE('',*,*,#2785,.T.);
#4186=ORIENTED_EDGE('',*,*,#540,.F.);
#4187=ORIENTED_EDGE('',*,*,#2973,.F.);
#4188=EDGE_LOOP('',(#4184,#4185,#4186,#4187));
#4189=FACE_BOUND('',#4188,.T.);
#4190=ADVANCED_FACE('',(#4189),#4178,.F.);
#4191=CARTESIAN_POINT('',(0.,2.175,0.));
#4192=DIRECTION('',(0.,-1.,0.));
#4193=DIRECTION('',(0.,0.,-1.));
#4194=AXIS2_PLACEMENT_3D('',#4191,#4192,#4193);
#4195=PLANE('',#4194);
#4196=ORIENTED_EDGE('',*,*,#2579,.F.);
#4197=ORIENTED_EDGE('',*,*,#3102,.F.);
#4198=ORIENTED_EDGE('',*,*,#2604,.T.);
#4199=ORIENTED_EDGE('',*,*,#2878,.F.);
#4200=EDGE_LOOP('',(#4196,#4197,#4198,#4199));
#4201=FACE_BOUND('',#4200,.T.);
#4202=ADVANCED_FACE('',(#4201),#4195,.F.);
#4203=CARTESIAN_POINT('',(0.,1.,0.));
#4204=DIRECTION('',(0.,1.,0.));
#4205=DIRECTION('',(0.,0.,-1.));
#4206=AXIS2_PLACEMENT_3D('',#4203,#4204,#4205);
#4207=PLANE('',#4206);
#4208=ORIENTED_EDGE('',*,*,#3958,.F.);
#4209=ORIENTED_EDGE('',*,*,#3161,.T.);
#4210=ORIENTED_EDGE('',*,*,#3942,.T.);
#4211=ORIENTED_EDGE('',*,*,#2816,.F.);
#4212=EDGE_LOOP('',(#4208,#4209,#4210,#4211));
#4213=FACE_BOUND('',#4212,.T.);
#4214=ADVANCED_FACE('',(#4213),#4207,.F.);
#4215=CARTESIAN_POINT('',(0.,1.,0.));
#4216=DIRECTION('',(0.,-1.,0.));
#4217=DIRECTION('',(0.,0.,1.));
#4218=AXIS2_PLACEMENT_3D('',#4215,#4216,#4217);
#4219=PLANE('',#4218);
#4220=ORIENTED_EDGE('',*,*,#2839,.T.);
#4221=ORIENTED_EDGE('',*,*,#3987,.F.);
#4222=ORIENTED_EDGE('',*,*,#3138,.T.);
#4223=ORIENTED_EDGE('',*,*,#2933,.T.);
#4224=EDGE_LOOP('',(#4220,#4221,#4222,#4223));
#4225=FACE_BOUND('',#4224,.T.);
#4226=ADVANCED_FACE('',(#4225),#4219,.T.);
#4227=CARTESIAN_POINT('',(0.,1.,0.));
#4228=DIRECTION('',(0.,1.,0.));
#4229=DIRECTION('',(0.,0.,-1.));
#4230=AXIS2_PLACEMENT_3D('',#4227,#4228,#4229);
#4231=PLANE('',#4230);
#4232=ORIENTED_EDGE('',*,*,#4016,.F.);
#4233=ORIENTED_EDGE('',*,*,#3045,.T.);
#4234=ORIENTED_EDGE('',*,*,#2665,.T.);
#4235=ORIENTED_EDGE('',*,*,#2713,.F.);
#4236=EDGE_LOOP('',(#4232,#4233,#4234,#4235));
#4237=FACE_BOUND('',#4236,.T.);
#4238=ADVANCED_FACE('',(#4237),#4231,.F.);
#4239=CARTESIAN_POINT('',(0.,1.,0.));
#4240=DIRECTION('',(0.,1.,0.));
#4241=DIRECTION('',(0.,0.,-1.));
#4242=AXIS2_PLACEMENT_3D('',#4239,#4240,#4241);
#4243=PLANE('',#4242);
#4244=ORIENTED_EDGE('',*,*,#2628,.F.);
#4245=ORIENTED_EDGE('',*,*,#3034,.T.);
#4246=ORIENTED_EDGE('',*,*,#4046,.T.);
#4247=ORIENTED_EDGE('',*,*,#2724,.F.);
#4248=EDGE_LOOP('',(#4244,#4245,#4246,#4247));
#4249=FACE_BOUND('',#4248,.T.);
#4250=ADVANCED_FACE('',(#4249),#4243,.F.);
#4251=CARTESIAN_POINT('',(0.,1.,0.));
#4252=DIRECTION('',(0.,1.,0.));
#4253=DIRECTION('',(0.,0.,-1.));
#4254=AXIS2_PLACEMENT_3D('',#4251,#4252,#4253);
#4255=PLANE('',#4254);
#4256=ORIENTED_EDGE('',*,*,#4091,.F.);
#4257=ORIENTED_EDGE('',*,*,#3013,.T.);
#4258=ORIENTED_EDGE('',*,*,#4075,.T.);
#4259=ORIENTED_EDGE('',*,*,#2747,.F.);
#4260=EDGE_LOOP('',(#4256,#4257,#4258,#4259));
#4261=FACE_BOUND('',#4260,.T.);
#4262=ADVANCED_FACE('',(#4261),#4255,.F.);
#4263=CARTESIAN_POINT('',(0.,1.,0.));
#4264=DIRECTION('',(0.,1.,0.));
#4265=DIRECTION('',(0.,0.,-1.));
#4266=AXIS2_PLACEMENT_3D('',#4263,#4264,#4265);
#4267=PLANE('',#4266);
#4268=ORIENTED_EDGE('',*,*,#4137,.F.);
#4269=ORIENTED_EDGE('',*,*,#2990,.T.);
#4270=ORIENTED_EDGE('',*,*,#4121,.T.);
#4271=ORIENTED_EDGE('',*,*,#2770,.F.);
#4272=EDGE_LOOP('',(#4268,#4269,#4270,#4271));
#4273=FACE_BOUND('',#4272,.T.);
#4274=ADVANCED_FACE('',(#4273),#4267,.F.);
#4275=CARTESIAN_POINT('',(0.,1.,0.));
#4276=DIRECTION('',(0.,1.,0.));
#4277=DIRECTION('',(0.,0.,-1.));
#4278=AXIS2_PLACEMENT_3D('',#4275,#4276,#4277);
#4279=PLANE('',#4278);
#4280=ORIENTED_EDGE('',*,*,#4183,.F.);
#4281=ORIENTED_EDGE('',*,*,#3182,.T.);
#4282=ORIENTED_EDGE('',*,*,#4167,.T.);
#4283=ORIENTED_EDGE('',*,*,#2793,.F.);
#4284=EDGE_LOOP('',(#4280,#4281,#4282,#4283));
#4285=FACE_BOUND('',#4284,.T.);
#4286=ADVANCED_FACE('',(#4285),#4279,.F.);
#4287=CARTESIAN_POINT('',(20.,1.5875,-1.7625));
#4288=DIRECTION('',(0.,0.,-1.));
#4289=DIRECTION('',(0.,1.,0.));
#4290=AXIS2_PLACEMENT_3D('',#4287,#4288,#4289);
#4291=PLANE('',#4290);
#4292=ORIENTED_EDGE('',*,*,#2954,.T.);
#4293=ORIENTED_EDGE('',*,*,#1732,.F.);
#4294=ORIENTED_EDGE('',*,*,#3277,.F.);
#4295=ORIENTED_EDGE('',*,*,#1349,.T.);
#4296=EDGE_LOOP('',(#4292,#4293,#4294,#4295));
#4297=FACE_BOUND('',#4296,.T.);
#4298=ADVANCED_FACE('',(#4297),#4291,.F.);
#4299=CARTESIAN_POINT('',(7.,-5.825,-92.8896875));
#4300=DIRECTION('',(-1.,0.,0.));
#4301=DIRECTION('',(0.,0.,1.));
#4302=AXIS2_PLACEMENT_3D('',#4299,#4300,#4301);
#4303=PLANE('',#4302);
#4304=ORIENTED_EDGE('',*,*,#1060,.T.);
#4305=CARTESIAN_POINT('',(7.,0.,-93.6396875));
#4306=DIRECTION('',(0.,1.,0.));
#4307=VECTOR('',#4306,3.175);
#4308=LINE('',#4305,#4307);
#4309=EDGE_CURVE('',#1055,#1600,#4308,.T.);
#4310=ORIENTED_EDGE('',*,*,#4309,.T.);
#4311=ORIENTED_EDGE('',*,*,#1605,.T.);
#4312=CARTESIAN_POINT('',(7.,0.,-90.6396875));
#4313=DIRECTION('',(0.,1.,0.));
#4314=VECTOR('',#4313,3.175);
#4315=LINE('',#4312,#4314);
#4316=EDGE_CURVE('',#1053,#1590,#4315,.T.);
#4317=ORIENTED_EDGE('',*,*,#4316,.F.);
#4318=EDGE_LOOP('',(#4304,#4310,#4311,#4317));
#4319=FACE_BOUND('',#4318,.T.);
#4320=ADVANCED_FACE('',(#4319),#4303,.F.);
#4321=CARTESIAN_POINT('',(19.5,-5.825,-90.6396875));
#4322=DIRECTION('',(0.,0.,1.));
#4323=DIRECTION('',(1.,0.,0.));
#4324=AXIS2_PLACEMENT_3D('',#4321,#4322,#4323);
#4325=PLANE('',#4324);
#4326=ORIENTED_EDGE('',*,*,#1068,.T.);
#4327=ORIENTED_EDGE('',*,*,#4316,.T.);
#4328=ORIENTED_EDGE('',*,*,#1597,.T.);
#4329=CARTESIAN_POINT('',(32.,0.,-90.6396875));
#4330=DIRECTION('',(0.,1.,0.));
#4331=VECTOR('',#4330,3.175);
#4332=LINE('',#4329,#4331);
#4333=EDGE_CURVE('',#1063,#1592,#4332,.T.);
#4334=ORIENTED_EDGE('',*,*,#4333,.F.);
#4335=EDGE_LOOP('',(#4326,#4327,#4328,#4334));
#4336=FACE_BOUND('',#4335,.T.);
#4337=ADVANCED_FACE('',(#4336),#4325,.F.);
#4338=CARTESIAN_POINT('',(32.,-5.825,-92.8896875));
#4339=DIRECTION('',(1.,0.,0.));
#4340=DIRECTION('',(0.,0.,-1.));
#4341=AXIS2_PLACEMENT_3D('',#4338,#4339,#4340);
#4342=PLANE('',#4341);
#4343=ORIENTED_EDGE('',*,*,#1076,.T.);
#4344=ORIENTED_EDGE('',*,*,#4333,.T.);
#4345=ORIENTED_EDGE('',*,*,#1619,.T.);
#4346=CARTESIAN_POINT('',(32.,0.,-93.6396875));
#4347=DIRECTION('',(0.,1.,0.));
#4348=VECTOR('',#4347,3.175);
#4349=LINE('',#4346,#4348);
#4350=EDGE_CURVE('',#1071,#1608,#4349,.T.);
#4351=ORIENTED_EDGE('',*,*,#4350,.F.);
#4352=EDGE_LOOP('',(#4343,#4344,#4345,#4351));
#4353=FACE_BOUND('',#4352,.T.);
#4354=ADVANCED_FACE('',(#4353),#4342,.F.);
#4355=CARTESIAN_POINT('',(19.5,-5.825,-93.6396875));
#4356=DIRECTION('',(0.,0.,-1.));
#4357=DIRECTION('',(-1.,0.,0.));
#4358=AXIS2_PLACEMENT_3D('',#4355,#4356,#4357);
#4359=PLANE('',#4358);
#4360=ORIENTED_EDGE('',*,*,#1082,.T.);
#4361=ORIENTED_EDGE('',*,*,#4350,.T.);
#4362=ORIENTED_EDGE('',*,*,#1613,.T.);
#4363=ORIENTED_EDGE('',*,*,#4309,.F.);
#4364=EDGE_LOOP('',(#4360,#4361,#4362,#4363));
#4365=FACE_BOUND('',#4364,.T.);
#4366=ADVANCED_FACE('',(#4365),#4359,.F.);
#4367=CLOSED_SHELL('',(#246,#406,#566,#726,#886,#1046,#1152,#1312,#1375,#1415,#1455,#1543,#1583,#1680,#1743,#1849,#1955,#2061,#2167,#2273,#2304,#2335,#2366,#2397,#2428,#2459,
#2490,#2521,#2552,#2583,#2614,#2645,#2676,#2903,#2920,#2944,#2961,#3186,#3208,#3220,#3237,#3249,#3266,#3283,#3301,#3319,#3337,#3355,#3373,#3391,#3409,
#3427,#3445,#3463,#3481,#3499,#3517,#3535,#3553,#3571,#3589,#3607,#3625,#3643,#3661,#3679,#3697,#3715,#3733,#3751,#3769,#3787,#3805,#3823,#3841,#3859,
#3877,#3895,#3913,#3931,#3948,#3965,#3977,#3994,#4006,#4023,#4035,#4052,#4064,#4081,#4098,#4110,#4127,#4144,#4156,#4173,#4190,#4202,#4214,#4226,#4238,
#4250,#4262,#4274,#4286,#4298,#4320,#4337,#4354,#4366));
#4368=MANIFOLD_SOLID_BREP('Imported 01* (5)',#4367);
#4369=COLOUR_RGB('',0.494117647,0.494117647,0.525490224);
#4370=FILL_AREA_STYLE_COLOUR('',#4369);
#4371=FILL_AREA_STYLE('',(#4370));
#4372=SURFACE_STYLE_FILL_AREA(#4371);
#4373=SURFACE_SIDE_STYLE('',(#4372));
#4374=SURFACE_STYLE_USAGE(.BOTH.,#4373);
#4375=PRESENTATION_STYLE_ASSIGNMENT((#4374));
#206=STYLED_ITEM('',(#4375),#4368);
#187=SHAPE_REPRESENTATION('[WOJ-CUENC-006-RevAB] Control Unit Enclosure Interface Card Support 3D Print Mid.SLDPRT',(#15),#185);
#188=ADVANCED_BREP_SHAPE_REPRESENTATION('[WOJ-CUENC-006-RevAB] Control Unit Enclosure Interface Card Support 3D Print Mid.SLDPRT',(#4368),#185);
#4383=SHAPE_REPRESENTATION_RELATIONSHIP('','',#187,#188);
#4384=CARTESIAN_POINT('',(0.,0.,0.));
#4385=DIRECTION('',(0.,0.,1.));
#4386=DIRECTION('',(1.,0.,0.));
#4387=AXIS2_PLACEMENT_3D('',#4384,#4385,#4386);
#4389=MAPPED_ITEM('',#4388,#4387);
#4388=REPRESENTATION_MAP(#4387,#187);
#195=PRODUCT('[WOJ-CUENC-006-RevAB] Control Unit Enclosure Interface Card Support 3D Print Mid.SLDPRT','[WOJ-CUENC-006-RevAB] Control Unit Enclosure Interface Card Support 3D Print Mid.SLDPRT','',(#62));
#4390=PRODUCT_RELATED_PRODUCT_CATEGORY('part','',(#195));
#4391=PRODUCT_DEFINITION_FORMATION_WITH_SPECIFIED_SOURCE('','',#195,.NOT_KNOWN.);
#196=PRODUCT_DEFINITION('design','',#4391,#63);
#194=PRODUCT_DEFINITION_SHAPE('','',#196);
#4392=SHAPE_DEFINITION_REPRESENTATION(#194,#187);
#186=DRAUGHTING_MODEL('',(#4389),#185);
#16=SHAPE_REPRESENTATION('root',(#15,#48,#89,#126,#163,#200),#10);
#4393=CARTESIAN_POINT('',(0.,0.,0.));
#4394=DIRECTION('',(0.,0.,1.));
#4395=DIRECTION('',(1.,0.,0.));
#4396=AXIS2_PLACEMENT_3D('',#4393,#4394,#4395);
#4398=MAPPED_ITEM('',#4397,#4396);
#4397=REPRESENTATION_MAP(#4396,#16);
#24=PRODUCT('root','root','',(#62));
#4399=PRODUCT_RELATED_PRODUCT_CATEGORY('part','',(#24));
#4400=PRODUCT_DEFINITION_FORMATION_WITH_SPECIFIED_SOURCE('','',#24,.NOT_KNOWN.);
#25=PRODUCT_DEFINITION('design','',#4400,#63);
#23=PRODUCT_DEFINITION_SHAPE('','',#25);
#4401=SHAPE_DEFINITION_REPRESENTATION(#23,#16);
#11=DRAUGHTING_MODEL('',(#4398),#10);
#4402=DESCRIPTIVE_REPRESENTATION_ITEM('KEY','C:\\Users\\bilal\\AppData\\Local\\Packages\\Shapr3D.Shapr3D_j403pzjkqtqbj\\TempState\\3b433020-c7cc-4dc9-bb61-1ca6f54b42cd.tmp');
#4403=PROPERTY_DEFINITION('KEY','',#25);
#4404=REPRESENTATION('',(#4402),#10);
#4405=PROPERTY_DEFINITION_REPRESENTATION(#4403,#4404);
#4406=GENERAL_PROPERTY('','KEY','');
#4407=GENERAL_PROPERTY_ASSOCIATION('','',#4406,#4403);
#1=MECHANICAL_DESIGN_GEOMETRIC_PRESENTATION_REPRESENTATION('',(#206),#10);
ENDSEC;
END-ISO-10303-21;
