ISO-10303-21;
HEADER;

/* File generated by Shapr3D Version 5.881.9034.0 */

FILE_DESCRIPTION(('HOOPS Exchange Step'),'2;1');

FILE_NAME('C:\\Users\\bilal\\AppData\\Local\\Packages\\Shapr3D.Shapr3D_j403pzjkqtqbj\\TempState\\export\\temp_export',
'2025-06-23T16:49:05+02:00',
('bilal'),
('Shapr3D Limited'),
'HOOPS Exchange 2024.8',
'Shapr3D',
'Authorized');

FILE_SCHEMA( ('AP242_MANAGED_MODEL_BASED_3D_ENGINEERING_MIM_LF {1 0 10303 442 1 1 4}') );

ENDSEC;

DATA;
#3=(NAMED_UNIT(*)PLANE_ANGLE_UNIT()SI_UNIT($,.RADIAN.));
#4=PLANE_ANGLE_MEASURE_WITH_UNIT(PLANE_ANGLE_MEASURE(0.0174532925),#3);
#5=(CONVERSION_BASED_UNIT('DEGREE',#4)NAMED_UNIT(#6)PLANE_ANGLE_UNIT());
#6=DIMENSIONAL_EXPONENTS(0.,0.,0.,0.,0.,0.,0.);
#7=(NAMED_UNIT(*)SI_UNIT($,.STERADIAN.)SOLID_ANGLE_UNIT());
#8=(LENGTH_UNIT()NAMED_UNIT(*)SI_UNIT(.MILLI.,.METRE.));
#9=UNCERTAINTY_MEASURE_WITH_UNIT(LENGTH_MEASURE(1.000000E-03),#8,'DISTANCE_ACCURACY_VALUE','Maximum Tolerance applied to model');
#10=(GEOMETRIC_REPRESENTATION_CONTEXT(3)GLOBAL_UNCERTAINTY_ASSIGNED_CONTEXT((#9))GLOBAL_UNIT_ASSIGNED_CONTEXT((#8,#5,#7))REPRESENTATION_CONTEXT('','root'));
#12=CARTESIAN_POINT('',(0.,0.,0.));
#13=DIRECTION('',(0.,0.,1.));
#14=DIRECTION('',(1.,0.,0.));
#15=AXIS2_PLACEMENT_3D('',#12,#13,#14);
#26=(NAMED_UNIT(*)PLANE_ANGLE_UNIT()SI_UNIT($,.RADIAN.));
#27=PLANE_ANGLE_MEASURE_WITH_UNIT(PLANE_ANGLE_MEASURE(0.0174532925),#26);
#28=(CONVERSION_BASED_UNIT('DEGREE',#27)NAMED_UNIT(#29)PLANE_ANGLE_UNIT());
#29=DIMENSIONAL_EXPONENTS(0.,0.,0.,0.,0.,0.,0.);
#30=(NAMED_UNIT(*)SI_UNIT($,.STERADIAN.)SOLID_ANGLE_UNIT());
#31=(LENGTH_UNIT()NAMED_UNIT(*)SI_UNIT(.MILLI.,.METRE.));
#32=UNCERTAINTY_MEASURE_WITH_UNIT(LENGTH_MEASURE(1.000000E-05),#31,'DISTANCE_ACCURACY_VALUE','Maximum Tolerance applied to model');
#33=(GEOMETRIC_REPRESENTATION_CONTEXT(3)GLOBAL_UNCERTAINTY_ASSIGNED_CONTEXT((#32))GLOBAL_UNIT_ASSIGNED_CONTEXT((#31,#28,#30))REPRESENTATION_CONTEXT('','ControlBoard_Bottom.step'));
#45=CARTESIAN_POINT('',(0.,0.,0.));
#46=DIRECTION('',(0.,0.,1.));
#47=DIRECTION('',(1.,0.,-0.));
#48=AXIS2_PLACEMENT_3D('',#45,#46,#47);
#49=ITEM_DEFINED_TRANSFORMATION('','',#48,#15);
#50=(REPRESENTATION_RELATIONSHIP('','',#35,#16)REPRESENTATION_RELATIONSHIP_WITH_TRANSFORMATION(#49)SHAPE_REPRESENTATION_RELATIONSHIP());
#51=NEXT_ASSEMBLY_USAGE_OCCURRENCE('ControlBoard_Bottom.step_1','ControlBoard_Bottom.step','ControlBoard_Bottom.step',#25,#44,$);
#52=PRODUCT_DEFINITION_SHAPE('','',#51);
#53=CONTEXT_DEPENDENT_SHAPE_REPRESENTATION(#50,#52);
#55=CARTESIAN_POINT('',(177.9975,0.,42.4972));
#56=DIRECTION('',(-1.,0.,0.));
#57=DIRECTION('',(0.,0.,1.));
#58=AXIS2_PLACEMENT_3D('',#55,#56,#57);
#59=PLANE('',#58);
#60=CARTESIAN_POINT('',(177.9975,0.,27.4972));
#61=VERTEX_POINT('',#60);
#62=CARTESIAN_POINT('',(177.9975,3.,27.4972));
#63=VERTEX_POINT('',#62);
#64=CARTESIAN_POINT('',(177.9975,0.,27.4972));
#65=DIRECTION('',(0.,1.,0.));
#66=VECTOR('',#65,3.);
#67=LINE('',#64,#66);
#68=EDGE_CURVE('',#61,#63,#67,.T.);
#69=ORIENTED_EDGE('',*,*,#68,.F.);
#70=CARTESIAN_POINT('',(177.9975,0.,57.4972));
#71=VERTEX_POINT('',#70);
#72=CARTESIAN_POINT('',(177.9975,0.,27.4972));
#73=DIRECTION('',(0.,0.,1.));
#74=VECTOR('',#73,30.);
#75=LINE('',#72,#74);
#76=EDGE_CURVE('',#61,#71,#75,.T.);
#77=ORIENTED_EDGE('',*,*,#76,.T.);
#78=CARTESIAN_POINT('',(177.9975,3.,57.4972));
#79=VERTEX_POINT('',#78);
#80=CARTESIAN_POINT('',(177.9975,0.,57.4972));
#81=DIRECTION('',(0.,1.,0.));
#82=VECTOR('',#81,3.);
#83=LINE('',#80,#82);
#84=EDGE_CURVE('',#71,#79,#83,.T.);
#85=ORIENTED_EDGE('',*,*,#84,.T.);
#86=CARTESIAN_POINT('',(177.9975,3.,27.4972));
#87=DIRECTION('',(0.,0.,1.));
#88=VECTOR('',#87,30.);
#89=LINE('',#86,#88);
#90=EDGE_CURVE('',#63,#79,#89,.T.);
#91=ORIENTED_EDGE('',*,*,#90,.F.);
#92=EDGE_LOOP('',(#69,#77,#85,#91));
#93=FACE_BOUND('',#92,.T.);
#94=ADVANCED_FACE('',(#93),#59,.T.);
#95=CARTESIAN_POINT('',(177.9975,0.,57.4972));
#96=DIRECTION('',(0.,1.,0.));
#97=DIRECTION('',(0.,-0.,1.));
#98=AXIS2_PLACEMENT_3D('',#95,#96,#97);
#99=CYLINDRICAL_SURFACE('',#98,3.175);
#100=CARTESIAN_POINT('',(177.9975,3.,60.6722));
#101=VERTEX_POINT('',#100);
#102=CARTESIAN_POINT('',(181.1725,3.,57.4972));
#103=VERTEX_POINT('',#102);
#104=CARTESIAN_POINT('',(177.9975,3.,57.4972));
#105=DIRECTION('',(0.,1.,0.));
#106=DIRECTION('',(0.,-0.,1.));
#107=AXIS2_PLACEMENT_3D('',#104,#105,#106);
#108=CIRCLE('',#107,3.175);
#109=EDGE_CURVE('',#101,#103,#108,.T.);
#110=ORIENTED_EDGE('',*,*,#109,.F.);
#111=CARTESIAN_POINT('',(177.9975,0.,60.6722));
#112=VERTEX_POINT('',#111);
#113=CARTESIAN_POINT('',(177.9975,0.,60.6722));
#114=DIRECTION('',(0.,1.,0.));
#115=VECTOR('',#114,3.);
#116=LINE('',#113,#115);
#117=EDGE_CURVE('',#112,#101,#116,.T.);
#118=ORIENTED_EDGE('',*,*,#117,.F.);
#119=CARTESIAN_POINT('',(181.1725,0.,57.4972));
#120=VERTEX_POINT('',#119);
#121=CARTESIAN_POINT('',(177.9975,0.,57.4972));
#122=DIRECTION('',(0.,1.,0.));
#123=DIRECTION('',(0.,-0.,1.));
#124=AXIS2_PLACEMENT_3D('',#121,#122,#123);
#125=CIRCLE('',#124,3.175);
#126=EDGE_CURVE('',#112,#120,#125,.T.);
#127=ORIENTED_EDGE('',*,*,#126,.T.);
#128=CARTESIAN_POINT('',(181.1725,0.,57.4972));
#129=DIRECTION('',(0.,1.,0.));
#130=VECTOR('',#129,3.);
#131=LINE('',#128,#130);
#132=EDGE_CURVE('',#120,#103,#131,.T.);
#133=ORIENTED_EDGE('',*,*,#132,.T.);
#134=EDGE_LOOP('',(#110,#118,#127,#133));
#135=FACE_BOUND('',#134,.T.);
#136=ADVANCED_FACE('',(#135),#99,.T.);
#137=CARTESIAN_POINT('',(181.1725,0.,42.4972));
#138=DIRECTION('',(-1.,0.,0.));
#139=DIRECTION('',(0.,0.,1.));
#140=AXIS2_PLACEMENT_3D('',#137,#138,#139);
#141=PLANE('',#140);
#142=CARTESIAN_POINT('',(181.1725,3.,27.4972));
#143=VERTEX_POINT('',#142);
#144=CARTESIAN_POINT('',(181.1725,3.,27.4972));
#145=DIRECTION('',(0.,0.,1.));
#146=VECTOR('',#145,30.);
#147=LINE('',#144,#146);
#148=EDGE_CURVE('',#143,#103,#147,.T.);
#149=ORIENTED_EDGE('',*,*,#148,.T.);
#150=ORIENTED_EDGE('',*,*,#132,.F.);
#151=CARTESIAN_POINT('',(181.1725,0.,27.4972));
#152=VERTEX_POINT('',#151);
#153=CARTESIAN_POINT('',(181.1725,0.,27.4972));
#154=DIRECTION('',(0.,0.,1.));
#155=VECTOR('',#154,30.);
#156=LINE('',#153,#155);
#157=EDGE_CURVE('',#152,#120,#156,.T.);
#158=ORIENTED_EDGE('',*,*,#157,.F.);
#159=CARTESIAN_POINT('',(181.1725,0.,27.4972));
#160=DIRECTION('',(0.,1.,0.));
#161=VECTOR('',#160,3.);
#162=LINE('',#159,#161);
#163=EDGE_CURVE('',#152,#143,#162,.T.);
#164=ORIENTED_EDGE('',*,*,#163,.T.);
#165=EDGE_LOOP('',(#149,#150,#158,#164));
#166=FACE_BOUND('',#165,.T.);
#167=ADVANCED_FACE('',(#166),#141,.F.);
#168=CARTESIAN_POINT('',(177.9975,0.,27.4972));
#169=DIRECTION('',(0.,1.,0.));
#170=DIRECTION('',(0.,-0.,1.));
#171=AXIS2_PLACEMENT_3D('',#168,#169,#170);
#172=CYLINDRICAL_SURFACE('',#171,3.175);
#173=CARTESIAN_POINT('',(177.9975,3.,24.3222));
#174=VERTEX_POINT('',#173);
#175=CARTESIAN_POINT('',(177.9975,3.,27.4972));
#176=DIRECTION('',(0.,1.,0.));
#177=DIRECTION('',(0.,-0.,1.));
#178=AXIS2_PLACEMENT_3D('',#175,#176,#177);
#179=CIRCLE('',#178,3.175);
#180=EDGE_CURVE('',#143,#174,#179,.T.);
#181=ORIENTED_EDGE('',*,*,#180,.F.);
#182=ORIENTED_EDGE('',*,*,#163,.F.);
#183=CARTESIAN_POINT('',(177.9975,0.,24.3222));
#184=VERTEX_POINT('',#183);
#185=CARTESIAN_POINT('',(177.9975,0.,27.4972));
#186=DIRECTION('',(0.,1.,0.));
#187=DIRECTION('',(0.,-0.,1.));
#188=AXIS2_PLACEMENT_3D('',#185,#186,#187);
#189=CIRCLE('',#188,3.175);
#190=EDGE_CURVE('',#152,#184,#189,.T.);
#191=ORIENTED_EDGE('',*,*,#190,.T.);
#192=CARTESIAN_POINT('',(177.9975,0.,24.3222));
#193=DIRECTION('',(0.,1.,0.));
#194=VECTOR('',#193,3.);
#195=LINE('',#192,#194);
#196=EDGE_CURVE('',#184,#174,#195,.T.);
#197=ORIENTED_EDGE('',*,*,#196,.T.);
#198=EDGE_LOOP('',(#181,#182,#191,#197));
#199=FACE_BOUND('',#198,.T.);
#200=ADVANCED_FACE('',(#199),#172,.T.);
#201=CARTESIAN_POINT('',(0.,0.,0.));
#202=DIRECTION('',(0.,1.,0.));
#203=DIRECTION('',(0.,0.,1.));
#204=AXIS2_PLACEMENT_3D('',#201,#202,#203);
#205=PLANE('',#204);
#206=ORIENTED_EDGE('',*,*,#76,.F.);
#207=CARTESIAN_POINT('',(174.9975,0.,27.4972));
#208=VERTEX_POINT('',#207);
#209=CARTESIAN_POINT('',(174.9975,0.,27.4972));
#210=DIRECTION('',(1.,0.,-0.));
#211=VECTOR('',#210,3.);
#212=LINE('',#209,#211);
#213=EDGE_CURVE('',#208,#61,#212,.T.);
#214=ORIENTED_EDGE('',*,*,#213,.F.);
#215=CARTESIAN_POINT('',(174.9975,0.,57.4972));
#216=VERTEX_POINT('',#215);
#217=CARTESIAN_POINT('',(174.9975,0.,57.4972));
#218=DIRECTION('',(0.,0.,-1.));
#219=VECTOR('',#218,30.);
#220=LINE('',#217,#219);
#221=EDGE_CURVE('',#216,#208,#220,.T.);
#222=ORIENTED_EDGE('',*,*,#221,.F.);
#223=CARTESIAN_POINT('',(177.9975,0.,57.4972));
#224=DIRECTION('',(-1.,0.,0.));
#225=VECTOR('',#224,3.);
#226=LINE('',#223,#225);
#227=EDGE_CURVE('',#71,#216,#226,.T.);
#228=ORIENTED_EDGE('',*,*,#227,.F.);
#229=EDGE_LOOP('',(#206,#214,#222,#228));
#230=FACE_BOUND('',#229,.T.);
#231=CARTESIAN_POINT('',(177.9975,0.,-7.33655));
#232=VERTEX_POINT('',#231);
#233=CARTESIAN_POINT('',(177.9975,0.,-7.33655));
#234=DIRECTION('',(0.,0.,1.));
#235=VECTOR('',#234,31.65875);
#236=LINE('',#233,#235);
#237=EDGE_CURVE('',#232,#184,#236,.T.);
#238=ORIENTED_EDGE('',*,*,#237,.T.);
#239=ORIENTED_EDGE('',*,*,#190,.F.);
#240=ORIENTED_EDGE('',*,*,#157,.T.);
#241=ORIENTED_EDGE('',*,*,#126,.F.);
#242=CARTESIAN_POINT('',(177.9975,0.,121.7125));
#243=VERTEX_POINT('',#242);
#244=CARTESIAN_POINT('',(177.9975,0.,60.6722));
#245=DIRECTION('',(0.,0.,1.));
#246=VECTOR('',#245,61.0403);
#247=LINE('',#244,#246);
#248=EDGE_CURVE('',#112,#243,#247,.T.);
#249=ORIENTED_EDGE('',*,*,#248,.T.);
#250=CARTESIAN_POINT('',(174.9975,0.,124.7125));
#251=VERTEX_POINT('',#250);
#252=CARTESIAN_POINT('',(174.9975,0.,121.7125));
#253=DIRECTION('',(-0.,-1.,-0.));
#254=DIRECTION('',(0.,-0.,1.));
#255=AXIS2_PLACEMENT_3D('',#252,#253,#254);
#256=CIRCLE('',#255,3.);
#257=EDGE_CURVE('',#243,#251,#256,.T.);
#258=ORIENTED_EDGE('',*,*,#257,.T.);
#259=CARTESIAN_POINT('',(141.935,0.,124.7125));
#260=VERTEX_POINT('',#259);
#261=CARTESIAN_POINT('',(174.9975,0.,124.7125));
#262=DIRECTION('',(-1.,-0.,0.));
#263=VECTOR('',#262,33.0625);
#264=LINE('',#261,#263);
#265=EDGE_CURVE('',#251,#260,#264,.T.);
#266=ORIENTED_EDGE('',*,*,#265,.T.);
#267=CARTESIAN_POINT('',(129.935,0.,124.7125));
#268=VERTEX_POINT('',#267);
#269=CARTESIAN_POINT('',(135.935,0.,124.7125));
#270=DIRECTION('',(0.,1.,0.));
#271=DIRECTION('',(0.,-0.,1.));
#272=AXIS2_PLACEMENT_3D('',#269,#270,#271);
#273=CIRCLE('',#272,6.);
#274=EDGE_CURVE('',#260,#268,#273,.T.);
#275=ORIENTED_EDGE('',*,*,#274,.T.);
#276=CARTESIAN_POINT('',(42.785,0.,124.7125));
#277=VERTEX_POINT('',#276);
#278=CARTESIAN_POINT('',(42.785,0.,124.7125));
#279=DIRECTION('',(1.,0.,-0.));
#280=VECTOR('',#279,87.15);
#281=LINE('',#278,#280);
#282=EDGE_CURVE('',#277,#268,#281,.T.);
#283=ORIENTED_EDGE('',*,*,#282,.F.);
#284=CARTESIAN_POINT('',(30.785,0.,124.7125));
#285=VERTEX_POINT('',#284);
#286=CARTESIAN_POINT('',(36.785,0.,124.7125));
#287=DIRECTION('',(0.,1.,0.));
#288=DIRECTION('',(0.,-0.,1.));
#289=AXIS2_PLACEMENT_3D('',#286,#287,#288);
#290=CIRCLE('',#289,6.);
#291=EDGE_CURVE('',#277,#285,#290,.T.);
#292=ORIENTED_EDGE('',*,*,#291,.T.);
#293=CARTESIAN_POINT('',(-2.2775,0.,124.7125));
#294=VERTEX_POINT('',#293);
#295=CARTESIAN_POINT('',(-2.2775,0.,124.7125));
#296=DIRECTION('',(1.,0.,-0.));
#297=VECTOR('',#296,33.0625);
#298=LINE('',#295,#297);
#299=EDGE_CURVE('',#294,#285,#298,.T.);
#300=ORIENTED_EDGE('',*,*,#299,.F.);
#301=CARTESIAN_POINT('',(-5.2775,0.,121.7125));
#302=VERTEX_POINT('',#301);
#303=CARTESIAN_POINT('',(-2.2775,0.,121.7125));
#304=DIRECTION('',(-0.,-1.,-0.));
#305=DIRECTION('',(0.,-0.,1.));
#306=AXIS2_PLACEMENT_3D('',#303,#304,#305);
#307=CIRCLE('',#306,3.);
#308=EDGE_CURVE('',#294,#302,#307,.T.);
#309=ORIENTED_EDGE('',*,*,#308,.T.);
#310=CARTESIAN_POINT('',(-5.2775,0.,60.6722));
#311=VERTEX_POINT('',#310);
#312=CARTESIAN_POINT('',(-5.2775,0.,121.7125));
#313=DIRECTION('',(-0.,-0.,-1.));
#314=VECTOR('',#313,61.0403);
#315=LINE('',#312,#314);
#316=EDGE_CURVE('',#302,#311,#315,.T.);
#317=ORIENTED_EDGE('',*,*,#316,.T.);
#318=CARTESIAN_POINT('',(-8.4525,0.,57.4972));
#319=VERTEX_POINT('',#318);
#320=CARTESIAN_POINT('',(-5.2775,0.,57.4972));
#321=DIRECTION('',(0.,1.,0.));
#322=DIRECTION('',(0.,-0.,1.));
#323=AXIS2_PLACEMENT_3D('',#320,#321,#322);
#324=CIRCLE('',#323,3.175);
#325=EDGE_CURVE('',#319,#311,#324,.T.);
#326=ORIENTED_EDGE('',*,*,#325,.F.);
#327=CARTESIAN_POINT('',(-8.4525,0.,27.4972));
#328=VERTEX_POINT('',#327);
#329=CARTESIAN_POINT('',(-8.4525,0.,27.4972));
#330=DIRECTION('',(0.,0.,1.));
#331=VECTOR('',#330,30.);
#332=LINE('',#329,#331);
#333=EDGE_CURVE('',#328,#319,#332,.T.);
#334=ORIENTED_EDGE('',*,*,#333,.F.);
#335=CARTESIAN_POINT('',(-5.2775,0.,24.3222));
#336=VERTEX_POINT('',#335);
#337=CARTESIAN_POINT('',(-5.2775,0.,27.4972));
#338=DIRECTION('',(0.,1.,0.));
#339=DIRECTION('',(0.,-0.,1.));
#340=AXIS2_PLACEMENT_3D('',#337,#338,#339);
#341=CIRCLE('',#340,3.175);
#342=EDGE_CURVE('',#336,#328,#341,.T.);
#343=ORIENTED_EDGE('',*,*,#342,.F.);
#344=CARTESIAN_POINT('',(-5.2775,0.,-7.33655));
#345=VERTEX_POINT('',#344);
#346=CARTESIAN_POINT('',(-5.2775,0.,24.3222));
#347=DIRECTION('',(-0.,-0.,-1.));
#348=VECTOR('',#347,31.65875);
#349=LINE('',#346,#348);
#350=EDGE_CURVE('',#336,#345,#349,.T.);
#351=ORIENTED_EDGE('',*,*,#350,.T.);
#352=CARTESIAN_POINT('',(-5.2775,0.,-7.33655));
#353=DIRECTION('',(1.,0.,-0.));
#354=VECTOR('',#353,183.275);
#355=LINE('',#352,#354);
#356=EDGE_CURVE('',#345,#232,#355,.T.);
#357=ORIENTED_EDGE('',*,*,#356,.T.);
#358=EDGE_LOOP('',(#238,#239,#240,#241,#249,#258,#266,#275,#283,#292,#300,#309,#317,#326,#334,#343,#351,#357));
#359=FACE_BOUND('',#358,.T.);
#360=CARTESIAN_POINT('',(105.0975,0.,75.9972));
#361=VERTEX_POINT('',#360);
#362=CARTESIAN_POINT('',(101.9225,0.,75.9972));
#363=VERTEX_POINT('',#362);
#364=CARTESIAN_POINT('',(105.0975,0.,75.9972));
#365=DIRECTION('',(-1.,-0.,0.));
#366=VECTOR('',#365,3.175);
#367=LINE('',#364,#366);
#368=EDGE_CURVE('',#361,#363,#367,.T.);
#369=ORIENTED_EDGE('',*,*,#368,.T.);
#370=CARTESIAN_POINT('',(101.9225,0.,90.9972));
#371=VERTEX_POINT('',#370);
#372=CARTESIAN_POINT('',(101.9225,0.,75.9972));
#373=DIRECTION('',(0.,0.,1.));
#374=VECTOR('',#373,15.);
#375=LINE('',#372,#374);
#376=EDGE_CURVE('',#363,#371,#375,.T.);
#377=ORIENTED_EDGE('',*,*,#376,.T.);
#378=CARTESIAN_POINT('',(105.0975,0.,90.9972));
#379=VERTEX_POINT('',#378);
#380=CARTESIAN_POINT('',(101.9225,0.,90.9972));
#381=DIRECTION('',(1.,0.,-0.));
#382=VECTOR('',#381,3.175);
#383=LINE('',#380,#382);
#384=EDGE_CURVE('',#371,#379,#383,.T.);
#385=ORIENTED_EDGE('',*,*,#384,.T.);
#386=CARTESIAN_POINT('',(105.0975,0.,90.9972));
#387=DIRECTION('',(-0.,-0.,-1.));
#388=VECTOR('',#387,15.);
#389=LINE('',#386,#388);
#390=EDGE_CURVE('',#379,#361,#389,.T.);
#391=ORIENTED_EDGE('',*,*,#390,.T.);
#392=EDGE_LOOP('',(#369,#377,#385,#391));
#393=FACE_BOUND('',#392,.T.);
#394=CARTESIAN_POINT('',(36.4975,0.,75.9972));
#395=VERTEX_POINT('',#394);
#396=CARTESIAN_POINT('',(33.3225,0.,75.9972));
#397=VERTEX_POINT('',#396);
#398=CARTESIAN_POINT('',(36.4975,0.,75.9972));
#399=DIRECTION('',(-1.,-0.,0.));
#400=VECTOR('',#399,3.175);
#401=LINE('',#398,#400);
#402=EDGE_CURVE('',#395,#397,#401,.T.);
#403=ORIENTED_EDGE('',*,*,#402,.T.);
#404=CARTESIAN_POINT('',(33.3225,0.,90.9972));
#405=VERTEX_POINT('',#404);
#406=CARTESIAN_POINT('',(33.3225,0.,75.9972));
#407=DIRECTION('',(0.,0.,1.));
#408=VECTOR('',#407,15.);
#409=LINE('',#406,#408);
#410=EDGE_CURVE('',#397,#405,#409,.T.);
#411=ORIENTED_EDGE('',*,*,#410,.T.);
#412=CARTESIAN_POINT('',(36.4975,0.,90.9972));
#413=VERTEX_POINT('',#412);
#414=CARTESIAN_POINT('',(33.3225,0.,90.9972));
#415=DIRECTION('',(1.,0.,-0.));
#416=VECTOR('',#415,3.175);
#417=LINE('',#414,#416);
#418=EDGE_CURVE('',#405,#413,#417,.T.);
#419=ORIENTED_EDGE('',*,*,#418,.T.);
#420=CARTESIAN_POINT('',(36.4975,0.,90.9972));
#421=DIRECTION('',(-0.,-0.,-1.));
#422=VECTOR('',#421,15.);
#423=LINE('',#420,#422);
#424=EDGE_CURVE('',#413,#395,#423,.T.);
#425=ORIENTED_EDGE('',*,*,#424,.T.);
#426=EDGE_LOOP('',(#403,#411,#419,#425));
#427=FACE_BOUND('',#426,.T.);
#428=CARTESIAN_POINT('',(70.7975,0.,90.9972));
#429=VERTEX_POINT('',#428);
#430=CARTESIAN_POINT('',(67.6225,0.,90.9972));
#431=VERTEX_POINT('',#430);
#432=CARTESIAN_POINT('',(70.7975,0.,90.9972));
#433=DIRECTION('',(-1.,0.,0.));
#434=VECTOR('',#433,3.175);
#435=LINE('',#432,#434);
#436=EDGE_CURVE('',#429,#431,#435,.T.);
#437=ORIENTED_EDGE('',*,*,#436,.F.);
#438=CARTESIAN_POINT('',(70.7975,0.,75.9972));
#439=VERTEX_POINT('',#438);
#440=CARTESIAN_POINT('',(70.7975,0.,75.9972));
#441=DIRECTION('',(0.,0.,1.));
#442=VECTOR('',#441,15.);
#443=LINE('',#440,#442);
#444=EDGE_CURVE('',#439,#429,#443,.T.);
#445=ORIENTED_EDGE('',*,*,#444,.F.);
#446=CARTESIAN_POINT('',(67.6225,0.,75.9972));
#447=VERTEX_POINT('',#446);
#448=CARTESIAN_POINT('',(67.6225,0.,75.9972));
#449=DIRECTION('',(1.,0.,-0.));
#450=VECTOR('',#449,3.175);
#451=LINE('',#448,#450);
#452=EDGE_CURVE('',#447,#439,#451,.T.);
#453=ORIENTED_EDGE('',*,*,#452,.F.);
#454=CARTESIAN_POINT('',(67.6225,0.,90.9972));
#455=DIRECTION('',(0.,0.,-1.));
#456=VECTOR('',#455,15.);
#457=LINE('',#454,#456);
#458=EDGE_CURVE('',#431,#447,#457,.T.);
#459=ORIENTED_EDGE('',*,*,#458,.F.);
#460=EDGE_LOOP('',(#437,#445,#453,#459));
#461=FACE_BOUND('',#460,.T.);
#462=CARTESIAN_POINT('',(105.0975,0.,27.4972));
#463=VERTEX_POINT('',#462);
#464=CARTESIAN_POINT('',(101.9225,0.,27.4972));
#465=VERTEX_POINT('',#464);
#466=CARTESIAN_POINT('',(105.0975,0.,27.4972));
#467=DIRECTION('',(-1.,-0.,0.));
#468=VECTOR('',#467,3.175);
#469=LINE('',#466,#468);
#470=EDGE_CURVE('',#463,#465,#469,.T.);
#471=ORIENTED_EDGE('',*,*,#470,.T.);
#472=CARTESIAN_POINT('',(101.9225,0.,57.4972));
#473=VERTEX_POINT('',#472);
#474=CARTESIAN_POINT('',(101.9225,0.,27.4972));
#475=DIRECTION('',(0.,0.,1.));
#476=VECTOR('',#475,30.);
#477=LINE('',#474,#476);
#478=EDGE_CURVE('',#465,#473,#477,.T.);
#479=ORIENTED_EDGE('',*,*,#478,.T.);
#480=CARTESIAN_POINT('',(105.0975,0.,57.4972));
#481=VERTEX_POINT('',#480);
#482=CARTESIAN_POINT('',(101.9225,0.,57.4972));
#483=DIRECTION('',(1.,0.,-0.));
#484=VECTOR('',#483,3.175);
#485=LINE('',#482,#484);
#486=EDGE_CURVE('',#473,#481,#485,.T.);
#487=ORIENTED_EDGE('',*,*,#486,.T.);
#488=CARTESIAN_POINT('',(105.0975,0.,57.4972));
#489=DIRECTION('',(-0.,-0.,-1.));
#490=VECTOR('',#489,30.);
#491=LINE('',#488,#490);
#492=EDGE_CURVE('',#481,#463,#491,.T.);
#493=ORIENTED_EDGE('',*,*,#492,.T.);
#494=EDGE_LOOP('',(#471,#479,#487,#493));
#495=FACE_BOUND('',#494,.T.);
#496=CARTESIAN_POINT('',(36.4975,0.,57.4972));
#497=VERTEX_POINT('',#496);
#498=CARTESIAN_POINT('',(33.3225,0.,57.4972));
#499=VERTEX_POINT('',#498);
#500=CARTESIAN_POINT('',(36.4975,0.,57.4972));
#501=DIRECTION('',(-1.,0.,0.));
#502=VECTOR('',#501,3.175);
#503=LINE('',#500,#502);
#504=EDGE_CURVE('',#497,#499,#503,.T.);
#505=ORIENTED_EDGE('',*,*,#504,.F.);
#506=CARTESIAN_POINT('',(36.4975,0.,27.4972));
#507=VERTEX_POINT('',#506);
#508=CARTESIAN_POINT('',(36.4975,0.,27.4972));
#509=DIRECTION('',(0.,0.,1.));
#510=VECTOR('',#509,30.);
#511=LINE('',#508,#510);
#512=EDGE_CURVE('',#507,#497,#511,.T.);
#513=ORIENTED_EDGE('',*,*,#512,.F.);
#514=CARTESIAN_POINT('',(33.3225,0.,27.4972));
#515=VERTEX_POINT('',#514);
#516=CARTESIAN_POINT('',(33.3225,0.,27.4972));
#517=DIRECTION('',(1.,0.,-0.));
#518=VECTOR('',#517,3.175);
#519=LINE('',#516,#518);
#520=EDGE_CURVE('',#515,#507,#519,.T.);
#521=ORIENTED_EDGE('',*,*,#520,.F.);
#522=CARTESIAN_POINT('',(33.3225,0.,57.4972));
#523=DIRECTION('',(0.,0.,-1.));
#524=VECTOR('',#523,30.);
#525=LINE('',#522,#524);
#526=EDGE_CURVE('',#499,#515,#525,.T.);
#527=ORIENTED_EDGE('',*,*,#526,.F.);
#528=EDGE_LOOP('',(#505,#513,#521,#527));
#529=FACE_BOUND('',#528,.T.);
#530=CARTESIAN_POINT('',(70.7975,0.,27.4972));
#531=VERTEX_POINT('',#530);
#532=CARTESIAN_POINT('',(67.6225,0.,27.4972));
#533=VERTEX_POINT('',#532);
#534=CARTESIAN_POINT('',(70.7975,0.,27.4972));
#535=DIRECTION('',(-1.,-0.,0.));
#536=VECTOR('',#535,3.175);
#537=LINE('',#534,#536);
#538=EDGE_CURVE('',#531,#533,#537,.T.);
#539=ORIENTED_EDGE('',*,*,#538,.T.);
#540=CARTESIAN_POINT('',(67.6225,0.,57.4972));
#541=VERTEX_POINT('',#540);
#542=CARTESIAN_POINT('',(67.6225,0.,27.4972));
#543=DIRECTION('',(0.,0.,1.));
#544=VECTOR('',#543,30.);
#545=LINE('',#542,#544);
#546=EDGE_CURVE('',#533,#541,#545,.T.);
#547=ORIENTED_EDGE('',*,*,#546,.T.);
#548=CARTESIAN_POINT('',(70.7975,0.,57.4972));
#549=VERTEX_POINT('',#548);
#550=CARTESIAN_POINT('',(67.6225,0.,57.4972));
#551=DIRECTION('',(1.,0.,-0.));
#552=VECTOR('',#551,3.175);
#553=LINE('',#550,#552);
#554=EDGE_CURVE('',#541,#549,#553,.T.);
#555=ORIENTED_EDGE('',*,*,#554,.T.);
#556=CARTESIAN_POINT('',(70.7975,0.,57.4972));
#557=DIRECTION('',(-0.,-0.,-1.));
#558=VECTOR('',#557,30.);
#559=LINE('',#556,#558);
#560=EDGE_CURVE('',#549,#531,#559,.T.);
#561=ORIENTED_EDGE('',*,*,#560,.T.);
#562=EDGE_LOOP('',(#539,#547,#555,#561));
#563=FACE_BOUND('',#562,.T.);
#564=CARTESIAN_POINT('',(4.648,0.,35.004));
#565=VERTEX_POINT('',#564);
#566=CARTESIAN_POINT('',(3.048,0.,36.604));
#567=VERTEX_POINT('',#566);
#568=CARTESIAN_POINT('',(3.048,0.,35.004));
#569=DIRECTION('',(-0.,-1.,-0.));
#570=DIRECTION('',(0.,-0.,1.));
#571=AXIS2_PLACEMENT_3D('',#568,#569,#570);
#572=CIRCLE('',#571,1.6);
#573=EDGE_CURVE('',#565,#567,#572,.T.);
#574=ORIENTED_EDGE('',*,*,#573,.F.);
#575=CARTESIAN_POINT('',(3.048,0.,35.004));
#576=DIRECTION('',(-0.,-1.,-0.));
#577=DIRECTION('',(0.,-0.,1.));
#578=AXIS2_PLACEMENT_3D('',#575,#576,#577);
#579=CIRCLE('',#578,1.6);
#580=EDGE_CURVE('',#567,#565,#579,.T.);
#581=ORIENTED_EDGE('',*,*,#580,.F.);
#582=EDGE_LOOP('',(#574,#581));
#583=FACE_BOUND('',#582,.T.);
#584=CARTESIAN_POINT('',(4.648,0.,107.902));
#585=VERTEX_POINT('',#584);
#586=CARTESIAN_POINT('',(3.048,0.,109.502));
#587=VERTEX_POINT('',#586);
#588=CARTESIAN_POINT('',(3.048,0.,107.902));
#589=DIRECTION('',(-0.,-1.,-0.));
#590=DIRECTION('',(0.,-0.,1.));
#591=AXIS2_PLACEMENT_3D('',#588,#589,#590);
#592=CIRCLE('',#591,1.6);
#593=EDGE_CURVE('',#585,#587,#592,.T.);
#594=ORIENTED_EDGE('',*,*,#593,.F.);
#595=CARTESIAN_POINT('',(3.048,0.,107.902));
#596=DIRECTION('',(-0.,-1.,-0.));
#597=DIRECTION('',(0.,-0.,1.));
#598=AXIS2_PLACEMENT_3D('',#595,#596,#597);
#599=CIRCLE('',#598,1.6);
#600=EDGE_CURVE('',#587,#585,#599,.T.);
#601=ORIENTED_EDGE('',*,*,#600,.F.);
#602=EDGE_LOOP('',(#594,#601));
#603=FACE_BOUND('',#602,.T.);
#604=CARTESIAN_POINT('',(171.272,0.,35.004));
#605=VERTEX_POINT('',#604);
#606=CARTESIAN_POINT('',(169.672,0.,36.604));
#607=VERTEX_POINT('',#606);
#608=CARTESIAN_POINT('',(169.672,0.,35.004));
#609=DIRECTION('',(-0.,-1.,-0.));
#610=DIRECTION('',(0.,-0.,1.));
#611=AXIS2_PLACEMENT_3D('',#608,#609,#610);
#612=CIRCLE('',#611,1.6);
#613=EDGE_CURVE('',#605,#607,#612,.T.);
#614=ORIENTED_EDGE('',*,*,#613,.F.);
#615=CARTESIAN_POINT('',(169.672,0.,35.004));
#616=DIRECTION('',(-0.,-1.,-0.));
#617=DIRECTION('',(0.,-0.,1.));
#618=AXIS2_PLACEMENT_3D('',#615,#616,#617);
#619=CIRCLE('',#618,1.6);
#620=EDGE_CURVE('',#607,#605,#619,.T.);
#621=ORIENTED_EDGE('',*,*,#620,.F.);
#622=EDGE_LOOP('',(#614,#621));
#623=FACE_BOUND('',#622,.T.);
#624=CARTESIAN_POINT('',(171.272,0.,107.902));
#625=VERTEX_POINT('',#624);
#626=CARTESIAN_POINT('',(169.672,0.,109.502));
#627=VERTEX_POINT('',#626);
#628=CARTESIAN_POINT('',(169.672,0.,107.902));
#629=DIRECTION('',(-0.,-1.,-0.));
#630=DIRECTION('',(0.,-0.,1.));
#631=AXIS2_PLACEMENT_3D('',#628,#629,#630);
#632=CIRCLE('',#631,1.6);
#633=EDGE_CURVE('',#625,#627,#632,.T.);
#634=ORIENTED_EDGE('',*,*,#633,.F.);
#635=CARTESIAN_POINT('',(169.672,0.,107.902));
#636=DIRECTION('',(-0.,-1.,-0.));
#637=DIRECTION('',(0.,-0.,1.));
#638=AXIS2_PLACEMENT_3D('',#635,#636,#637);
#639=CIRCLE('',#638,1.6);
#640=EDGE_CURVE('',#627,#625,#639,.T.);
#641=ORIENTED_EDGE('',*,*,#640,.F.);
#642=EDGE_LOOP('',(#634,#641));
#643=FACE_BOUND('',#642,.T.);
#644=CARTESIAN_POINT('',(139.3975,0.,27.4972));
#645=VERTEX_POINT('',#644);
#646=CARTESIAN_POINT('',(136.2225,0.,27.4972));
#647=VERTEX_POINT('',#646);
#648=CARTESIAN_POINT('',(139.3975,0.,27.4972));
#649=DIRECTION('',(-1.,-0.,0.));
#650=VECTOR('',#649,3.175);
#651=LINE('',#648,#650);
#652=EDGE_CURVE('',#645,#647,#651,.T.);
#653=ORIENTED_EDGE('',*,*,#652,.T.);
#654=CARTESIAN_POINT('',(136.2225,0.,57.4972));
#655=VERTEX_POINT('',#654);
#656=CARTESIAN_POINT('',(136.2225,0.,27.4972));
#657=DIRECTION('',(0.,0.,1.));
#658=VECTOR('',#657,30.);
#659=LINE('',#656,#658);
#660=EDGE_CURVE('',#647,#655,#659,.T.);
#661=ORIENTED_EDGE('',*,*,#660,.T.);
#662=CARTESIAN_POINT('',(139.3975,0.,57.4972));
#663=VERTEX_POINT('',#662);
#664=CARTESIAN_POINT('',(136.2225,0.,57.4972));
#665=DIRECTION('',(1.,0.,-0.));
#666=VECTOR('',#665,3.175);
#667=LINE('',#664,#666);
#668=EDGE_CURVE('',#655,#663,#667,.T.);
#669=ORIENTED_EDGE('',*,*,#668,.T.);
#670=CARTESIAN_POINT('',(139.3975,0.,57.4972));
#671=DIRECTION('',(-0.,-0.,-1.));
#672=VECTOR('',#671,30.);
#673=LINE('',#670,#672);
#674=EDGE_CURVE('',#663,#645,#673,.T.);
#675=ORIENTED_EDGE('',*,*,#674,.T.);
#676=EDGE_LOOP('',(#653,#661,#669,#675));
#677=FACE_BOUND('',#676,.T.);
#678=CARTESIAN_POINT('',(139.3975,0.,90.9972));
#679=VERTEX_POINT('',#678);
#680=CARTESIAN_POINT('',(136.2225,0.,90.9972));
#681=VERTEX_POINT('',#680);
#682=CARTESIAN_POINT('',(139.3975,0.,90.9972));
#683=DIRECTION('',(-1.,-0.,0.));
#684=VECTOR('',#683,3.175);
#685=LINE('',#682,#684);
#686=EDGE_CURVE('',#679,#681,#685,.T.);
#687=ORIENTED_EDGE('',*,*,#686,.F.);
#688=CARTESIAN_POINT('',(139.3975,0.,75.9972));
#689=VERTEX_POINT('',#688);
#690=CARTESIAN_POINT('',(139.3975,0.,75.9972));
#691=DIRECTION('',(0.,0.,1.));
#692=VECTOR('',#691,15.);
#693=LINE('',#690,#692);
#694=EDGE_CURVE('',#689,#679,#693,.T.);
#695=ORIENTED_EDGE('',*,*,#694,.F.);
#696=CARTESIAN_POINT('',(136.2225,0.,75.9972));
#697=VERTEX_POINT('',#696);
#698=CARTESIAN_POINT('',(136.2225,0.,75.9972));
#699=DIRECTION('',(1.,0.,-0.));
#700=VECTOR('',#699,3.175);
#701=LINE('',#698,#700);
#702=EDGE_CURVE('',#697,#689,#701,.T.);
#703=ORIENTED_EDGE('',*,*,#702,.F.);
#704=CARTESIAN_POINT('',(136.2225,0.,90.9972));
#705=DIRECTION('',(0.,0.,-1.));
#706=VECTOR('',#705,15.);
#707=LINE('',#704,#706);
#708=EDGE_CURVE('',#681,#697,#707,.T.);
#709=ORIENTED_EDGE('',*,*,#708,.F.);
#710=EDGE_LOOP('',(#687,#695,#703,#709));
#711=FACE_BOUND('',#710,.T.);
#712=CARTESIAN_POINT('',(-5.2775,0.,57.4972));
#713=VERTEX_POINT('',#712);
#714=CARTESIAN_POINT('',(-5.2775,0.,27.4972));
#715=VERTEX_POINT('',#714);
#716=CARTESIAN_POINT('',(-5.2775,0.,57.4972));
#717=DIRECTION('',(0.,0.,-1.));
#718=VECTOR('',#717,30.);
#719=LINE('',#716,#718);
#720=EDGE_CURVE('',#713,#715,#719,.T.);
#721=ORIENTED_EDGE('',*,*,#720,.F.);
#722=CARTESIAN_POINT('',(-2.2775,0.,57.4972));
#723=VERTEX_POINT('',#722);
#724=CARTESIAN_POINT('',(-5.2775,0.,57.4972));
#725=DIRECTION('',(1.,0.,-0.));
#726=VECTOR('',#725,3.);
#727=LINE('',#724,#726);
#728=EDGE_CURVE('',#713,#723,#727,.T.);
#729=ORIENTED_EDGE('',*,*,#728,.T.);
#730=CARTESIAN_POINT('',(-2.2775,0.,27.4972));
#731=VERTEX_POINT('',#730);
#732=CARTESIAN_POINT('',(-2.2775,0.,57.4972));
#733=DIRECTION('',(-0.,-0.,-1.));
#734=VECTOR('',#733,30.);
#735=LINE('',#732,#734);
#736=EDGE_CURVE('',#723,#731,#735,.T.);
#737=ORIENTED_EDGE('',*,*,#736,.T.);
#738=CARTESIAN_POINT('',(-2.2775,0.,27.4972));
#739=DIRECTION('',(-1.,-0.,0.));
#740=VECTOR('',#739,3.);
#741=LINE('',#738,#740);
#742=EDGE_CURVE('',#731,#715,#741,.T.);
#743=ORIENTED_EDGE('',*,*,#742,.T.);
#744=EDGE_LOOP('',(#721,#729,#737,#743));
#745=FACE_BOUND('',#744,.T.);
#746=CARTESIAN_POINT('',(173.9975,0.,7.66355));
#747=VERTEX_POINT('',#746);
#748=CARTESIAN_POINT('',(-1.2775,0.,7.66355));
#749=VERTEX_POINT('',#748);
#750=CARTESIAN_POINT('',(173.9975,0.,7.66355));
#751=DIRECTION('',(-1.,-0.,0.));
#752=VECTOR('',#751,175.275);
#753=LINE('',#750,#752);
#754=EDGE_CURVE('',#747,#749,#753,.T.);
#755=ORIENTED_EDGE('',*,*,#754,.F.);
#756=CARTESIAN_POINT('',(173.9975,0.,-2.33645));
#757=VERTEX_POINT('',#756);
#758=CARTESIAN_POINT('',(173.9975,0.,-2.33645));
#759=DIRECTION('',(0.,0.,1.));
#760=VECTOR('',#759,10.);
#761=LINE('',#758,#760);
#762=EDGE_CURVE('',#757,#747,#761,.T.);
#763=ORIENTED_EDGE('',*,*,#762,.F.);
#764=CARTESIAN_POINT('',(-1.2775,0.,-2.33645));
#765=VERTEX_POINT('',#764);
#766=CARTESIAN_POINT('',(-1.2775,0.,-2.33645));
#767=DIRECTION('',(1.,0.,-0.));
#768=VECTOR('',#767,175.275);
#769=LINE('',#766,#768);
#770=EDGE_CURVE('',#765,#757,#769,.T.);
#771=ORIENTED_EDGE('',*,*,#770,.F.);
#772=CARTESIAN_POINT('',(-1.2775,0.,7.66355));
#773=DIRECTION('',(0.,0.,-1.));
#774=VECTOR('',#773,10.);
#775=LINE('',#772,#774);
#776=EDGE_CURVE('',#749,#765,#775,.T.);
#777=ORIENTED_EDGE('',*,*,#776,.F.);
#778=EDGE_LOOP('',(#755,#763,#771,#777));
#779=FACE_BOUND('',#778,.T.);
#780=ADVANCED_FACE('',(#230,#359,#393,#427,#461,#495,#529,#563,#583,#603,#623,#643,#677,#711,#745,#779),#205,.F.);
#781=CARTESIAN_POINT('',(0.,3.,0.));
#782=DIRECTION('',(0.,1.,0.));
#783=DIRECTION('',(0.,0.,1.));
#784=AXIS2_PLACEMENT_3D('',#781,#782,#783);
#785=PLANE('',#784);
#786=CARTESIAN_POINT('',(174.9975,3.,27.4972));
#787=VERTEX_POINT('',#786);
#788=CARTESIAN_POINT('',(174.9975,3.,27.4972));
#789=DIRECTION('',(1.,0.,-0.));
#790=VECTOR('',#789,3.);
#791=LINE('',#788,#790);
#792=EDGE_CURVE('',#787,#63,#791,.T.);
#793=ORIENTED_EDGE('',*,*,#792,.T.);
#794=ORIENTED_EDGE('',*,*,#90,.T.);
#795=CARTESIAN_POINT('',(174.9975,3.,57.4972));
#796=VERTEX_POINT('',#795);
#797=CARTESIAN_POINT('',(177.9975,3.,57.4972));
#798=DIRECTION('',(-1.,-0.,0.));
#799=VECTOR('',#798,3.);
#800=LINE('',#797,#799);
#801=EDGE_CURVE('',#79,#796,#800,.T.);
#802=ORIENTED_EDGE('',*,*,#801,.T.);
#803=CARTESIAN_POINT('',(174.9975,3.,57.4972));
#804=DIRECTION('',(-0.,-0.,-1.));
#805=VECTOR('',#804,30.);
#806=LINE('',#803,#805);
#807=EDGE_CURVE('',#796,#787,#806,.T.);
#808=ORIENTED_EDGE('',*,*,#807,.T.);
#809=EDGE_LOOP('',(#793,#794,#802,#808));
#810=FACE_BOUND('',#809,.T.);
#811=ORIENTED_EDGE('',*,*,#180,.T.);
#812=CARTESIAN_POINT('',(177.9975,3.,-11.33655));
#813=VERTEX_POINT('',#812);
#814=CARTESIAN_POINT('',(177.9975,3.,-11.33655));
#815=DIRECTION('',(0.,0.,1.));
#816=VECTOR('',#815,35.65875);
#817=LINE('',#814,#816);
#818=EDGE_CURVE('',#813,#174,#817,.T.);
#819=ORIENTED_EDGE('',*,*,#818,.F.);
#820=CARTESIAN_POINT('',(-5.2775,3.,-11.33655));
#821=VERTEX_POINT('',#820);
#822=CARTESIAN_POINT('',(-5.2775,3.,-11.33655));
#823=DIRECTION('',(1.,0.,-0.));
#824=VECTOR('',#823,183.275);
#825=LINE('',#822,#824);
#826=EDGE_CURVE('',#821,#813,#825,.T.);
#827=ORIENTED_EDGE('',*,*,#826,.F.);
#828=CARTESIAN_POINT('',(-5.2775,3.,24.3222));
#829=VERTEX_POINT('',#828);
#830=CARTESIAN_POINT('',(-5.2775,3.,24.3222));
#831=DIRECTION('',(0.,0.,-1.));
#832=VECTOR('',#831,35.65875);
#833=LINE('',#830,#832);
#834=EDGE_CURVE('',#829,#821,#833,.T.);
#835=ORIENTED_EDGE('',*,*,#834,.F.);
#836=CARTESIAN_POINT('',(-8.4525,3.,27.4972));
#837=VERTEX_POINT('',#836);
#838=CARTESIAN_POINT('',(-5.2775,3.,27.4972));
#839=DIRECTION('',(0.,1.,0.));
#840=DIRECTION('',(0.,-0.,1.));
#841=AXIS2_PLACEMENT_3D('',#838,#839,#840);
#842=CIRCLE('',#841,3.175);
#843=EDGE_CURVE('',#829,#837,#842,.T.);
#844=ORIENTED_EDGE('',*,*,#843,.T.);
#845=CARTESIAN_POINT('',(-8.4525,3.,57.4972));
#846=VERTEX_POINT('',#845);
#847=CARTESIAN_POINT('',(-8.4525,3.,27.4972));
#848=DIRECTION('',(0.,0.,1.));
#849=VECTOR('',#848,30.);
#850=LINE('',#847,#849);
#851=EDGE_CURVE('',#837,#846,#850,.T.);
#852=ORIENTED_EDGE('',*,*,#851,.T.);
#853=CARTESIAN_POINT('',(-5.2775,3.,60.6722));
#854=VERTEX_POINT('',#853);
#855=CARTESIAN_POINT('',(-5.2775,3.,57.4972));
#856=DIRECTION('',(0.,1.,0.));
#857=DIRECTION('',(0.,-0.,1.));
#858=AXIS2_PLACEMENT_3D('',#855,#856,#857);
#859=CIRCLE('',#858,3.175);
#860=EDGE_CURVE('',#846,#854,#859,.T.);
#861=ORIENTED_EDGE('',*,*,#860,.T.);
#862=CARTESIAN_POINT('',(-5.2775,3.,121.7125));
#863=VERTEX_POINT('',#862);
#864=CARTESIAN_POINT('',(-5.2775,3.,121.7125));
#865=DIRECTION('',(0.,0.,-1.));
#866=VECTOR('',#865,61.0403);
#867=LINE('',#864,#866);
#868=EDGE_CURVE('',#863,#854,#867,.T.);
#869=ORIENTED_EDGE('',*,*,#868,.F.);
#870=CARTESIAN_POINT('',(-2.2775,3.,124.7125));
#871=VERTEX_POINT('',#870);
#872=CARTESIAN_POINT('',(-2.2775,3.,121.7125));
#873=DIRECTION('',(0.,1.,0.));
#874=DIRECTION('',(0.,-0.,1.));
#875=AXIS2_PLACEMENT_3D('',#872,#873,#874);
#876=CIRCLE('',#875,3.);
#877=EDGE_CURVE('',#863,#871,#876,.T.);
#878=ORIENTED_EDGE('',*,*,#877,.T.);
#879=CARTESIAN_POINT('',(30.785,3.,124.7125));
#880=VERTEX_POINT('',#879);
#881=CARTESIAN_POINT('',(-2.2775,3.,124.7125));
#882=DIRECTION('',(1.,0.,-0.));
#883=VECTOR('',#882,33.0625);
#884=LINE('',#881,#883);
#885=EDGE_CURVE('',#871,#880,#884,.T.);
#886=ORIENTED_EDGE('',*,*,#885,.T.);
#887=CARTESIAN_POINT('',(36.785,3.,130.7125));
#888=VERTEX_POINT('',#887);
#889=CARTESIAN_POINT('',(36.785,3.,124.7125));
#890=DIRECTION('',(0.,1.,0.));
#891=DIRECTION('',(0.,-0.,1.));
#892=AXIS2_PLACEMENT_3D('',#889,#890,#891);
#893=CIRCLE('',#892,6.);
#894=EDGE_CURVE('',#880,#888,#893,.T.);
#895=ORIENTED_EDGE('',*,*,#894,.T.);
#896=CARTESIAN_POINT('',(42.785,3.,124.7125));
#897=VERTEX_POINT('',#896);
#898=CARTESIAN_POINT('',(36.785,3.,124.7125));
#899=DIRECTION('',(0.,1.,0.));
#900=DIRECTION('',(0.,-0.,1.));
#901=AXIS2_PLACEMENT_3D('',#898,#899,#900);
#902=CIRCLE('',#901,6.);
#903=EDGE_CURVE('',#888,#897,#902,.T.);
#904=ORIENTED_EDGE('',*,*,#903,.T.);
#905=CARTESIAN_POINT('',(129.935,3.,124.7125));
#906=VERTEX_POINT('',#905);
#907=CARTESIAN_POINT('',(42.785,3.,124.7125));
#908=DIRECTION('',(1.,0.,-0.));
#909=VECTOR('',#908,87.15);
#910=LINE('',#907,#909);
#911=EDGE_CURVE('',#897,#906,#910,.T.);
#912=ORIENTED_EDGE('',*,*,#911,.T.);
#913=CARTESIAN_POINT('',(135.935,3.,130.7125));
#914=VERTEX_POINT('',#913);
#915=CARTESIAN_POINT('',(135.935,3.,124.7125));
#916=DIRECTION('',(0.,1.,0.));
#917=DIRECTION('',(0.,-0.,1.));
#918=AXIS2_PLACEMENT_3D('',#915,#916,#917);
#919=CIRCLE('',#918,6.);
#920=EDGE_CURVE('',#906,#914,#919,.T.);
#921=ORIENTED_EDGE('',*,*,#920,.T.);
#922=CARTESIAN_POINT('',(141.935,3.,124.7125));
#923=VERTEX_POINT('',#922);
#924=CARTESIAN_POINT('',(135.935,3.,124.7125));
#925=DIRECTION('',(0.,1.,0.));
#926=DIRECTION('',(0.,-0.,1.));
#927=AXIS2_PLACEMENT_3D('',#924,#925,#926);
#928=CIRCLE('',#927,6.);
#929=EDGE_CURVE('',#914,#923,#928,.T.);
#930=ORIENTED_EDGE('',*,*,#929,.T.);
#931=CARTESIAN_POINT('',(174.9975,3.,124.7125));
#932=VERTEX_POINT('',#931);
#933=CARTESIAN_POINT('',(174.9975,3.,124.7125));
#934=DIRECTION('',(-1.,-0.,0.));
#935=VECTOR('',#934,33.0625);
#936=LINE('',#933,#935);
#937=EDGE_CURVE('',#932,#923,#936,.T.);
#938=ORIENTED_EDGE('',*,*,#937,.F.);
#939=CARTESIAN_POINT('',(177.9975,3.,121.7125));
#940=VERTEX_POINT('',#939);
#941=CARTESIAN_POINT('',(174.9975,3.,121.7125));
#942=DIRECTION('',(0.,1.,0.));
#943=DIRECTION('',(0.,-0.,1.));
#944=AXIS2_PLACEMENT_3D('',#941,#942,#943);
#945=CIRCLE('',#944,3.);
#946=EDGE_CURVE('',#932,#940,#945,.T.);
#947=ORIENTED_EDGE('',*,*,#946,.T.);
#948=CARTESIAN_POINT('',(177.9975,3.,60.6722));
#949=DIRECTION('',(0.,0.,1.));
#950=VECTOR('',#949,61.0403);
#951=LINE('',#948,#950);
#952=EDGE_CURVE('',#101,#940,#951,.T.);
#953=ORIENTED_EDGE('',*,*,#952,.F.);
#954=ORIENTED_EDGE('',*,*,#109,.T.);
#955=ORIENTED_EDGE('',*,*,#148,.F.);
#956=EDGE_LOOP('',(#811,#819,#827,#835,#844,#852,#861,#869,#878,#886,#895,#904,#912,#921,#930,#938,#947,#953,#954,#955));
#957=FACE_BOUND('',#956,.T.);
#958=CARTESIAN_POINT('',(101.9225,3.,75.9972));
#959=VERTEX_POINT('',#958);
#960=CARTESIAN_POINT('',(101.9225,3.,90.9972));
#961=VERTEX_POINT('',#960);
#962=CARTESIAN_POINT('',(101.9225,3.,75.9972));
#963=DIRECTION('',(0.,0.,1.));
#964=VECTOR('',#963,15.);
#965=LINE('',#962,#964);
#966=EDGE_CURVE('',#959,#961,#965,.T.);
#967=ORIENTED_EDGE('',*,*,#966,.F.);
#968=CARTESIAN_POINT('',(105.0975,3.,75.9972));
#969=VERTEX_POINT('',#968);
#970=CARTESIAN_POINT('',(105.0975,3.,75.9972));
#971=DIRECTION('',(-1.,0.,0.));
#972=VECTOR('',#971,3.175);
#973=LINE('',#970,#972);
#974=EDGE_CURVE('',#969,#959,#973,.T.);
#975=ORIENTED_EDGE('',*,*,#974,.F.);
#976=CARTESIAN_POINT('',(105.0975,3.,90.9972));
#977=VERTEX_POINT('',#976);
#978=CARTESIAN_POINT('',(105.0975,3.,90.9972));
#979=DIRECTION('',(0.,0.,-1.));
#980=VECTOR('',#979,15.);
#981=LINE('',#978,#980);
#982=EDGE_CURVE('',#977,#969,#981,.T.);
#983=ORIENTED_EDGE('',*,*,#982,.F.);
#984=CARTESIAN_POINT('',(101.9225,3.,90.9972));
#985=DIRECTION('',(1.,0.,-0.));
#986=VECTOR('',#985,3.175);
#987=LINE('',#984,#986);
#988=EDGE_CURVE('',#961,#977,#987,.T.);
#989=ORIENTED_EDGE('',*,*,#988,.F.);
#990=EDGE_LOOP('',(#967,#975,#983,#989));
#991=FACE_BOUND('',#990,.T.);
#992=CARTESIAN_POINT('',(33.3225,3.,75.9972));
#993=VERTEX_POINT('',#992);
#994=CARTESIAN_POINT('',(33.3225,3.,90.9972));
#995=VERTEX_POINT('',#994);
#996=CARTESIAN_POINT('',(33.3225,3.,75.9972));
#997=DIRECTION('',(0.,0.,1.));
#998=VECTOR('',#997,15.);
#999=LINE('',#996,#998);
#1000=EDGE_CURVE('',#993,#995,#999,.T.);
#1001=ORIENTED_EDGE('',*,*,#1000,.F.);
#1002=CARTESIAN_POINT('',(36.4975,3.,75.9972));
#1003=VERTEX_POINT('',#1002);
#1004=CARTESIAN_POINT('',(36.4975,3.,75.9972));
#1005=DIRECTION('',(-1.,-0.,0.));
#1006=VECTOR('',#1005,3.175);
#1007=LINE('',#1004,#1006);
#1008=EDGE_CURVE('',#1003,#993,#1007,.T.);
#1009=ORIENTED_EDGE('',*,*,#1008,.F.);
#1010=CARTESIAN_POINT('',(36.4975,3.,90.9972));
#1011=VERTEX_POINT('',#1010);
#1012=CARTESIAN_POINT('',(36.4975,3.,90.9972));
#1013=DIRECTION('',(0.,0.,-1.));
#1014=VECTOR('',#1013,15.);
#1015=LINE('',#1012,#1014);
#1016=EDGE_CURVE('',#1011,#1003,#1015,.T.);
#1017=ORIENTED_EDGE('',*,*,#1016,.F.);
#1018=CARTESIAN_POINT('',(33.3225,3.,90.9972));
#1019=DIRECTION('',(1.,0.,-0.));
#1020=VECTOR('',#1019,3.175);
#1021=LINE('',#1018,#1020);
#1022=EDGE_CURVE('',#995,#1011,#1021,.T.);
#1023=ORIENTED_EDGE('',*,*,#1022,.F.);
#1024=EDGE_LOOP('',(#1001,#1009,#1017,#1023));
#1025=FACE_BOUND('',#1024,.T.);
#1026=CARTESIAN_POINT('',(105.0975,3.,27.4972));
#1027=VERTEX_POINT('',#1026);
#1028=CARTESIAN_POINT('',(101.9225,3.,27.4972));
#1029=VERTEX_POINT('',#1028);
#1030=CARTESIAN_POINT('',(105.0975,3.,27.4972));
#1031=DIRECTION('',(-1.,-0.,0.));
#1032=VECTOR('',#1031,3.175);
#1033=LINE('',#1030,#1032);
#1034=EDGE_CURVE('',#1027,#1029,#1033,.T.);
#1035=ORIENTED_EDGE('',*,*,#1034,.F.);
#1036=CARTESIAN_POINT('',(105.0975,3.,57.4972));
#1037=VERTEX_POINT('',#1036);
#1038=CARTESIAN_POINT('',(105.0975,3.,57.4972));
#1039=DIRECTION('',(0.,0.,-1.));
#1040=VECTOR('',#1039,30.);
#1041=LINE('',#1038,#1040);
#1042=EDGE_CURVE('',#1037,#1027,#1041,.T.);
#1043=ORIENTED_EDGE('',*,*,#1042,.F.);
#1044=CARTESIAN_POINT('',(101.9225,3.,57.4972));
#1045=VERTEX_POINT('',#1044);
#1046=CARTESIAN_POINT('',(101.9225,3.,57.4972));
#1047=DIRECTION('',(1.,0.,-0.));
#1048=VECTOR('',#1047,3.175);
#1049=LINE('',#1046,#1048);
#1050=EDGE_CURVE('',#1045,#1037,#1049,.T.);
#1051=ORIENTED_EDGE('',*,*,#1050,.F.);
#1052=CARTESIAN_POINT('',(101.9225,3.,27.4972));
#1053=DIRECTION('',(0.,0.,1.));
#1054=VECTOR('',#1053,30.);
#1055=LINE('',#1052,#1054);
#1056=EDGE_CURVE('',#1029,#1045,#1055,.T.);
#1057=ORIENTED_EDGE('',*,*,#1056,.F.);
#1058=EDGE_LOOP('',(#1035,#1043,#1051,#1057));
#1059=FACE_BOUND('',#1058,.T.);
#1060=CARTESIAN_POINT('',(136.2225,3.,27.4972));
#1061=VERTEX_POINT('',#1060);
#1062=CARTESIAN_POINT('',(136.2225,3.,57.4972));
#1063=VERTEX_POINT('',#1062);
#1064=CARTESIAN_POINT('',(136.2225,3.,27.4972));
#1065=DIRECTION('',(0.,0.,1.));
#1066=VECTOR('',#1065,30.);
#1067=LINE('',#1064,#1066);
#1068=EDGE_CURVE('',#1061,#1063,#1067,.T.);
#1069=ORIENTED_EDGE('',*,*,#1068,.F.);
#1070=CARTESIAN_POINT('',(139.3975,3.,27.4972));
#1071=VERTEX_POINT('',#1070);
#1072=CARTESIAN_POINT('',(139.3975,3.,27.4972));
#1073=DIRECTION('',(-1.,0.,0.));
#1074=VECTOR('',#1073,3.175);
#1075=LINE('',#1072,#1074);
#1076=EDGE_CURVE('',#1071,#1061,#1075,.T.);
#1077=ORIENTED_EDGE('',*,*,#1076,.F.);
#1078=CARTESIAN_POINT('',(139.3975,3.,57.4972));
#1079=VERTEX_POINT('',#1078);
#1080=CARTESIAN_POINT('',(139.3975,3.,57.4972));
#1081=DIRECTION('',(0.,0.,-1.));
#1082=VECTOR('',#1081,30.);
#1083=LINE('',#1080,#1082);
#1084=EDGE_CURVE('',#1079,#1071,#1083,.T.);
#1085=ORIENTED_EDGE('',*,*,#1084,.F.);
#1086=CARTESIAN_POINT('',(136.2225,3.,57.4972));
#1087=DIRECTION('',(1.,0.,-0.));
#1088=VECTOR('',#1087,3.175);
#1089=LINE('',#1086,#1088);
#1090=EDGE_CURVE('',#1063,#1079,#1089,.T.);
#1091=ORIENTED_EDGE('',*,*,#1090,.F.);
#1092=EDGE_LOOP('',(#1069,#1077,#1085,#1091));
#1093=FACE_BOUND('',#1092,.T.);
#1094=CARTESIAN_POINT('',(67.6225,3.,27.4972));
#1095=VERTEX_POINT('',#1094);
#1096=CARTESIAN_POINT('',(67.6225,3.,57.4972));
#1097=VERTEX_POINT('',#1096);
#1098=CARTESIAN_POINT('',(67.6225,3.,27.4972));
#1099=DIRECTION('',(0.,0.,1.));
#1100=VECTOR('',#1099,30.);
#1101=LINE('',#1098,#1100);
#1102=EDGE_CURVE('',#1095,#1097,#1101,.T.);
#1103=ORIENTED_EDGE('',*,*,#1102,.F.);
#1104=CARTESIAN_POINT('',(70.7975,3.,27.4972));
#1105=VERTEX_POINT('',#1104);
#1106=CARTESIAN_POINT('',(70.7975,3.,27.4972));
#1107=DIRECTION('',(-1.,-0.,0.));
#1108=VECTOR('',#1107,3.175);
#1109=LINE('',#1106,#1108);
#1110=EDGE_CURVE('',#1105,#1095,#1109,.T.);
#1111=ORIENTED_EDGE('',*,*,#1110,.F.);
#1112=CARTESIAN_POINT('',(70.7975,3.,57.4972));
#1113=VERTEX_POINT('',#1112);
#1114=CARTESIAN_POINT('',(70.7975,3.,57.4972));
#1115=DIRECTION('',(0.,0.,-1.));
#1116=VECTOR('',#1115,30.);
#1117=LINE('',#1114,#1116);
#1118=EDGE_CURVE('',#1113,#1105,#1117,.T.);
#1119=ORIENTED_EDGE('',*,*,#1118,.F.);
#1120=CARTESIAN_POINT('',(67.6225,3.,57.4972));
#1121=DIRECTION('',(1.,0.,-0.));
#1122=VECTOR('',#1121,3.175);
#1123=LINE('',#1120,#1122);
#1124=EDGE_CURVE('',#1097,#1113,#1123,.T.);
#1125=ORIENTED_EDGE('',*,*,#1124,.F.);
#1126=EDGE_LOOP('',(#1103,#1111,#1119,#1125));
#1127=FACE_BOUND('',#1126,.T.);
#1128=CARTESIAN_POINT('',(3.048,3.,36.604));
#1129=VERTEX_POINT('',#1128);
#1130=CARTESIAN_POINT('',(4.648,3.,35.004));
#1131=VERTEX_POINT('',#1130);
#1132=CARTESIAN_POINT('',(3.048,3.,35.004));
#1133=DIRECTION('',(-0.,-1.,-0.));
#1134=DIRECTION('',(0.,-0.,1.));
#1135=AXIS2_PLACEMENT_3D('',#1132,#1133,#1134);
#1136=CIRCLE('',#1135,1.6);
#1137=EDGE_CURVE('',#1129,#1131,#1136,.T.);
#1138=ORIENTED_EDGE('',*,*,#1137,.T.);
#1139=CARTESIAN_POINT('',(3.048,3.,35.004));
#1140=DIRECTION('',(-0.,-1.,-0.));
#1141=DIRECTION('',(0.,-0.,1.));
#1142=AXIS2_PLACEMENT_3D('',#1139,#1140,#1141);
#1143=CIRCLE('',#1142,1.6);
#1144=EDGE_CURVE('',#1131,#1129,#1143,.T.);
#1145=ORIENTED_EDGE('',*,*,#1144,.T.);
#1146=EDGE_LOOP('',(#1138,#1145));
#1147=FACE_BOUND('',#1146,.T.);
#1148=CARTESIAN_POINT('',(3.048,3.,109.502));
#1149=VERTEX_POINT('',#1148);
#1150=CARTESIAN_POINT('',(4.648,3.,107.902));
#1151=VERTEX_POINT('',#1150);
#1152=CARTESIAN_POINT('',(3.048,3.,107.902));
#1153=DIRECTION('',(-0.,-1.,-0.));
#1154=DIRECTION('',(0.,-0.,1.));
#1155=AXIS2_PLACEMENT_3D('',#1152,#1153,#1154);
#1156=CIRCLE('',#1155,1.6);
#1157=EDGE_CURVE('',#1149,#1151,#1156,.T.);
#1158=ORIENTED_EDGE('',*,*,#1157,.T.);
#1159=CARTESIAN_POINT('',(3.048,3.,107.902));
#1160=DIRECTION('',(-0.,-1.,-0.));
#1161=DIRECTION('',(0.,-0.,1.));
#1162=AXIS2_PLACEMENT_3D('',#1159,#1160,#1161);
#1163=CIRCLE('',#1162,1.6);
#1164=EDGE_CURVE('',#1151,#1149,#1163,.T.);
#1165=ORIENTED_EDGE('',*,*,#1164,.T.);
#1166=EDGE_LOOP('',(#1158,#1165));
#1167=FACE_BOUND('',#1166,.T.);
#1168=CARTESIAN_POINT('',(169.672,3.,36.604));
#1169=VERTEX_POINT('',#1168);
#1170=CARTESIAN_POINT('',(171.272,3.,35.004));
#1171=VERTEX_POINT('',#1170);
#1172=CARTESIAN_POINT('',(169.672,3.,35.004));
#1173=DIRECTION('',(-0.,-1.,-0.));
#1174=DIRECTION('',(0.,-0.,1.));
#1175=AXIS2_PLACEMENT_3D('',#1172,#1173,#1174);
#1176=CIRCLE('',#1175,1.6);
#1177=EDGE_CURVE('',#1169,#1171,#1176,.T.);
#1178=ORIENTED_EDGE('',*,*,#1177,.T.);
#1179=CARTESIAN_POINT('',(169.672,3.,35.004));
#1180=DIRECTION('',(-0.,-1.,-0.));
#1181=DIRECTION('',(0.,-0.,1.));
#1182=AXIS2_PLACEMENT_3D('',#1179,#1180,#1181);
#1183=CIRCLE('',#1182,1.6);
#1184=EDGE_CURVE('',#1171,#1169,#1183,.T.);
#1185=ORIENTED_EDGE('',*,*,#1184,.T.);
#1186=EDGE_LOOP('',(#1178,#1185));
#1187=FACE_BOUND('',#1186,.T.);
#1188=CARTESIAN_POINT('',(169.672,3.,109.502));
#1189=VERTEX_POINT('',#1188);
#1190=CARTESIAN_POINT('',(171.272,3.,107.902));
#1191=VERTEX_POINT('',#1190);
#1192=CARTESIAN_POINT('',(169.672,3.,107.902));
#1193=DIRECTION('',(-0.,-1.,-0.));
#1194=DIRECTION('',(0.,-0.,1.));
#1195=AXIS2_PLACEMENT_3D('',#1192,#1193,#1194);
#1196=CIRCLE('',#1195,1.6);
#1197=EDGE_CURVE('',#1189,#1191,#1196,.T.);
#1198=ORIENTED_EDGE('',*,*,#1197,.T.);
#1199=CARTESIAN_POINT('',(169.672,3.,107.902));
#1200=DIRECTION('',(-0.,-1.,-0.));
#1201=DIRECTION('',(0.,-0.,1.));
#1202=AXIS2_PLACEMENT_3D('',#1199,#1200,#1201);
#1203=CIRCLE('',#1202,1.6);
#1204=EDGE_CURVE('',#1191,#1189,#1203,.T.);
#1205=ORIENTED_EDGE('',*,*,#1204,.T.);
#1206=EDGE_LOOP('',(#1198,#1205));
#1207=FACE_BOUND('',#1206,.T.);
#1208=CARTESIAN_POINT('',(36.4975,3.,27.4972));
#1209=VERTEX_POINT('',#1208);
#1210=CARTESIAN_POINT('',(36.4975,3.,57.4972));
#1211=VERTEX_POINT('',#1210);
#1212=CARTESIAN_POINT('',(36.4975,3.,27.4972));
#1213=DIRECTION('',(0.,0.,1.));
#1214=VECTOR('',#1213,30.);
#1215=LINE('',#1212,#1214);
#1216=EDGE_CURVE('',#1209,#1211,#1215,.T.);
#1217=ORIENTED_EDGE('',*,*,#1216,.T.);
#1218=CARTESIAN_POINT('',(33.3225,3.,57.4972));
#1219=VERTEX_POINT('',#1218);
#1220=CARTESIAN_POINT('',(36.4975,3.,57.4972));
#1221=DIRECTION('',(-1.,-0.,0.));
#1222=VECTOR('',#1221,3.175);
#1223=LINE('',#1220,#1222);
#1224=EDGE_CURVE('',#1211,#1219,#1223,.T.);
#1225=ORIENTED_EDGE('',*,*,#1224,.T.);
#1226=CARTESIAN_POINT('',(33.3225,3.,27.4972));
#1227=VERTEX_POINT('',#1226);
#1228=CARTESIAN_POINT('',(33.3225,3.,57.4972));
#1229=DIRECTION('',(-0.,-0.,-1.));
#1230=VECTOR('',#1229,30.);
#1231=LINE('',#1228,#1230);
#1232=EDGE_CURVE('',#1219,#1227,#1231,.T.);
#1233=ORIENTED_EDGE('',*,*,#1232,.T.);
#1234=CARTESIAN_POINT('',(33.3225,3.,27.4972));
#1235=DIRECTION('',(1.,0.,-0.));
#1236=VECTOR('',#1235,3.175);
#1237=LINE('',#1234,#1236);
#1238=EDGE_CURVE('',#1227,#1209,#1237,.T.);
#1239=ORIENTED_EDGE('',*,*,#1238,.T.);
#1240=EDGE_LOOP('',(#1217,#1225,#1233,#1239));
#1241=FACE_BOUND('',#1240,.T.);
#1242=CARTESIAN_POINT('',(70.7975,3.,75.9972));
#1243=VERTEX_POINT('',#1242);
#1244=CARTESIAN_POINT('',(70.7975,3.,90.9972));
#1245=VERTEX_POINT('',#1244);
#1246=CARTESIAN_POINT('',(70.7975,3.,75.9972));
#1247=DIRECTION('',(0.,0.,1.));
#1248=VECTOR('',#1247,15.);
#1249=LINE('',#1246,#1248);
#1250=EDGE_CURVE('',#1243,#1245,#1249,.T.);
#1251=ORIENTED_EDGE('',*,*,#1250,.T.);
#1252=CARTESIAN_POINT('',(67.6225,3.,90.9972));
#1253=VERTEX_POINT('',#1252);
#1254=CARTESIAN_POINT('',(70.7975,3.,90.9972));
#1255=DIRECTION('',(-1.,-0.,0.));
#1256=VECTOR('',#1255,3.175);
#1257=LINE('',#1254,#1256);
#1258=EDGE_CURVE('',#1245,#1253,#1257,.T.);
#1259=ORIENTED_EDGE('',*,*,#1258,.T.);
#1260=CARTESIAN_POINT('',(67.6225,3.,75.9972));
#1261=VERTEX_POINT('',#1260);
#1262=CARTESIAN_POINT('',(67.6225,3.,90.9972));
#1263=DIRECTION('',(-0.,-0.,-1.));
#1264=VECTOR('',#1263,15.);
#1265=LINE('',#1262,#1264);
#1266=EDGE_CURVE('',#1253,#1261,#1265,.T.);
#1267=ORIENTED_EDGE('',*,*,#1266,.T.);
#1268=CARTESIAN_POINT('',(67.6225,3.,75.9972));
#1269=DIRECTION('',(1.,0.,-0.));
#1270=VECTOR('',#1269,3.175);
#1271=LINE('',#1268,#1270);
#1272=EDGE_CURVE('',#1261,#1243,#1271,.T.);
#1273=ORIENTED_EDGE('',*,*,#1272,.T.);
#1274=EDGE_LOOP('',(#1251,#1259,#1267,#1273));
#1275=FACE_BOUND('',#1274,.T.);
#1276=CARTESIAN_POINT('',(139.3975,3.,75.9972));
#1277=VERTEX_POINT('',#1276);
#1278=CARTESIAN_POINT('',(139.3975,3.,90.9972));
#1279=VERTEX_POINT('',#1278);
#1280=CARTESIAN_POINT('',(139.3975,3.,75.9972));
#1281=DIRECTION('',(0.,0.,1.));
#1282=VECTOR('',#1281,15.);
#1283=LINE('',#1280,#1282);
#1284=EDGE_CURVE('',#1277,#1279,#1283,.T.);
#1285=ORIENTED_EDGE('',*,*,#1284,.T.);
#1286=CARTESIAN_POINT('',(136.2225,3.,90.9972));
#1287=VERTEX_POINT('',#1286);
#1288=CARTESIAN_POINT('',(139.3975,3.,90.9972));
#1289=DIRECTION('',(-1.,-0.,0.));
#1290=VECTOR('',#1289,3.175);
#1291=LINE('',#1288,#1290);
#1292=EDGE_CURVE('',#1279,#1287,#1291,.T.);
#1293=ORIENTED_EDGE('',*,*,#1292,.T.);
#1294=CARTESIAN_POINT('',(136.2225,3.,75.9972));
#1295=VERTEX_POINT('',#1294);
#1296=CARTESIAN_POINT('',(136.2225,3.,90.9972));
#1297=DIRECTION('',(-0.,-0.,-1.));
#1298=VECTOR('',#1297,15.);
#1299=LINE('',#1296,#1298);
#1300=EDGE_CURVE('',#1287,#1295,#1299,.T.);
#1301=ORIENTED_EDGE('',*,*,#1300,.T.);
#1302=CARTESIAN_POINT('',(136.2225,3.,75.9972));
#1303=DIRECTION('',(1.,0.,-0.));
#1304=VECTOR('',#1303,3.175);
#1305=LINE('',#1302,#1304);
#1306=EDGE_CURVE('',#1295,#1277,#1305,.T.);
#1307=ORIENTED_EDGE('',*,*,#1306,.T.);
#1308=EDGE_LOOP('',(#1285,#1293,#1301,#1307));
#1309=FACE_BOUND('',#1308,.T.);
#1310=CARTESIAN_POINT('',(-5.2775,3.,57.4972));
#1311=VERTEX_POINT('',#1310);
#1312=CARTESIAN_POINT('',(-2.2775,3.,57.4972));
#1313=VERTEX_POINT('',#1312);
#1314=CARTESIAN_POINT('',(-5.2775,3.,57.4972));
#1315=DIRECTION('',(1.,0.,-0.));
#1316=VECTOR('',#1315,3.);
#1317=LINE('',#1314,#1316);
#1318=EDGE_CURVE('',#1311,#1313,#1317,.T.);
#1319=ORIENTED_EDGE('',*,*,#1318,.F.);
#1320=CARTESIAN_POINT('',(-5.2775,3.,27.4972));
#1321=VERTEX_POINT('',#1320);
#1322=CARTESIAN_POINT('',(-5.2775,3.,57.4972));
#1323=DIRECTION('',(-0.,-0.,-1.));
#1324=VECTOR('',#1323,30.);
#1325=LINE('',#1322,#1324);
#1326=EDGE_CURVE('',#1311,#1321,#1325,.T.);
#1327=ORIENTED_EDGE('',*,*,#1326,.T.);
#1328=CARTESIAN_POINT('',(-2.2775,3.,27.4972));
#1329=VERTEX_POINT('',#1328);
#1330=CARTESIAN_POINT('',(-2.2775,3.,27.4972));
#1331=DIRECTION('',(-1.,0.,0.));
#1332=VECTOR('',#1331,3.);
#1333=LINE('',#1330,#1332);
#1334=EDGE_CURVE('',#1329,#1321,#1333,.T.);
#1335=ORIENTED_EDGE('',*,*,#1334,.F.);
#1336=CARTESIAN_POINT('',(-2.2775,3.,57.4972));
#1337=DIRECTION('',(0.,0.,-1.));
#1338=VECTOR('',#1337,30.);
#1339=LINE('',#1336,#1338);
#1340=EDGE_CURVE('',#1313,#1329,#1339,.T.);
#1341=ORIENTED_EDGE('',*,*,#1340,.F.);
#1342=EDGE_LOOP('',(#1319,#1327,#1335,#1341));
#1343=FACE_BOUND('',#1342,.T.);
#1344=CARTESIAN_POINT('',(173.9975,3.,-2.33645));
#1345=VERTEX_POINT('',#1344);
#1346=CARTESIAN_POINT('',(173.9975,3.,7.66355));
#1347=VERTEX_POINT('',#1346);
#1348=CARTESIAN_POINT('',(173.9975,3.,-2.33645));
#1349=DIRECTION('',(0.,0.,1.));
#1350=VECTOR('',#1349,10.);
#1351=LINE('',#1348,#1350);
#1352=EDGE_CURVE('',#1345,#1347,#1351,.T.);
#1353=ORIENTED_EDGE('',*,*,#1352,.T.);
#1354=CARTESIAN_POINT('',(-1.2775,3.,7.66355));
#1355=VERTEX_POINT('',#1354);
#1356=CARTESIAN_POINT('',(173.9975,3.,7.66355));
#1357=DIRECTION('',(-1.,-0.,0.));
#1358=VECTOR('',#1357,175.275);
#1359=LINE('',#1356,#1358);
#1360=EDGE_CURVE('',#1347,#1355,#1359,.T.);
#1361=ORIENTED_EDGE('',*,*,#1360,.T.);
#1362=CARTESIAN_POINT('',(-1.2775,3.,-2.33645));
#1363=VERTEX_POINT('',#1362);
#1364=CARTESIAN_POINT('',(-1.2775,3.,7.66355));
#1365=DIRECTION('',(-0.,-0.,-1.));
#1366=VECTOR('',#1365,10.);
#1367=LINE('',#1364,#1366);
#1368=EDGE_CURVE('',#1355,#1363,#1367,.T.);
#1369=ORIENTED_EDGE('',*,*,#1368,.T.);
#1370=CARTESIAN_POINT('',(-1.2775,3.,-2.33645));
#1371=DIRECTION('',(1.,0.,-0.));
#1372=VECTOR('',#1371,175.275);
#1373=LINE('',#1370,#1372);
#1374=EDGE_CURVE('',#1363,#1345,#1373,.T.);
#1375=ORIENTED_EDGE('',*,*,#1374,.T.);
#1376=EDGE_LOOP('',(#1353,#1361,#1369,#1375));
#1377=FACE_BOUND('',#1376,.T.);
#1378=CARTESIAN_POINT('',(33.285001632,3.,122.691775));
#1379=VERTEX_POINT('',#1378);
#1380=CARTESIAN_POINT('',(33.285001632,3.,126.733225));
#1381=VERTEX_POINT('',#1380);
#1382=CARTESIAN_POINT('',(33.285001632,3.,122.691775));
#1383=DIRECTION('',(0.,0.,1.));
#1384=VECTOR('',#1383,4.04145);
#1385=LINE('',#1382,#1384);
#1386=EDGE_CURVE('',#1379,#1381,#1385,.T.);
#1387=ORIENTED_EDGE('',*,*,#1386,.F.);
#1388=CARTESIAN_POINT('',(36.785,3.,120.67105));
#1389=VERTEX_POINT('',#1388);
#1390=CARTESIAN_POINT('',(36.785,3.,120.67105));
#1391=DIRECTION('',(-0.866025404,0.,0.5));
#1392=VECTOR('',#1391,4.04145);
#1393=LINE('',#1390,#1392);
#1394=EDGE_CURVE('',#1389,#1379,#1393,.T.);
#1395=ORIENTED_EDGE('',*,*,#1394,.F.);
#1396=CARTESIAN_POINT('',(40.284998368,3.,122.691775));
#1397=VERTEX_POINT('',#1396);
#1398=CARTESIAN_POINT('',(40.284998368,3.,122.691775));
#1399=DIRECTION('',(-0.866025404,0.,-0.5));
#1400=VECTOR('',#1399,4.04145);
#1401=LINE('',#1398,#1400);
#1402=EDGE_CURVE('',#1397,#1389,#1401,.T.);
#1403=ORIENTED_EDGE('',*,*,#1402,.F.);
#1404=CARTESIAN_POINT('',(40.284998368,3.,126.733225));
#1405=VERTEX_POINT('',#1404);
#1406=CARTESIAN_POINT('',(40.284998368,3.,126.733225));
#1407=DIRECTION('',(0.,0.,-1.));
#1408=VECTOR('',#1407,4.04145);
#1409=LINE('',#1406,#1408);
#1410=EDGE_CURVE('',#1405,#1397,#1409,.T.);
#1411=ORIENTED_EDGE('',*,*,#1410,.F.);
#1412=CARTESIAN_POINT('',(36.785,3.,128.75395));
#1413=VERTEX_POINT('',#1412);
#1414=CARTESIAN_POINT('',(36.785,3.,128.75395));
#1415=DIRECTION('',(0.866025404,0.,-0.5));
#1416=VECTOR('',#1415,4.04145);
#1417=LINE('',#1414,#1416);
#1418=EDGE_CURVE('',#1413,#1405,#1417,.T.);
#1419=ORIENTED_EDGE('',*,*,#1418,.F.);
#1420=CARTESIAN_POINT('',(33.285001632,3.,126.733225));
#1421=DIRECTION('',(0.866025404,0.,0.5));
#1422=VECTOR('',#1421,4.04145);
#1423=LINE('',#1420,#1422);
#1424=EDGE_CURVE('',#1381,#1413,#1423,.T.);
#1425=ORIENTED_EDGE('',*,*,#1424,.F.);
#1426=EDGE_LOOP('',(#1387,#1395,#1403,#1411,#1419,#1425));
#1427=FACE_BOUND('',#1426,.T.);
#1428=CARTESIAN_POINT('',(139.434998368,3.,122.691775));
#1429=VERTEX_POINT('',#1428);
#1430=CARTESIAN_POINT('',(139.434998368,3.,126.733225));
#1431=VERTEX_POINT('',#1430);
#1432=CARTESIAN_POINT('',(139.434998368,3.,122.691775));
#1433=DIRECTION('',(0.,0.,1.));
#1434=VECTOR('',#1433,4.04145);
#1435=LINE('',#1432,#1434);
#1436=EDGE_CURVE('',#1429,#1431,#1435,.T.);
#1437=ORIENTED_EDGE('',*,*,#1436,.T.);
#1438=CARTESIAN_POINT('',(135.935,3.,128.75395));
#1439=VERTEX_POINT('',#1438);
#1440=CARTESIAN_POINT('',(139.434998368,3.,126.733225));
#1441=DIRECTION('',(-0.866025404,0.,0.5));
#1442=VECTOR('',#1441,4.04145);
#1443=LINE('',#1440,#1442);
#1444=EDGE_CURVE('',#1431,#1439,#1443,.T.);
#1445=ORIENTED_EDGE('',*,*,#1444,.T.);
#1446=CARTESIAN_POINT('',(132.435001632,3.,126.733225));
#1447=VERTEX_POINT('',#1446);
#1448=CARTESIAN_POINT('',(135.935,3.,128.75395));
#1449=DIRECTION('',(-0.866025404,0.,-0.5));
#1450=VECTOR('',#1449,4.04145);
#1451=LINE('',#1448,#1450);
#1452=EDGE_CURVE('',#1439,#1447,#1451,.T.);
#1453=ORIENTED_EDGE('',*,*,#1452,.T.);
#1454=CARTESIAN_POINT('',(132.435001632,3.,122.691775));
#1455=VERTEX_POINT('',#1454);
#1456=CARTESIAN_POINT('',(132.435001632,3.,126.733225));
#1457=DIRECTION('',(-0.,-0.,-1.));
#1458=VECTOR('',#1457,4.04145);
#1459=LINE('',#1456,#1458);
#1460=EDGE_CURVE('',#1447,#1455,#1459,.T.);
#1461=ORIENTED_EDGE('',*,*,#1460,.T.);
#1462=CARTESIAN_POINT('',(135.935,3.,120.67105));
#1463=VERTEX_POINT('',#1462);
#1464=CARTESIAN_POINT('',(132.435001632,3.,122.691775));
#1465=DIRECTION('',(0.866025404,0.,-0.5));
#1466=VECTOR('',#1465,4.04145);
#1467=LINE('',#1464,#1466);
#1468=EDGE_CURVE('',#1455,#1463,#1467,.T.);
#1469=ORIENTED_EDGE('',*,*,#1468,.T.);
#1470=CARTESIAN_POINT('',(135.935,3.,120.67105));
#1471=DIRECTION('',(0.866025404,0.,0.5));
#1472=VECTOR('',#1471,4.04145);
#1473=LINE('',#1470,#1472);
#1474=EDGE_CURVE('',#1463,#1429,#1473,.T.);
#1475=ORIENTED_EDGE('',*,*,#1474,.T.);
#1476=EDGE_LOOP('',(#1437,#1445,#1453,#1461,#1469,#1475));
#1477=FACE_BOUND('',#1476,.T.);
#1478=ADVANCED_FACE('',(#810,#957,#991,#1025,#1059,#1093,#1127,#1147,#1167,#1187,#1207,#1241,#1275,#1309,#1343,#1377,#1427,#1477),#785,.T.);
#1479=CARTESIAN_POINT('',(177.9975,0.,113.45));
#1480=DIRECTION('',(-1.,0.,0.));
#1481=DIRECTION('',(0.,0.,1.));
#1482=AXIS2_PLACEMENT_3D('',#1479,#1480,#1481);
#1483=PLANE('',#1482);
#1484=ORIENTED_EDGE('',*,*,#248,.F.);
#1485=ORIENTED_EDGE('',*,*,#117,.T.);
#1486=ORIENTED_EDGE('',*,*,#952,.T.);
#1487=CARTESIAN_POINT('',(177.9975,3.,121.7125));
#1488=DIRECTION('',(-0.,-1.,-0.));
#1489=VECTOR('',#1488,3.);
#1490=LINE('',#1487,#1489);
#1491=EDGE_CURVE('',#940,#243,#1490,.T.);
#1492=ORIENTED_EDGE('',*,*,#1491,.T.);
#1493=EDGE_LOOP('',(#1484,#1485,#1486,#1492));
#1494=FACE_BOUND('',#1493,.T.);
#1495=ADVANCED_FACE('',(#1494),#1483,.F.);
#1496=CARTESIAN_POINT('',(169.672,0.,107.902));
#1497=DIRECTION('',(-0.,1.,0.));
#1498=DIRECTION('',(1.,0.,0.));
#1499=AXIS2_PLACEMENT_3D('',#1496,#1497,#1498);
#1500=CYLINDRICAL_SURFACE('',#1499,1.6);
#1501=CARTESIAN_POINT('',(171.272,3.,107.902));
#1502=DIRECTION('',(-0.,-1.,-0.));
#1503=VECTOR('',#1502,3.);
#1504=LINE('',#1501,#1503);
#1505=EDGE_CURVE('',#1191,#625,#1504,.T.);
#1506=ORIENTED_EDGE('',*,*,#1505,.F.);
#1507=ORIENTED_EDGE('',*,*,#1197,.F.);
#1508=ORIENTED_EDGE('',*,*,#1204,.F.);
#1509=ORIENTED_EDGE('',*,*,#1505,.T.);
#1510=ORIENTED_EDGE('',*,*,#633,.T.);
#1511=ORIENTED_EDGE('',*,*,#640,.T.);
#1512=EDGE_LOOP('',(#1506,#1507,#1508,#1509,#1510,#1511));
#1513=FACE_BOUND('',#1512,.T.);
#1514=ADVANCED_FACE('',(#1513),#1500,.F.);
#1515=CARTESIAN_POINT('',(169.672,0.,35.004));
#1516=DIRECTION('',(-0.,1.,0.));
#1517=DIRECTION('',(1.,0.,0.));
#1518=AXIS2_PLACEMENT_3D('',#1515,#1516,#1517);
#1519=CYLINDRICAL_SURFACE('',#1518,1.6);
#1520=CARTESIAN_POINT('',(171.272,3.,35.004));
#1521=DIRECTION('',(-0.,-1.,-0.));
#1522=VECTOR('',#1521,3.);
#1523=LINE('',#1520,#1522);
#1524=EDGE_CURVE('',#1171,#605,#1523,.T.);
#1525=ORIENTED_EDGE('',*,*,#1524,.F.);
#1526=ORIENTED_EDGE('',*,*,#1177,.F.);
#1527=ORIENTED_EDGE('',*,*,#1184,.F.);
#1528=ORIENTED_EDGE('',*,*,#1524,.T.);
#1529=ORIENTED_EDGE('',*,*,#613,.T.);
#1530=ORIENTED_EDGE('',*,*,#620,.T.);
#1531=EDGE_LOOP('',(#1525,#1526,#1527,#1528,#1529,#1530));
#1532=FACE_BOUND('',#1531,.T.);
#1533=ADVANCED_FACE('',(#1532),#1519,.F.);
#1534=CARTESIAN_POINT('',(3.048,0.,107.902));
#1535=DIRECTION('',(-0.,1.,0.));
#1536=DIRECTION('',(1.,0.,0.));
#1537=AXIS2_PLACEMENT_3D('',#1534,#1535,#1536);
#1538=CYLINDRICAL_SURFACE('',#1537,1.6);
#1539=CARTESIAN_POINT('',(4.648,3.,107.902));
#1540=DIRECTION('',(-0.,-1.,-0.));
#1541=VECTOR('',#1540,3.);
#1542=LINE('',#1539,#1541);
#1543=EDGE_CURVE('',#1151,#585,#1542,.T.);
#1544=ORIENTED_EDGE('',*,*,#1543,.F.);
#1545=ORIENTED_EDGE('',*,*,#1157,.F.);
#1546=ORIENTED_EDGE('',*,*,#1164,.F.);
#1547=ORIENTED_EDGE('',*,*,#1543,.T.);
#1548=ORIENTED_EDGE('',*,*,#593,.T.);
#1549=ORIENTED_EDGE('',*,*,#600,.T.);
#1550=EDGE_LOOP('',(#1544,#1545,#1546,#1547,#1548,#1549));
#1551=FACE_BOUND('',#1550,.T.);
#1552=ADVANCED_FACE('',(#1551),#1538,.F.);
#1553=CARTESIAN_POINT('',(3.048,0.,35.004));
#1554=DIRECTION('',(-0.,1.,0.));
#1555=DIRECTION('',(1.,0.,0.));
#1556=AXIS2_PLACEMENT_3D('',#1553,#1554,#1555);
#1557=CYLINDRICAL_SURFACE('',#1556,1.6);
#1558=CARTESIAN_POINT('',(4.648,3.,35.004));
#1559=DIRECTION('',(-0.,-1.,-0.));
#1560=VECTOR('',#1559,3.);
#1561=LINE('',#1558,#1560);
#1562=EDGE_CURVE('',#1131,#565,#1561,.T.);
#1563=ORIENTED_EDGE('',*,*,#1562,.F.);
#1564=ORIENTED_EDGE('',*,*,#1137,.F.);
#1565=ORIENTED_EDGE('',*,*,#1144,.F.);
#1566=ORIENTED_EDGE('',*,*,#1562,.T.);
#1567=ORIENTED_EDGE('',*,*,#573,.T.);
#1568=ORIENTED_EDGE('',*,*,#580,.T.);
#1569=EDGE_LOOP('',(#1563,#1564,#1565,#1566,#1567,#1568));
#1570=FACE_BOUND('',#1569,.T.);
#1571=ADVANCED_FACE('',(#1570),#1557,.F.);
#1572=CARTESIAN_POINT('',(67.6225,0.,42.4972));
#1573=DIRECTION('',(-1.,0.,0.));
#1574=DIRECTION('',(0.,0.,1.));
#1575=AXIS2_PLACEMENT_3D('',#1572,#1573,#1574);
#1576=PLANE('',#1575);
#1577=ORIENTED_EDGE('',*,*,#1102,.T.);
#1578=CARTESIAN_POINT('',(67.6225,0.,57.4972));
#1579=DIRECTION('',(-0.,1.,-0.));
#1580=VECTOR('',#1579,3.);
#1581=LINE('',#1578,#1580);
#1582=EDGE_CURVE('',#541,#1097,#1581,.T.);
#1583=ORIENTED_EDGE('',*,*,#1582,.F.);
#1584=ORIENTED_EDGE('',*,*,#546,.F.);
#1585=CARTESIAN_POINT('',(67.6225,0.,27.4972));
#1586=DIRECTION('',(0.,1.,0.));
#1587=VECTOR('',#1586,3.);
#1588=LINE('',#1585,#1587);
#1589=EDGE_CURVE('',#533,#1095,#1588,.T.);
#1590=ORIENTED_EDGE('',*,*,#1589,.T.);
#1591=EDGE_LOOP('',(#1577,#1583,#1584,#1590));
#1592=FACE_BOUND('',#1591,.T.);
#1593=ADVANCED_FACE('',(#1592),#1576,.F.);
#1594=CARTESIAN_POINT('',(69.21,0.,57.4972));
#1595=DIRECTION('',(0.,0.,1.));
#1596=DIRECTION('',(0.,-1.,0.));
#1597=AXIS2_PLACEMENT_3D('',#1594,#1595,#1596);
#1598=PLANE('',#1597);
#1599=ORIENTED_EDGE('',*,*,#1124,.T.);
#1600=CARTESIAN_POINT('',(70.7975,0.,57.4972));
#1601=DIRECTION('',(0.,1.,0.));
#1602=VECTOR('',#1601,3.);
#1603=LINE('',#1600,#1602);
#1604=EDGE_CURVE('',#549,#1113,#1603,.T.);
#1605=ORIENTED_EDGE('',*,*,#1604,.F.);
#1606=ORIENTED_EDGE('',*,*,#554,.F.);
#1607=ORIENTED_EDGE('',*,*,#1582,.T.);
#1608=EDGE_LOOP('',(#1599,#1605,#1606,#1607));
#1609=FACE_BOUND('',#1608,.T.);
#1610=ADVANCED_FACE('',(#1609),#1598,.F.);
#1611=CARTESIAN_POINT('',(70.7975,0.,42.4972));
#1612=DIRECTION('',(1.,0.,0.));
#1613=DIRECTION('',(0.,0.,-1.));
#1614=AXIS2_PLACEMENT_3D('',#1611,#1612,#1613);
#1615=PLANE('',#1614);
#1616=ORIENTED_EDGE('',*,*,#1118,.T.);
#1617=CARTESIAN_POINT('',(70.7975,0.,27.4972));
#1618=DIRECTION('',(0.,1.,0.));
#1619=VECTOR('',#1618,3.);
#1620=LINE('',#1617,#1619);
#1621=EDGE_CURVE('',#531,#1105,#1620,.T.);
#1622=ORIENTED_EDGE('',*,*,#1621,.F.);
#1623=ORIENTED_EDGE('',*,*,#560,.F.);
#1624=ORIENTED_EDGE('',*,*,#1604,.T.);
#1625=EDGE_LOOP('',(#1616,#1622,#1623,#1624));
#1626=FACE_BOUND('',#1625,.T.);
#1627=ADVANCED_FACE('',(#1626),#1615,.F.);
#1628=CARTESIAN_POINT('',(69.21,0.,27.4972));
#1629=DIRECTION('',(0.,0.,-1.));
#1630=DIRECTION('',(0.,1.,0.));
#1631=AXIS2_PLACEMENT_3D('',#1628,#1629,#1630);
#1632=PLANE('',#1631);
#1633=ORIENTED_EDGE('',*,*,#1110,.T.);
#1634=ORIENTED_EDGE('',*,*,#1589,.F.);
#1635=ORIENTED_EDGE('',*,*,#538,.F.);
#1636=ORIENTED_EDGE('',*,*,#1621,.T.);
#1637=EDGE_LOOP('',(#1633,#1634,#1635,#1636));
#1638=FACE_BOUND('',#1637,.T.);
#1639=ADVANCED_FACE('',(#1638),#1632,.F.);
#1640=CARTESIAN_POINT('',(34.91,0.,57.4972));
#1641=DIRECTION('',(0.,0.,-1.));
#1642=DIRECTION('',(-1.,0.,0.));
#1643=AXIS2_PLACEMENT_3D('',#1640,#1641,#1642);
#1644=PLANE('',#1643);
#1645=ORIENTED_EDGE('',*,*,#1224,.F.);
#1646=CARTESIAN_POINT('',(36.4975,0.,57.4972));
#1647=DIRECTION('',(0.,1.,0.));
#1648=VECTOR('',#1647,3.);
#1649=LINE('',#1646,#1648);
#1650=EDGE_CURVE('',#497,#1211,#1649,.T.);
#1651=ORIENTED_EDGE('',*,*,#1650,.F.);
#1652=ORIENTED_EDGE('',*,*,#504,.T.);
#1653=CARTESIAN_POINT('',(33.3225,0.,57.4972));
#1654=DIRECTION('',(0.,1.,0.));
#1655=VECTOR('',#1654,3.);
#1656=LINE('',#1653,#1655);
#1657=EDGE_CURVE('',#499,#1219,#1656,.T.);
#1658=ORIENTED_EDGE('',*,*,#1657,.T.);
#1659=EDGE_LOOP('',(#1645,#1651,#1652,#1658));
#1660=FACE_BOUND('',#1659,.T.);
#1661=ADVANCED_FACE('',(#1660),#1644,.T.);
#1662=CARTESIAN_POINT('',(36.4975,0.,42.4972));
#1663=DIRECTION('',(-1.,0.,0.));
#1664=DIRECTION('',(0.,0.,1.));
#1665=AXIS2_PLACEMENT_3D('',#1662,#1663,#1664);
#1666=PLANE('',#1665);
#1667=ORIENTED_EDGE('',*,*,#1216,.F.);
#1668=CARTESIAN_POINT('',(36.4975,0.,27.4972));
#1669=DIRECTION('',(0.,1.,0.));
#1670=VECTOR('',#1669,3.);
#1671=LINE('',#1668,#1670);
#1672=EDGE_CURVE('',#507,#1209,#1671,.T.);
#1673=ORIENTED_EDGE('',*,*,#1672,.F.);
#1674=ORIENTED_EDGE('',*,*,#512,.T.);
#1675=ORIENTED_EDGE('',*,*,#1650,.T.);
#1676=EDGE_LOOP('',(#1667,#1673,#1674,#1675));
#1677=FACE_BOUND('',#1676,.T.);
#1678=ADVANCED_FACE('',(#1677),#1666,.T.);
#1679=CARTESIAN_POINT('',(34.91,0.,27.4972));
#1680=DIRECTION('',(0.,0.,1.));
#1681=DIRECTION('',(1.,0.,0.));
#1682=AXIS2_PLACEMENT_3D('',#1679,#1680,#1681);
#1683=PLANE('',#1682);
#1684=ORIENTED_EDGE('',*,*,#1238,.F.);
#1685=CARTESIAN_POINT('',(33.3225,0.,27.4972));
#1686=DIRECTION('',(0.,1.,0.));
#1687=VECTOR('',#1686,3.);
#1688=LINE('',#1685,#1687);
#1689=EDGE_CURVE('',#515,#1227,#1688,.T.);
#1690=ORIENTED_EDGE('',*,*,#1689,.F.);
#1691=ORIENTED_EDGE('',*,*,#520,.T.);
#1692=ORIENTED_EDGE('',*,*,#1672,.T.);
#1693=EDGE_LOOP('',(#1684,#1690,#1691,#1692));
#1694=FACE_BOUND('',#1693,.T.);
#1695=ADVANCED_FACE('',(#1694),#1683,.T.);
#1696=CARTESIAN_POINT('',(33.3225,0.,42.4972));
#1697=DIRECTION('',(1.,0.,0.));
#1698=DIRECTION('',(0.,0.,-1.));
#1699=AXIS2_PLACEMENT_3D('',#1696,#1697,#1698);
#1700=PLANE('',#1699);
#1701=ORIENTED_EDGE('',*,*,#1232,.F.);
#1702=ORIENTED_EDGE('',*,*,#1657,.F.);
#1703=ORIENTED_EDGE('',*,*,#526,.T.);
#1704=ORIENTED_EDGE('',*,*,#1689,.T.);
#1705=EDGE_LOOP('',(#1701,#1702,#1703,#1704));
#1706=FACE_BOUND('',#1705,.T.);
#1707=ADVANCED_FACE('',(#1706),#1700,.T.);
#1708=CARTESIAN_POINT('',(136.2225,0.,42.4972));
#1709=DIRECTION('',(-1.,0.,0.));
#1710=DIRECTION('',(0.,0.,1.));
#1711=AXIS2_PLACEMENT_3D('',#1708,#1709,#1710);
#1712=PLANE('',#1711);
#1713=ORIENTED_EDGE('',*,*,#1068,.T.);
#1714=CARTESIAN_POINT('',(136.2225,0.,57.4972));
#1715=DIRECTION('',(0.,1.,0.));
#1716=VECTOR('',#1715,3.);
#1717=LINE('',#1714,#1716);
#1718=EDGE_CURVE('',#655,#1063,#1717,.T.);
#1719=ORIENTED_EDGE('',*,*,#1718,.F.);
#1720=ORIENTED_EDGE('',*,*,#660,.F.);
#1721=CARTESIAN_POINT('',(136.2225,0.,27.4972));
#1722=DIRECTION('',(0.,1.,0.));
#1723=VECTOR('',#1722,3.);
#1724=LINE('',#1721,#1723);
#1725=EDGE_CURVE('',#647,#1061,#1724,.T.);
#1726=ORIENTED_EDGE('',*,*,#1725,.T.);
#1727=EDGE_LOOP('',(#1713,#1719,#1720,#1726));
#1728=FACE_BOUND('',#1727,.T.);
#1729=ADVANCED_FACE('',(#1728),#1712,.F.);
#1730=CARTESIAN_POINT('',(137.81,0.,57.4972));
#1731=DIRECTION('',(0.,0.,1.));
#1732=DIRECTION('',(1.,0.,0.));
#1733=AXIS2_PLACEMENT_3D('',#1730,#1731,#1732);
#1734=PLANE('',#1733);
#1735=ORIENTED_EDGE('',*,*,#1090,.T.);
#1736=CARTESIAN_POINT('',(139.3975,0.,57.4972));
#1737=DIRECTION('',(0.,1.,0.));
#1738=VECTOR('',#1737,3.);
#1739=LINE('',#1736,#1738);
#1740=EDGE_CURVE('',#663,#1079,#1739,.T.);
#1741=ORIENTED_EDGE('',*,*,#1740,.F.);
#1742=ORIENTED_EDGE('',*,*,#668,.F.);
#1743=ORIENTED_EDGE('',*,*,#1718,.T.);
#1744=EDGE_LOOP('',(#1735,#1741,#1742,#1743));
#1745=FACE_BOUND('',#1744,.T.);
#1746=ADVANCED_FACE('',(#1745),#1734,.F.);
#1747=CARTESIAN_POINT('',(139.3975,0.,42.4972));
#1748=DIRECTION('',(1.,0.,0.));
#1749=DIRECTION('',(0.,0.,-1.));
#1750=AXIS2_PLACEMENT_3D('',#1747,#1748,#1749);
#1751=PLANE('',#1750);
#1752=ORIENTED_EDGE('',*,*,#1084,.T.);
#1753=CARTESIAN_POINT('',(139.3975,0.,27.4972));
#1754=DIRECTION('',(0.,1.,0.));
#1755=VECTOR('',#1754,3.);
#1756=LINE('',#1753,#1755);
#1757=EDGE_CURVE('',#645,#1071,#1756,.T.);
#1758=ORIENTED_EDGE('',*,*,#1757,.F.);
#1759=ORIENTED_EDGE('',*,*,#674,.F.);
#1760=ORIENTED_EDGE('',*,*,#1740,.T.);
#1761=EDGE_LOOP('',(#1752,#1758,#1759,#1760));
#1762=FACE_BOUND('',#1761,.T.);
#1763=ADVANCED_FACE('',(#1762),#1751,.F.);
#1764=CARTESIAN_POINT('',(137.81,0.,27.4972));
#1765=DIRECTION('',(0.,0.,-1.));
#1766=DIRECTION('',(-1.,0.,0.));
#1767=AXIS2_PLACEMENT_3D('',#1764,#1765,#1766);
#1768=PLANE('',#1767);
#1769=ORIENTED_EDGE('',*,*,#1076,.T.);
#1770=ORIENTED_EDGE('',*,*,#1725,.F.);
#1771=ORIENTED_EDGE('',*,*,#652,.F.);
#1772=ORIENTED_EDGE('',*,*,#1757,.T.);
#1773=EDGE_LOOP('',(#1769,#1770,#1771,#1772));
#1774=FACE_BOUND('',#1773,.T.);
#1775=ADVANCED_FACE('',(#1774),#1768,.F.);
#1776=CARTESIAN_POINT('',(101.9225,0.,46.368597617));
#1777=DIRECTION('',(-1.,0.,0.));
#1778=DIRECTION('',(0.,0.,1.));
#1779=AXIS2_PLACEMENT_3D('',#1776,#1777,#1778);
#1780=PLANE('',#1779);
#1781=ORIENTED_EDGE('',*,*,#1056,.T.);
#1782=CARTESIAN_POINT('',(101.9225,0.,57.4972));
#1783=DIRECTION('',(-0.,1.,-0.));
#1784=VECTOR('',#1783,3.);
#1785=LINE('',#1782,#1784);
#1786=EDGE_CURVE('',#473,#1045,#1785,.T.);
#1787=ORIENTED_EDGE('',*,*,#1786,.F.);
#1788=ORIENTED_EDGE('',*,*,#478,.F.);
#1789=CARTESIAN_POINT('',(101.9225,0.,27.4972));
#1790=DIRECTION('',(0.,1.,0.));
#1791=VECTOR('',#1790,3.);
#1792=LINE('',#1789,#1791);
#1793=EDGE_CURVE('',#465,#1029,#1792,.T.);
#1794=ORIENTED_EDGE('',*,*,#1793,.T.);
#1795=EDGE_LOOP('',(#1781,#1787,#1788,#1794));
#1796=FACE_BOUND('',#1795,.T.);
#1797=ADVANCED_FACE('',(#1796),#1780,.F.);
#1798=CARTESIAN_POINT('',(103.51,0.,57.4972));
#1799=DIRECTION('',(0.,0.,1.));
#1800=DIRECTION('',(0.,-1.,0.));
#1801=AXIS2_PLACEMENT_3D('',#1798,#1799,#1800);
#1802=PLANE('',#1801);
#1803=ORIENTED_EDGE('',*,*,#1050,.T.);
#1804=CARTESIAN_POINT('',(105.0975,0.,57.4972));
#1805=DIRECTION('',(0.,1.,0.));
#1806=VECTOR('',#1805,3.);
#1807=LINE('',#1804,#1806);
#1808=EDGE_CURVE('',#481,#1037,#1807,.T.);
#1809=ORIENTED_EDGE('',*,*,#1808,.F.);
#1810=ORIENTED_EDGE('',*,*,#486,.F.);
#1811=ORIENTED_EDGE('',*,*,#1786,.T.);
#1812=EDGE_LOOP('',(#1803,#1809,#1810,#1811));
#1813=FACE_BOUND('',#1812,.T.);
#1814=ADVANCED_FACE('',(#1813),#1802,.F.);
#1815=CARTESIAN_POINT('',(105.0975,0.,46.327968841));
#1816=DIRECTION('',(1.,0.,0.));
#1817=DIRECTION('',(0.,0.,-1.));
#1818=AXIS2_PLACEMENT_3D('',#1815,#1816,#1817);
#1819=PLANE('',#1818);
#1820=ORIENTED_EDGE('',*,*,#1042,.T.);
#1821=CARTESIAN_POINT('',(105.0975,0.,27.4972));
#1822=DIRECTION('',(0.,1.,0.));
#1823=VECTOR('',#1822,3.);
#1824=LINE('',#1821,#1823);
#1825=EDGE_CURVE('',#463,#1027,#1824,.T.);
#1826=ORIENTED_EDGE('',*,*,#1825,.F.);
#1827=ORIENTED_EDGE('',*,*,#492,.F.);
#1828=ORIENTED_EDGE('',*,*,#1808,.T.);
#1829=EDGE_LOOP('',(#1820,#1826,#1827,#1828));
#1830=FACE_BOUND('',#1829,.T.);
#1831=ADVANCED_FACE('',(#1830),#1819,.F.);
#1832=CARTESIAN_POINT('',(103.51,0.,27.4972));
#1833=DIRECTION('',(0.,0.,-1.));
#1834=DIRECTION('',(0.,1.,0.));
#1835=AXIS2_PLACEMENT_3D('',#1832,#1833,#1834);
#1836=PLANE('',#1835);
#1837=ORIENTED_EDGE('',*,*,#1034,.T.);
#1838=ORIENTED_EDGE('',*,*,#1793,.F.);
#1839=ORIENTED_EDGE('',*,*,#470,.F.);
#1840=ORIENTED_EDGE('',*,*,#1825,.T.);
#1841=EDGE_LOOP('',(#1837,#1838,#1839,#1840));
#1842=FACE_BOUND('',#1841,.T.);
#1843=ADVANCED_FACE('',(#1842),#1836,.F.);
#1844=CARTESIAN_POINT('',(69.21,0.,90.9972));
#1845=DIRECTION('',(0.,0.,-1.));
#1846=DIRECTION('',(-1.,0.,0.));
#1847=AXIS2_PLACEMENT_3D('',#1844,#1845,#1846);
#1848=PLANE('',#1847);
#1849=ORIENTED_EDGE('',*,*,#1258,.F.);
#1850=CARTESIAN_POINT('',(70.7975,0.,90.9972));
#1851=DIRECTION('',(0.,1.,0.));
#1852=VECTOR('',#1851,3.);
#1853=LINE('',#1850,#1852);
#1854=EDGE_CURVE('',#429,#1245,#1853,.T.);
#1855=ORIENTED_EDGE('',*,*,#1854,.F.);
#1856=ORIENTED_EDGE('',*,*,#436,.T.);
#1857=CARTESIAN_POINT('',(67.6225,0.,90.9972));
#1858=DIRECTION('',(0.,1.,0.));
#1859=VECTOR('',#1858,3.);
#1860=LINE('',#1857,#1859);
#1861=EDGE_CURVE('',#431,#1253,#1860,.T.);
#1862=ORIENTED_EDGE('',*,*,#1861,.T.);
#1863=EDGE_LOOP('',(#1849,#1855,#1856,#1862));
#1864=FACE_BOUND('',#1863,.T.);
#1865=ADVANCED_FACE('',(#1864),#1848,.T.);
#1866=CARTESIAN_POINT('',(70.7975,0.,83.4972));
#1867=DIRECTION('',(-1.,0.,0.));
#1868=DIRECTION('',(0.,0.,1.));
#1869=AXIS2_PLACEMENT_3D('',#1866,#1867,#1868);
#1870=PLANE('',#1869);
#1871=ORIENTED_EDGE('',*,*,#1250,.F.);
#1872=CARTESIAN_POINT('',(70.7975,0.,75.9972));
#1873=DIRECTION('',(0.,1.,0.));
#1874=VECTOR('',#1873,3.);
#1875=LINE('',#1872,#1874);
#1876=EDGE_CURVE('',#439,#1243,#1875,.T.);
#1877=ORIENTED_EDGE('',*,*,#1876,.F.);
#1878=ORIENTED_EDGE('',*,*,#444,.T.);
#1879=ORIENTED_EDGE('',*,*,#1854,.T.);
#1880=EDGE_LOOP('',(#1871,#1877,#1878,#1879));
#1881=FACE_BOUND('',#1880,.T.);
#1882=ADVANCED_FACE('',(#1881),#1870,.T.);
#1883=CARTESIAN_POINT('',(69.21,0.,75.9972));
#1884=DIRECTION('',(0.,0.,1.));
#1885=DIRECTION('',(1.,0.,0.));
#1886=AXIS2_PLACEMENT_3D('',#1883,#1884,#1885);
#1887=PLANE('',#1886);
#1888=ORIENTED_EDGE('',*,*,#1272,.F.);
#1889=CARTESIAN_POINT('',(67.6225,0.,75.9972));
#1890=DIRECTION('',(0.,1.,0.));
#1891=VECTOR('',#1890,3.);
#1892=LINE('',#1889,#1891);
#1893=EDGE_CURVE('',#447,#1261,#1892,.T.);
#1894=ORIENTED_EDGE('',*,*,#1893,.F.);
#1895=ORIENTED_EDGE('',*,*,#452,.T.);
#1896=ORIENTED_EDGE('',*,*,#1876,.T.);
#1897=EDGE_LOOP('',(#1888,#1894,#1895,#1896));
#1898=FACE_BOUND('',#1897,.T.);
#1899=ADVANCED_FACE('',(#1898),#1887,.T.);
#1900=CARTESIAN_POINT('',(67.6225,0.,83.4972));
#1901=DIRECTION('',(1.,0.,0.));
#1902=DIRECTION('',(0.,0.,-1.));
#1903=AXIS2_PLACEMENT_3D('',#1900,#1901,#1902);
#1904=PLANE('',#1903);
#1905=ORIENTED_EDGE('',*,*,#1266,.F.);
#1906=ORIENTED_EDGE('',*,*,#1861,.F.);
#1907=ORIENTED_EDGE('',*,*,#458,.T.);
#1908=ORIENTED_EDGE('',*,*,#1893,.T.);
#1909=EDGE_LOOP('',(#1905,#1906,#1907,#1908));
#1910=FACE_BOUND('',#1909,.T.);
#1911=ADVANCED_FACE('',(#1910),#1904,.T.);
#1912=CARTESIAN_POINT('',(137.81,0.,90.9972));
#1913=DIRECTION('',(0.,0.,-1.));
#1914=DIRECTION('',(0.,1.,0.));
#1915=AXIS2_PLACEMENT_3D('',#1912,#1913,#1914);
#1916=PLANE('',#1915);
#1917=ORIENTED_EDGE('',*,*,#1292,.F.);
#1918=CARTESIAN_POINT('',(139.3975,0.,90.9972));
#1919=DIRECTION('',(0.,1.,0.));
#1920=VECTOR('',#1919,3.);
#1921=LINE('',#1918,#1920);
#1922=EDGE_CURVE('',#679,#1279,#1921,.T.);
#1923=ORIENTED_EDGE('',*,*,#1922,.F.);
#1924=ORIENTED_EDGE('',*,*,#686,.T.);
#1925=CARTESIAN_POINT('',(136.2225,0.,90.9972));
#1926=DIRECTION('',(0.,1.,0.));
#1927=VECTOR('',#1926,3.);
#1928=LINE('',#1925,#1927);
#1929=EDGE_CURVE('',#681,#1287,#1928,.T.);
#1930=ORIENTED_EDGE('',*,*,#1929,.T.);
#1931=EDGE_LOOP('',(#1917,#1923,#1924,#1930));
#1932=FACE_BOUND('',#1931,.T.);
#1933=ADVANCED_FACE('',(#1932),#1916,.T.);
#1934=CARTESIAN_POINT('',(139.3975,0.,83.4972));
#1935=DIRECTION('',(-1.,0.,0.));
#1936=DIRECTION('',(0.,0.,1.));
#1937=AXIS2_PLACEMENT_3D('',#1934,#1935,#1936);
#1938=PLANE('',#1937);
#1939=ORIENTED_EDGE('',*,*,#1284,.F.);
#1940=CARTESIAN_POINT('',(139.3975,0.,75.9972));
#1941=DIRECTION('',(-0.,1.,-0.));
#1942=VECTOR('',#1941,3.);
#1943=LINE('',#1940,#1942);
#1944=EDGE_CURVE('',#689,#1277,#1943,.T.);
#1945=ORIENTED_EDGE('',*,*,#1944,.F.);
#1946=ORIENTED_EDGE('',*,*,#694,.T.);
#1947=ORIENTED_EDGE('',*,*,#1922,.T.);
#1948=EDGE_LOOP('',(#1939,#1945,#1946,#1947));
#1949=FACE_BOUND('',#1948,.T.);
#1950=ADVANCED_FACE('',(#1949),#1938,.T.);
#1951=CARTESIAN_POINT('',(137.81,0.,75.9972));
#1952=DIRECTION('',(0.,0.,1.));
#1953=DIRECTION('',(0.,-1.,0.));
#1954=AXIS2_PLACEMENT_3D('',#1951,#1952,#1953);
#1955=PLANE('',#1954);
#1956=ORIENTED_EDGE('',*,*,#1306,.F.);
#1957=CARTESIAN_POINT('',(136.2225,0.,75.9972));
#1958=DIRECTION('',(0.,1.,0.));
#1959=VECTOR('',#1958,3.);
#1960=LINE('',#1957,#1959);
#1961=EDGE_CURVE('',#697,#1295,#1960,.T.);
#1962=ORIENTED_EDGE('',*,*,#1961,.F.);
#1963=ORIENTED_EDGE('',*,*,#702,.T.);
#1964=ORIENTED_EDGE('',*,*,#1944,.T.);
#1965=EDGE_LOOP('',(#1956,#1962,#1963,#1964));
#1966=FACE_BOUND('',#1965,.T.);
#1967=ADVANCED_FACE('',(#1966),#1955,.T.);
#1968=CARTESIAN_POINT('',(136.2225,0.,83.4972));
#1969=DIRECTION('',(1.,0.,0.));
#1970=DIRECTION('',(0.,0.,-1.));
#1971=AXIS2_PLACEMENT_3D('',#1968,#1969,#1970);
#1972=PLANE('',#1971);
#1973=ORIENTED_EDGE('',*,*,#1300,.F.);
#1974=ORIENTED_EDGE('',*,*,#1929,.F.);
#1975=ORIENTED_EDGE('',*,*,#708,.T.);
#1976=ORIENTED_EDGE('',*,*,#1961,.T.);
#1977=EDGE_LOOP('',(#1973,#1974,#1975,#1976));
#1978=FACE_BOUND('',#1977,.T.);
#1979=ADVANCED_FACE('',(#1978),#1972,.T.);
#1980=CARTESIAN_POINT('',(33.3225,0.,83.4972));
#1981=DIRECTION('',(-1.,0.,0.));
#1982=DIRECTION('',(0.,0.,1.));
#1983=AXIS2_PLACEMENT_3D('',#1980,#1981,#1982);
#1984=PLANE('',#1983);
#1985=ORIENTED_EDGE('',*,*,#1000,.T.);
#1986=CARTESIAN_POINT('',(33.3225,0.,90.9972));
#1987=DIRECTION('',(-0.,1.,-0.));
#1988=VECTOR('',#1987,3.);
#1989=LINE('',#1986,#1988);
#1990=EDGE_CURVE('',#405,#995,#1989,.T.);
#1991=ORIENTED_EDGE('',*,*,#1990,.F.);
#1992=ORIENTED_EDGE('',*,*,#410,.F.);
#1993=CARTESIAN_POINT('',(33.3225,0.,75.9972));
#1994=DIRECTION('',(0.,1.,0.));
#1995=VECTOR('',#1994,3.);
#1996=LINE('',#1993,#1995);
#1997=EDGE_CURVE('',#397,#993,#1996,.T.);
#1998=ORIENTED_EDGE('',*,*,#1997,.T.);
#1999=EDGE_LOOP('',(#1985,#1991,#1992,#1998));
#2000=FACE_BOUND('',#1999,.T.);
#2001=ADVANCED_FACE('',(#2000),#1984,.F.);
#2002=CARTESIAN_POINT('',(34.91,0.,90.9972));
#2003=DIRECTION('',(0.,0.,1.));
#2004=DIRECTION('',(0.,-1.,0.));
#2005=AXIS2_PLACEMENT_3D('',#2002,#2003,#2004);
#2006=PLANE('',#2005);
#2007=ORIENTED_EDGE('',*,*,#1022,.T.);
#2008=CARTESIAN_POINT('',(36.4975,0.,90.9972));
#2009=DIRECTION('',(0.,1.,0.));
#2010=VECTOR('',#2009,3.);
#2011=LINE('',#2008,#2010);
#2012=EDGE_CURVE('',#413,#1011,#2011,.T.);
#2013=ORIENTED_EDGE('',*,*,#2012,.F.);
#2014=ORIENTED_EDGE('',*,*,#418,.F.);
#2015=ORIENTED_EDGE('',*,*,#1990,.T.);
#2016=EDGE_LOOP('',(#2007,#2013,#2014,#2015));
#2017=FACE_BOUND('',#2016,.T.);
#2018=ADVANCED_FACE('',(#2017),#2006,.F.);
#2019=CARTESIAN_POINT('',(36.4975,0.,83.4972));
#2020=DIRECTION('',(1.,0.,0.));
#2021=DIRECTION('',(0.,0.,-1.));
#2022=AXIS2_PLACEMENT_3D('',#2019,#2020,#2021);
#2023=PLANE('',#2022);
#2024=ORIENTED_EDGE('',*,*,#1016,.T.);
#2025=CARTESIAN_POINT('',(36.4975,0.,75.9972));
#2026=DIRECTION('',(0.,1.,0.));
#2027=VECTOR('',#2026,3.);
#2028=LINE('',#2025,#2027);
#2029=EDGE_CURVE('',#395,#1003,#2028,.T.);
#2030=ORIENTED_EDGE('',*,*,#2029,.F.);
#2031=ORIENTED_EDGE('',*,*,#424,.F.);
#2032=ORIENTED_EDGE('',*,*,#2012,.T.);
#2033=EDGE_LOOP('',(#2024,#2030,#2031,#2032));
#2034=FACE_BOUND('',#2033,.T.);
#2035=ADVANCED_FACE('',(#2034),#2023,.F.);
#2036=CARTESIAN_POINT('',(34.91,0.,75.9972));
#2037=DIRECTION('',(0.,0.,-1.));
#2038=DIRECTION('',(0.,1.,0.));
#2039=AXIS2_PLACEMENT_3D('',#2036,#2037,#2038);
#2040=PLANE('',#2039);
#2041=ORIENTED_EDGE('',*,*,#1008,.T.);
#2042=ORIENTED_EDGE('',*,*,#1997,.F.);
#2043=ORIENTED_EDGE('',*,*,#402,.F.);
#2044=ORIENTED_EDGE('',*,*,#2029,.T.);
#2045=EDGE_LOOP('',(#2041,#2042,#2043,#2044));
#2046=FACE_BOUND('',#2045,.T.);
#2047=ADVANCED_FACE('',(#2046),#2040,.F.);
#2048=CARTESIAN_POINT('',(101.9225,0.,83.4972));
#2049=DIRECTION('',(-1.,0.,0.));
#2050=DIRECTION('',(0.,0.,1.));
#2051=AXIS2_PLACEMENT_3D('',#2048,#2049,#2050);
#2052=PLANE('',#2051);
#2053=ORIENTED_EDGE('',*,*,#966,.T.);
#2054=CARTESIAN_POINT('',(101.9225,0.,90.9972));
#2055=DIRECTION('',(0.,1.,0.));
#2056=VECTOR('',#2055,3.);
#2057=LINE('',#2054,#2056);
#2058=EDGE_CURVE('',#371,#961,#2057,.T.);
#2059=ORIENTED_EDGE('',*,*,#2058,.F.);
#2060=ORIENTED_EDGE('',*,*,#376,.F.);
#2061=CARTESIAN_POINT('',(101.9225,0.,75.9972));
#2062=DIRECTION('',(0.,1.,0.));
#2063=VECTOR('',#2062,3.);
#2064=LINE('',#2061,#2063);
#2065=EDGE_CURVE('',#363,#959,#2064,.T.);
#2066=ORIENTED_EDGE('',*,*,#2065,.T.);
#2067=EDGE_LOOP('',(#2053,#2059,#2060,#2066));
#2068=FACE_BOUND('',#2067,.T.);
#2069=ADVANCED_FACE('',(#2068),#2052,.F.);
#2070=CARTESIAN_POINT('',(103.51,0.,90.9972));
#2071=DIRECTION('',(0.,0.,1.));
#2072=DIRECTION('',(1.,0.,0.));
#2073=AXIS2_PLACEMENT_3D('',#2070,#2071,#2072);
#2074=PLANE('',#2073);
#2075=ORIENTED_EDGE('',*,*,#988,.T.);
#2076=CARTESIAN_POINT('',(105.0975,0.,90.9972));
#2077=DIRECTION('',(0.,1.,0.));
#2078=VECTOR('',#2077,3.);
#2079=LINE('',#2076,#2078);
#2080=EDGE_CURVE('',#379,#977,#2079,.T.);
#2081=ORIENTED_EDGE('',*,*,#2080,.F.);
#2082=ORIENTED_EDGE('',*,*,#384,.F.);
#2083=ORIENTED_EDGE('',*,*,#2058,.T.);
#2084=EDGE_LOOP('',(#2075,#2081,#2082,#2083));
#2085=FACE_BOUND('',#2084,.T.);
#2086=ADVANCED_FACE('',(#2085),#2074,.F.);
#2087=CARTESIAN_POINT('',(105.0975,0.,83.4972));
#2088=DIRECTION('',(1.,0.,0.));
#2089=DIRECTION('',(0.,0.,-1.));
#2090=AXIS2_PLACEMENT_3D('',#2087,#2088,#2089);
#2091=PLANE('',#2090);
#2092=ORIENTED_EDGE('',*,*,#982,.T.);
#2093=CARTESIAN_POINT('',(105.0975,0.,75.9972));
#2094=DIRECTION('',(0.,1.,0.));
#2095=VECTOR('',#2094,3.);
#2096=LINE('',#2093,#2095);
#2097=EDGE_CURVE('',#361,#969,#2096,.T.);
#2098=ORIENTED_EDGE('',*,*,#2097,.F.);
#2099=ORIENTED_EDGE('',*,*,#390,.F.);
#2100=ORIENTED_EDGE('',*,*,#2080,.T.);
#2101=EDGE_LOOP('',(#2092,#2098,#2099,#2100));
#2102=FACE_BOUND('',#2101,.T.);
#2103=ADVANCED_FACE('',(#2102),#2091,.F.);
#2104=CARTESIAN_POINT('',(103.51,0.,75.9972));
#2105=DIRECTION('',(0.,0.,-1.));
#2106=DIRECTION('',(-1.,0.,0.));
#2107=AXIS2_PLACEMENT_3D('',#2104,#2105,#2106);
#2108=PLANE('',#2107);
#2109=ORIENTED_EDGE('',*,*,#974,.T.);
#2110=ORIENTED_EDGE('',*,*,#2065,.F.);
#2111=ORIENTED_EDGE('',*,*,#368,.F.);
#2112=ORIENTED_EDGE('',*,*,#2097,.T.);
#2113=EDGE_LOOP('',(#2109,#2110,#2111,#2112));
#2114=FACE_BOUND('',#2113,.T.);
#2115=ADVANCED_FACE('',(#2114),#2108,.F.);
#2116=CARTESIAN_POINT('',(-5.2775,0.,83.637040429));
#2117=DIRECTION('',(1.,0.,0.));
#2118=DIRECTION('',(0.,0.,-1.));
#2119=AXIS2_PLACEMENT_3D('',#2116,#2117,#2118);
#2120=PLANE('',#2119);
#2121=CARTESIAN_POINT('',(-5.2775,0.,57.4972));
#2122=DIRECTION('',(0.,1.,0.));
#2123=VECTOR('',#2122,3.);
#2124=LINE('',#2121,#2123);
#2125=EDGE_CURVE('',#713,#1311,#2124,.T.);
#2126=ORIENTED_EDGE('',*,*,#2125,.F.);
#2127=ORIENTED_EDGE('',*,*,#720,.T.);
#2128=CARTESIAN_POINT('',(-5.2775,0.,27.4972));
#2129=DIRECTION('',(0.,1.,0.));
#2130=VECTOR('',#2129,3.);
#2131=LINE('',#2128,#2130);
#2132=EDGE_CURVE('',#715,#1321,#2131,.T.);
#2133=ORIENTED_EDGE('',*,*,#2132,.T.);
#2134=ORIENTED_EDGE('',*,*,#1326,.F.);
#2135=EDGE_LOOP('',(#2126,#2127,#2133,#2134));
#2136=FACE_BOUND('',#2135,.T.);
#2137=ADVANCED_FACE('',(#2136),#2120,.T.);
#2138=CARTESIAN_POINT('',(-5.2775,0.,57.4972));
#2139=DIRECTION('',(0.,1.,0.));
#2140=DIRECTION('',(0.,-0.,1.));
#2141=AXIS2_PLACEMENT_3D('',#2138,#2139,#2140);
#2142=CYLINDRICAL_SURFACE('',#2141,3.175);
#2143=ORIENTED_EDGE('',*,*,#860,.F.);
#2144=CARTESIAN_POINT('',(-8.4525,0.,57.4972));
#2145=DIRECTION('',(0.,1.,0.));
#2146=VECTOR('',#2145,3.);
#2147=LINE('',#2144,#2146);
#2148=EDGE_CURVE('',#319,#846,#2147,.T.);
#2149=ORIENTED_EDGE('',*,*,#2148,.F.);
#2150=ORIENTED_EDGE('',*,*,#325,.T.);
#2151=CARTESIAN_POINT('',(-5.2775,0.,60.6722));
#2152=DIRECTION('',(0.,1.,0.));
#2153=VECTOR('',#2152,3.);
#2154=LINE('',#2151,#2153);
#2155=EDGE_CURVE('',#311,#854,#2154,.T.);
#2156=ORIENTED_EDGE('',*,*,#2155,.T.);
#2157=EDGE_LOOP('',(#2143,#2149,#2150,#2156));
#2158=FACE_BOUND('',#2157,.T.);
#2159=ADVANCED_FACE('',(#2158),#2142,.T.);
#2160=CARTESIAN_POINT('',(-5.2775,0.,27.4972));
#2161=DIRECTION('',(0.,1.,0.));
#2162=DIRECTION('',(0.,-0.,1.));
#2163=AXIS2_PLACEMENT_3D('',#2160,#2161,#2162);
#2164=CYLINDRICAL_SURFACE('',#2163,3.175);
#2165=ORIENTED_EDGE('',*,*,#843,.F.);
#2166=CARTESIAN_POINT('',(-5.2775,0.,24.3222));
#2167=DIRECTION('',(0.,1.,0.));
#2168=VECTOR('',#2167,3.);
#2169=LINE('',#2166,#2168);
#2170=EDGE_CURVE('',#336,#829,#2169,.T.);
#2171=ORIENTED_EDGE('',*,*,#2170,.F.);
#2172=ORIENTED_EDGE('',*,*,#342,.T.);
#2173=CARTESIAN_POINT('',(-8.4525,0.,27.4972));
#2174=DIRECTION('',(0.,1.,0.));
#2175=VECTOR('',#2174,3.);
#2176=LINE('',#2173,#2175);
#2177=EDGE_CURVE('',#328,#837,#2176,.T.);
#2178=ORIENTED_EDGE('',*,*,#2177,.T.);
#2179=EDGE_LOOP('',(#2165,#2171,#2172,#2178));
#2180=FACE_BOUND('',#2179,.T.);
#2181=ADVANCED_FACE('',(#2180),#2164,.T.);
#2182=CARTESIAN_POINT('',(-8.4525,0.,42.4972));
#2183=DIRECTION('',(-1.,0.,0.));
#2184=DIRECTION('',(0.,0.,1.));
#2185=AXIS2_PLACEMENT_3D('',#2182,#2183,#2184);
#2186=PLANE('',#2185);
#2187=ORIENTED_EDGE('',*,*,#851,.F.);
#2188=ORIENTED_EDGE('',*,*,#2177,.F.);
#2189=ORIENTED_EDGE('',*,*,#333,.T.);
#2190=ORIENTED_EDGE('',*,*,#2148,.T.);
#2191=EDGE_LOOP('',(#2187,#2188,#2189,#2190));
#2192=FACE_BOUND('',#2191,.T.);
#2193=ADVANCED_FACE('',(#2192),#2186,.T.);
#2194=CARTESIAN_POINT('',(-5.2775,0.,-1.23985));
#2195=DIRECTION('',(1.,0.,0.));
#2196=DIRECTION('',(0.,0.,-1.));
#2197=AXIS2_PLACEMENT_3D('',#2194,#2195,#2196);
#2198=PLANE('',#2197);
#2199=ORIENTED_EDGE('',*,*,#350,.F.);
#2200=ORIENTED_EDGE('',*,*,#2170,.T.);
#2201=ORIENTED_EDGE('',*,*,#834,.T.);
#2202=CARTESIAN_POINT('',(-5.2775,-18.,-11.33655));
#2203=VERTEX_POINT('',#2202);
#2204=CARTESIAN_POINT('',(-5.2775,-18.,-11.33655));
#2205=DIRECTION('',(-0.,1.,-0.));
#2206=VECTOR('',#2205,21.);
#2207=LINE('',#2204,#2206);
#2208=EDGE_CURVE('',#2203,#821,#2207,.T.);
#2209=ORIENTED_EDGE('',*,*,#2208,.F.);
#2210=CARTESIAN_POINT('',(-5.2775,-22.,-7.33655));
#2211=VERTEX_POINT('',#2210);
#2212=CARTESIAN_POINT('',(-5.2775,-18.,-11.33655));
#2213=DIRECTION('',(0.,-0.707106781,0.707106781));
#2214=VECTOR('',#2213,5.656854249);
#2215=LINE('',#2212,#2214);
#2216=EDGE_CURVE('',#2203,#2211,#2215,.T.);
#2217=ORIENTED_EDGE('',*,*,#2216,.T.);
#2218=CARTESIAN_POINT('',(-5.2775,-22.,-7.33655));
#2219=DIRECTION('',(0.,1.,0.));
#2220=VECTOR('',#2219,22.);
#2221=LINE('',#2218,#2220);
#2222=EDGE_CURVE('',#2211,#345,#2221,.T.);
#2223=ORIENTED_EDGE('',*,*,#2222,.T.);
#2224=EDGE_LOOP('',(#2199,#2200,#2201,#2209,#2217,#2223));
#2225=FACE_BOUND('',#2224,.T.);
#2226=ADVANCED_FACE('',(#2225),#2198,.F.);
#2227=CARTESIAN_POINT('',(177.9975,0.,113.45));
#2228=DIRECTION('',(-1.,0.,0.));
#2229=DIRECTION('',(0.,0.,1.));
#2230=AXIS2_PLACEMENT_3D('',#2227,#2228,#2229);
#2231=PLANE('',#2230);
#2232=ORIENTED_EDGE('',*,*,#196,.F.);
#2233=ORIENTED_EDGE('',*,*,#237,.F.);
#2234=CARTESIAN_POINT('',(177.9975,-22.,-7.33655));
#2235=VERTEX_POINT('',#2234);
#2236=CARTESIAN_POINT('',(177.9975,-22.,-7.33655));
#2237=DIRECTION('',(0.,1.,0.));
#2238=VECTOR('',#2237,22.);
#2239=LINE('',#2236,#2238);
#2240=EDGE_CURVE('',#2235,#232,#2239,.T.);
#2241=ORIENTED_EDGE('',*,*,#2240,.F.);
#2242=CARTESIAN_POINT('',(177.9975,-18.,-11.33655));
#2243=VERTEX_POINT('',#2242);
#2244=CARTESIAN_POINT('',(177.9975,-22.,-7.33655));
#2245=DIRECTION('',(0.,0.707106781,-0.707106781));
#2246=VECTOR('',#2245,5.656854249);
#2247=LINE('',#2244,#2246);
#2248=EDGE_CURVE('',#2235,#2243,#2247,.T.);
#2249=ORIENTED_EDGE('',*,*,#2248,.T.);
#2250=CARTESIAN_POINT('',(177.9975,-18.,-11.33655));
#2251=DIRECTION('',(0.,1.,0.));
#2252=VECTOR('',#2251,21.);
#2253=LINE('',#2250,#2252);
#2254=EDGE_CURVE('',#2243,#813,#2253,.T.);
#2255=ORIENTED_EDGE('',*,*,#2254,.T.);
#2256=ORIENTED_EDGE('',*,*,#818,.T.);
#2257=EDGE_LOOP('',(#2232,#2233,#2241,#2249,#2255,#2256));
#2258=FACE_BOUND('',#2257,.T.);
#2259=ADVANCED_FACE('',(#2258),#2231,.F.);
#2260=CARTESIAN_POINT('',(-5.2775,0.,-1.23985));
#2261=DIRECTION('',(1.,0.,0.));
#2262=DIRECTION('',(0.,0.,-1.));
#2263=AXIS2_PLACEMENT_3D('',#2260,#2261,#2262);
#2264=PLANE('',#2263);
#2265=ORIENTED_EDGE('',*,*,#2155,.F.);
#2266=ORIENTED_EDGE('',*,*,#316,.F.);
#2267=CARTESIAN_POINT('',(-5.2775,0.,121.7125));
#2268=DIRECTION('',(0.,1.,0.));
#2269=VECTOR('',#2268,3.);
#2270=LINE('',#2267,#2269);
#2271=EDGE_CURVE('',#302,#863,#2270,.T.);
#2272=ORIENTED_EDGE('',*,*,#2271,.T.);
#2273=ORIENTED_EDGE('',*,*,#868,.T.);
#2274=EDGE_LOOP('',(#2265,#2266,#2272,#2273));
#2275=FACE_BOUND('',#2274,.T.);
#2276=ADVANCED_FACE('',(#2275),#2264,.F.);
#2277=CARTESIAN_POINT('',(86.72,0.,7.66355));
#2278=DIRECTION('',(0.,0.,-1.));
#2279=DIRECTION('',(0.,1.,0.));
#2280=AXIS2_PLACEMENT_3D('',#2277,#2278,#2279);
#2281=PLANE('',#2280);
#2282=ORIENTED_EDGE('',*,*,#1360,.F.);
#2283=CARTESIAN_POINT('',(173.9975,0.,7.66355));
#2284=DIRECTION('',(0.,1.,0.));
#2285=VECTOR('',#2284,3.);
#2286=LINE('',#2283,#2285);
#2287=EDGE_CURVE('',#747,#1347,#2286,.T.);
#2288=ORIENTED_EDGE('',*,*,#2287,.F.);
#2289=ORIENTED_EDGE('',*,*,#754,.T.);
#2290=CARTESIAN_POINT('',(-1.2775,0.,7.66355));
#2291=DIRECTION('',(0.,1.,0.));
#2292=VECTOR('',#2291,3.);
#2293=LINE('',#2290,#2292);
#2294=EDGE_CURVE('',#749,#1355,#2293,.T.);
#2295=ORIENTED_EDGE('',*,*,#2294,.T.);
#2296=EDGE_LOOP('',(#2282,#2288,#2289,#2295));
#2297=FACE_BOUND('',#2296,.T.);
#2298=ADVANCED_FACE('',(#2297),#2281,.T.);
#2299=CARTESIAN_POINT('',(173.9975,0.,2.66355));
#2300=DIRECTION('',(-1.,0.,0.));
#2301=DIRECTION('',(0.,0.,1.));
#2302=AXIS2_PLACEMENT_3D('',#2299,#2300,#2301);
#2303=PLANE('',#2302);
#2304=ORIENTED_EDGE('',*,*,#1352,.F.);
#2305=CARTESIAN_POINT('',(173.9975,0.,-2.33645));
#2306=DIRECTION('',(-0.,1.,-0.));
#2307=VECTOR('',#2306,3.);
#2308=LINE('',#2305,#2307);
#2309=EDGE_CURVE('',#757,#1345,#2308,.T.);
#2310=ORIENTED_EDGE('',*,*,#2309,.F.);
#2311=ORIENTED_EDGE('',*,*,#762,.T.);
#2312=ORIENTED_EDGE('',*,*,#2287,.T.);
#2313=EDGE_LOOP('',(#2304,#2310,#2311,#2312));
#2314=FACE_BOUND('',#2313,.T.);
#2315=ADVANCED_FACE('',(#2314),#2303,.T.);
#2316=CARTESIAN_POINT('',(86.72,0.,-2.33645));
#2317=DIRECTION('',(0.,0.,1.));
#2318=DIRECTION('',(0.,-1.,0.));
#2319=AXIS2_PLACEMENT_3D('',#2316,#2317,#2318);
#2320=PLANE('',#2319);
#2321=ORIENTED_EDGE('',*,*,#1374,.F.);
#2322=CARTESIAN_POINT('',(-1.2775,0.,-2.33645));
#2323=DIRECTION('',(0.,1.,0.));
#2324=VECTOR('',#2323,3.);
#2325=LINE('',#2322,#2324);
#2326=EDGE_CURVE('',#765,#1363,#2325,.T.);
#2327=ORIENTED_EDGE('',*,*,#2326,.F.);
#2328=ORIENTED_EDGE('',*,*,#770,.T.);
#2329=ORIENTED_EDGE('',*,*,#2309,.T.);
#2330=EDGE_LOOP('',(#2321,#2327,#2328,#2329));
#2331=FACE_BOUND('',#2330,.T.);
#2332=ADVANCED_FACE('',(#2331),#2320,.T.);
#2333=CARTESIAN_POINT('',(-1.2775,0.,2.66355));
#2334=DIRECTION('',(1.,0.,0.));
#2335=DIRECTION('',(0.,0.,-1.));
#2336=AXIS2_PLACEMENT_3D('',#2333,#2334,#2335);
#2337=PLANE('',#2336);
#2338=ORIENTED_EDGE('',*,*,#1368,.F.);
#2339=ORIENTED_EDGE('',*,*,#2294,.F.);
#2340=ORIENTED_EDGE('',*,*,#776,.T.);
#2341=ORIENTED_EDGE('',*,*,#2326,.T.);
#2342=EDGE_LOOP('',(#2338,#2339,#2340,#2341));
#2343=FACE_BOUND('',#2342,.T.);
#2344=ADVANCED_FACE('',(#2343),#2337,.T.);
#2345=CARTESIAN_POINT('',(-3.7775,0.,57.4972));
#2346=DIRECTION('',(0.,0.,1.));
#2347=DIRECTION('',(1.,0.,0.));
#2348=AXIS2_PLACEMENT_3D('',#2345,#2346,#2347);
#2349=PLANE('',#2348);
#2350=ORIENTED_EDGE('',*,*,#1318,.T.);
#2351=CARTESIAN_POINT('',(-2.2775,0.,57.4972));
#2352=DIRECTION('',(0.,1.,0.));
#2353=VECTOR('',#2352,3.);
#2354=LINE('',#2351,#2353);
#2355=EDGE_CURVE('',#723,#1313,#2354,.T.);
#2356=ORIENTED_EDGE('',*,*,#2355,.F.);
#2357=ORIENTED_EDGE('',*,*,#728,.F.);
#2358=ORIENTED_EDGE('',*,*,#2125,.T.);
#2359=EDGE_LOOP('',(#2350,#2356,#2357,#2358));
#2360=FACE_BOUND('',#2359,.T.);
#2361=ADVANCED_FACE('',(#2360),#2349,.F.);
#2362=CARTESIAN_POINT('',(-2.2775,0.,42.4972));
#2363=DIRECTION('',(1.,0.,0.));
#2364=DIRECTION('',(0.,0.,-1.));
#2365=AXIS2_PLACEMENT_3D('',#2362,#2363,#2364);
#2366=PLANE('',#2365);
#2367=ORIENTED_EDGE('',*,*,#1340,.T.);
#2368=CARTESIAN_POINT('',(-2.2775,0.,27.4972));
#2369=DIRECTION('',(0.,1.,0.));
#2370=VECTOR('',#2369,3.);
#2371=LINE('',#2368,#2370);
#2372=EDGE_CURVE('',#731,#1329,#2371,.T.);
#2373=ORIENTED_EDGE('',*,*,#2372,.F.);
#2374=ORIENTED_EDGE('',*,*,#736,.F.);
#2375=ORIENTED_EDGE('',*,*,#2355,.T.);
#2376=EDGE_LOOP('',(#2367,#2373,#2374,#2375));
#2377=FACE_BOUND('',#2376,.T.);
#2378=ADVANCED_FACE('',(#2377),#2366,.F.);
#2379=CARTESIAN_POINT('',(-3.7775,0.,27.4972));
#2380=DIRECTION('',(0.,0.,-1.));
#2381=DIRECTION('',(-1.,0.,0.));
#2382=AXIS2_PLACEMENT_3D('',#2379,#2380,#2381);
#2383=PLANE('',#2382);
#2384=ORIENTED_EDGE('',*,*,#1334,.T.);
#2385=ORIENTED_EDGE('',*,*,#2132,.F.);
#2386=ORIENTED_EDGE('',*,*,#742,.F.);
#2387=ORIENTED_EDGE('',*,*,#2372,.T.);
#2388=EDGE_LOOP('',(#2384,#2385,#2386,#2387));
#2389=FACE_BOUND('',#2388,.T.);
#2390=ADVANCED_FACE('',(#2389),#2383,.F.);
#2391=CARTESIAN_POINT('',(174.9975,0.,42.4972));
#2392=DIRECTION('',(1.,0.,0.));
#2393=DIRECTION('',(0.,0.,-1.));
#2394=AXIS2_PLACEMENT_3D('',#2391,#2392,#2393);
#2395=PLANE('',#2394);
#2396=ORIENTED_EDGE('',*,*,#807,.F.);
#2397=CARTESIAN_POINT('',(174.9975,0.,57.4972));
#2398=DIRECTION('',(0.,1.,0.));
#2399=VECTOR('',#2398,3.);
#2400=LINE('',#2397,#2399);
#2401=EDGE_CURVE('',#216,#796,#2400,.T.);
#2402=ORIENTED_EDGE('',*,*,#2401,.F.);
#2403=ORIENTED_EDGE('',*,*,#221,.T.);
#2404=CARTESIAN_POINT('',(174.9975,0.,27.4972));
#2405=DIRECTION('',(0.,1.,0.));
#2406=VECTOR('',#2405,3.);
#2407=LINE('',#2404,#2406);
#2408=EDGE_CURVE('',#208,#787,#2407,.T.);
#2409=ORIENTED_EDGE('',*,*,#2408,.T.);
#2410=EDGE_LOOP('',(#2396,#2402,#2403,#2409));
#2411=FACE_BOUND('',#2410,.T.);
#2412=ADVANCED_FACE('',(#2411),#2395,.T.);
#2413=CARTESIAN_POINT('',(176.4975,0.,57.4972));
#2414=DIRECTION('',(0.,0.,-1.));
#2415=DIRECTION('',(-1.,0.,0.));
#2416=AXIS2_PLACEMENT_3D('',#2413,#2414,#2415);
#2417=PLANE('',#2416);
#2418=ORIENTED_EDGE('',*,*,#801,.F.);
#2419=ORIENTED_EDGE('',*,*,#84,.F.);
#2420=ORIENTED_EDGE('',*,*,#227,.T.);
#2421=ORIENTED_EDGE('',*,*,#2401,.T.);
#2422=EDGE_LOOP('',(#2418,#2419,#2420,#2421));
#2423=FACE_BOUND('',#2422,.T.);
#2424=ADVANCED_FACE('',(#2423),#2417,.T.);
#2425=CARTESIAN_POINT('',(176.4975,0.,27.4972));
#2426=DIRECTION('',(0.,0.,1.));
#2427=DIRECTION('',(1.,0.,0.));
#2428=AXIS2_PLACEMENT_3D('',#2425,#2426,#2427);
#2429=PLANE('',#2428);
#2430=ORIENTED_EDGE('',*,*,#792,.F.);
#2431=ORIENTED_EDGE('',*,*,#2408,.F.);
#2432=ORIENTED_EDGE('',*,*,#213,.T.);
#2433=ORIENTED_EDGE('',*,*,#68,.T.);
#2434=EDGE_LOOP('',(#2430,#2431,#2432,#2433));
#2435=FACE_BOUND('',#2434,.T.);
#2436=ADVANCED_FACE('',(#2435),#2429,.T.);
#2437=CARTESIAN_POINT('',(86.36,-5.,-7.33655));
#2438=DIRECTION('',(0.,0.,-1.));
#2439=DIRECTION('',(0.,1.,0.));
#2440=AXIS2_PLACEMENT_3D('',#2437,#2438,#2439);
#2441=PLANE('',#2440);
#2442=ORIENTED_EDGE('',*,*,#356,.F.);
#2443=ORIENTED_EDGE('',*,*,#2222,.F.);
#2444=CARTESIAN_POINT('',(177.9975,-22.,-7.33655));
#2445=DIRECTION('',(-1.,0.,0.));
#2446=VECTOR('',#2445,183.275);
#2447=LINE('',#2444,#2446);
#2448=EDGE_CURVE('',#2235,#2211,#2447,.T.);
#2449=ORIENTED_EDGE('',*,*,#2448,.F.);
#2450=ORIENTED_EDGE('',*,*,#2240,.T.);
#2451=EDGE_LOOP('',(#2442,#2443,#2449,#2450));
#2452=FACE_BOUND('',#2451,.T.);
#2453=CARTESIAN_POINT('',(67.612784167,-9.953999846,-7.33655));
#2454=VERTEX_POINT('',#2453);
#2455=CARTESIAN_POINT('',(69.212784167,-8.353999846,-7.33655));
#2456=VERTEX_POINT('',#2455);
#2457=CARTESIAN_POINT('',(69.212784167,-9.953999846,-7.33655));
#2458=DIRECTION('',(0.,0.,-1.));
#2459=DIRECTION('',(-1.,0.,0.));
#2460=AXIS2_PLACEMENT_3D('',#2457,#2458,#2459);
#2461=CIRCLE('',#2460,1.6);
#2462=EDGE_CURVE('',#2454,#2456,#2461,.T.);
#2463=ORIENTED_EDGE('',*,*,#2462,.T.);
#2464=CARTESIAN_POINT('',(69.212784167,-9.953999846,-7.33655));
#2465=DIRECTION('',(0.,0.,-1.));
#2466=DIRECTION('',(-1.,0.,0.));
#2467=AXIS2_PLACEMENT_3D('',#2464,#2465,#2466);
#2468=CIRCLE('',#2467,1.6);
#2469=EDGE_CURVE('',#2456,#2454,#2468,.T.);
#2470=ORIENTED_EDGE('',*,*,#2469,.T.);
#2471=EDGE_LOOP('',(#2463,#2470));
#2472=FACE_BOUND('',#2471,.T.);
#2473=CARTESIAN_POINT('',(168.073799167,-9.953999875,-7.33655));
#2474=VERTEX_POINT('',#2473);
#2475=CARTESIAN_POINT('',(169.673799167,-8.353999875,-7.33655));
#2476=VERTEX_POINT('',#2475);
#2477=CARTESIAN_POINT('',(169.673799167,-9.953999875,-7.33655));
#2478=DIRECTION('',(0.,0.,-1.));
#2479=DIRECTION('',(-1.,0.,0.));
#2480=AXIS2_PLACEMENT_3D('',#2477,#2478,#2479);
#2481=CIRCLE('',#2480,1.6);
#2482=EDGE_CURVE('',#2474,#2476,#2481,.T.);
#2483=ORIENTED_EDGE('',*,*,#2482,.T.);
#2484=CARTESIAN_POINT('',(169.673799167,-9.953999875,-7.33655));
#2485=DIRECTION('',(0.,0.,-1.));
#2486=DIRECTION('',(-1.,0.,0.));
#2487=AXIS2_PLACEMENT_3D('',#2484,#2485,#2486);
#2488=CIRCLE('',#2487,1.6);
#2489=EDGE_CURVE('',#2476,#2474,#2488,.T.);
#2490=ORIENTED_EDGE('',*,*,#2489,.T.);
#2491=EDGE_LOOP('',(#2483,#2490));
#2492=FACE_BOUND('',#2491,.T.);
#2493=CARTESIAN_POINT('',(1.445784167,-9.953999846,-7.33655));
#2494=VERTEX_POINT('',#2493);
#2495=CARTESIAN_POINT('',(3.045784167,-8.353999846,-7.33655));
#2496=VERTEX_POINT('',#2495);
#2497=CARTESIAN_POINT('',(3.045784167,-9.953999846,-7.33655));
#2498=DIRECTION('',(0.,0.,-1.));
#2499=DIRECTION('',(-1.,0.,0.));
#2500=AXIS2_PLACEMENT_3D('',#2497,#2498,#2499);
#2501=CIRCLE('',#2500,1.6);
#2502=EDGE_CURVE('',#2494,#2496,#2501,.T.);
#2503=ORIENTED_EDGE('',*,*,#2502,.T.);
#2504=CARTESIAN_POINT('',(3.045784167,-9.953999846,-7.33655));
#2505=DIRECTION('',(0.,0.,-1.));
#2506=DIRECTION('',(-1.,0.,0.));
#2507=AXIS2_PLACEMENT_3D('',#2504,#2505,#2506);
#2508=CIRCLE('',#2507,1.6);
#2509=EDGE_CURVE('',#2496,#2494,#2508,.T.);
#2510=ORIENTED_EDGE('',*,*,#2509,.T.);
#2511=EDGE_LOOP('',(#2503,#2510));
#2512=FACE_BOUND('',#2511,.T.);
#2513=ADVANCED_FACE('',(#2452,#2472,#2492,#2512),#2441,.F.);
#2514=CARTESIAN_POINT('',(86.36,-5.,-11.33655));
#2515=DIRECTION('',(0.,0.,1.));
#2516=DIRECTION('',(0.,-1.,0.));
#2517=AXIS2_PLACEMENT_3D('',#2514,#2515,#2516);
#2518=PLANE('',#2517);
#2519=CARTESIAN_POINT('',(69.212784167,-8.353999846,-11.33655));
#2520=VERTEX_POINT('',#2519);
#2521=CARTESIAN_POINT('',(67.612784167,-9.953999846,-11.33655));
#2522=VERTEX_POINT('',#2521);
#2523=CARTESIAN_POINT('',(69.212784167,-9.953999846,-11.33655));
#2524=DIRECTION('',(0.,0.,-1.));
#2525=DIRECTION('',(-1.,0.,0.));
#2526=AXIS2_PLACEMENT_3D('',#2523,#2524,#2525);
#2527=CIRCLE('',#2526,1.6);
#2528=EDGE_CURVE('',#2520,#2522,#2527,.T.);
#2529=ORIENTED_EDGE('',*,*,#2528,.F.);
#2530=CARTESIAN_POINT('',(69.212784167,-9.953999846,-11.33655));
#2531=DIRECTION('',(0.,0.,-1.));
#2532=DIRECTION('',(-1.,0.,0.));
#2533=AXIS2_PLACEMENT_3D('',#2530,#2531,#2532);
#2534=CIRCLE('',#2533,1.6);
#2535=EDGE_CURVE('',#2522,#2520,#2534,.T.);
#2536=ORIENTED_EDGE('',*,*,#2535,.F.);
#2537=EDGE_LOOP('',(#2529,#2536));
#2538=FACE_BOUND('',#2537,.T.);
#2539=CARTESIAN_POINT('',(169.673799167,-8.353999875,-11.33655));
#2540=VERTEX_POINT('',#2539);
#2541=CARTESIAN_POINT('',(168.073799167,-9.953999875,-11.33655));
#2542=VERTEX_POINT('',#2541);
#2543=CARTESIAN_POINT('',(169.673799167,-9.953999875,-11.33655));
#2544=DIRECTION('',(0.,0.,-1.));
#2545=DIRECTION('',(-1.,0.,0.));
#2546=AXIS2_PLACEMENT_3D('',#2543,#2544,#2545);
#2547=CIRCLE('',#2546,1.6);
#2548=EDGE_CURVE('',#2540,#2542,#2547,.T.);
#2549=ORIENTED_EDGE('',*,*,#2548,.F.);
#2550=CARTESIAN_POINT('',(169.673799167,-9.953999875,-11.33655));
#2551=DIRECTION('',(0.,0.,-1.));
#2552=DIRECTION('',(-1.,0.,0.));
#2553=AXIS2_PLACEMENT_3D('',#2550,#2551,#2552);
#2554=CIRCLE('',#2553,1.6);
#2555=EDGE_CURVE('',#2542,#2540,#2554,.T.);
#2556=ORIENTED_EDGE('',*,*,#2555,.F.);
#2557=EDGE_LOOP('',(#2549,#2556));
#2558=FACE_BOUND('',#2557,.T.);
#2559=CARTESIAN_POINT('',(3.045784167,-8.353999846,-11.33655));
#2560=VERTEX_POINT('',#2559);
#2561=CARTESIAN_POINT('',(1.445784167,-9.953999846,-11.33655));
#2562=VERTEX_POINT('',#2561);
#2563=CARTESIAN_POINT('',(3.045784167,-9.953999846,-11.33655));
#2564=DIRECTION('',(0.,0.,-1.));
#2565=DIRECTION('',(-1.,0.,0.));
#2566=AXIS2_PLACEMENT_3D('',#2563,#2564,#2565);
#2567=CIRCLE('',#2566,1.6);
#2568=EDGE_CURVE('',#2560,#2562,#2567,.T.);
#2569=ORIENTED_EDGE('',*,*,#2568,.F.);
#2570=CARTESIAN_POINT('',(3.045784167,-9.953999846,-11.33655));
#2571=DIRECTION('',(0.,0.,-1.));
#2572=DIRECTION('',(-1.,0.,0.));
#2573=AXIS2_PLACEMENT_3D('',#2570,#2571,#2572);
#2574=CIRCLE('',#2573,1.6);
#2575=EDGE_CURVE('',#2562,#2560,#2574,.T.);
#2576=ORIENTED_EDGE('',*,*,#2575,.F.);
#2577=EDGE_LOOP('',(#2569,#2576));
#2578=FACE_BOUND('',#2577,.T.);
#2579=ORIENTED_EDGE('',*,*,#2254,.F.);
#2580=CARTESIAN_POINT('',(177.9975,-18.,-11.33655));
#2581=DIRECTION('',(-1.,-0.,0.));
#2582=VECTOR('',#2581,183.275);
#2583=LINE('',#2580,#2582);
#2584=EDGE_CURVE('',#2243,#2203,#2583,.T.);
#2585=ORIENTED_EDGE('',*,*,#2584,.T.);
#2586=ORIENTED_EDGE('',*,*,#2208,.T.);
#2587=ORIENTED_EDGE('',*,*,#826,.T.);
#2588=EDGE_LOOP('',(#2579,#2585,#2586,#2587));
#2589=FACE_BOUND('',#2588,.T.);
#2590=ADVANCED_FACE('',(#2538,#2558,#2578,#2589),#2518,.F.);
#2591=CARTESIAN_POINT('',(3.045784167,-9.953999846,-7.33655));
#2592=DIRECTION('',(0.,0.,-1.));
#2593=DIRECTION('',(0.,1.,0.));
#2594=AXIS2_PLACEMENT_3D('',#2591,#2592,#2593);
#2595=CYLINDRICAL_SURFACE('',#2594,1.6);
#2596=CARTESIAN_POINT('',(3.045784167,-8.353999846,-11.33655));
#2597=DIRECTION('',(-0.,-0.,1.));
#2598=VECTOR('',#2597,4.);
#2599=LINE('',#2596,#2598);
#2600=EDGE_CURVE('',#2560,#2496,#2599,.T.);
#2601=ORIENTED_EDGE('',*,*,#2600,.F.);
#2602=ORIENTED_EDGE('',*,*,#2568,.T.);
#2603=ORIENTED_EDGE('',*,*,#2575,.T.);
#2604=ORIENTED_EDGE('',*,*,#2600,.T.);
#2605=ORIENTED_EDGE('',*,*,#2502,.F.);
#2606=ORIENTED_EDGE('',*,*,#2509,.F.);
#2607=EDGE_LOOP('',(#2601,#2602,#2603,#2604,#2605,#2606));
#2608=FACE_BOUND('',#2607,.T.);
#2609=ADVANCED_FACE('',(#2608),#2595,.F.);
#2610=CARTESIAN_POINT('',(169.673799167,-9.953999875,-7.33655));
#2611=DIRECTION('',(0.,0.,-1.));
#2612=DIRECTION('',(0.,1.,0.));
#2613=AXIS2_PLACEMENT_3D('',#2610,#2611,#2612);
#2614=CYLINDRICAL_SURFACE('',#2613,1.6);
#2615=CARTESIAN_POINT('',(169.673799167,-8.353999875,-11.33655));
#2616=DIRECTION('',(-0.,-0.,1.));
#2617=VECTOR('',#2616,4.);
#2618=LINE('',#2615,#2617);
#2619=EDGE_CURVE('',#2540,#2476,#2618,.T.);
#2620=ORIENTED_EDGE('',*,*,#2619,.F.);
#2621=ORIENTED_EDGE('',*,*,#2548,.T.);
#2622=ORIENTED_EDGE('',*,*,#2555,.T.);
#2623=ORIENTED_EDGE('',*,*,#2619,.T.);
#2624=ORIENTED_EDGE('',*,*,#2482,.F.);
#2625=ORIENTED_EDGE('',*,*,#2489,.F.);
#2626=EDGE_LOOP('',(#2620,#2621,#2622,#2623,#2624,#2625));
#2627=FACE_BOUND('',#2626,.T.);
#2628=ADVANCED_FACE('',(#2627),#2614,.F.);
#2629=CARTESIAN_POINT('',(0.,-22.,-7.33655));
#2630=DIRECTION('',(0.,0.707106781,0.707106781));
#2631=DIRECTION('',(1.,0.,0.));
#2632=AXIS2_PLACEMENT_3D('',#2629,#2630,#2631);
#2633=PLANE('',#2632);
#2634=ORIENTED_EDGE('',*,*,#2216,.F.);
#2635=ORIENTED_EDGE('',*,*,#2584,.F.);
#2636=ORIENTED_EDGE('',*,*,#2248,.F.);
#2637=ORIENTED_EDGE('',*,*,#2448,.T.);
#2638=EDGE_LOOP('',(#2634,#2635,#2636,#2637));
#2639=FACE_BOUND('',#2638,.T.);
#2640=ADVANCED_FACE('',(#2639),#2633,.F.);
#2641=CARTESIAN_POINT('',(69.212784167,-9.953999846,-7.33655));
#2642=DIRECTION('',(0.,0.,-1.));
#2643=DIRECTION('',(0.,1.,0.));
#2644=AXIS2_PLACEMENT_3D('',#2641,#2642,#2643);
#2645=CYLINDRICAL_SURFACE('',#2644,1.6);
#2646=CARTESIAN_POINT('',(69.212784167,-8.353999846,-11.33655));
#2647=DIRECTION('',(-0.,-0.,1.));
#2648=VECTOR('',#2647,4.);
#2649=LINE('',#2646,#2648);
#2650=EDGE_CURVE('',#2520,#2456,#2649,.T.);
#2651=ORIENTED_EDGE('',*,*,#2650,.F.);
#2652=ORIENTED_EDGE('',*,*,#2528,.T.);
#2653=ORIENTED_EDGE('',*,*,#2535,.T.);
#2654=ORIENTED_EDGE('',*,*,#2650,.T.);
#2655=ORIENTED_EDGE('',*,*,#2462,.F.);
#2656=ORIENTED_EDGE('',*,*,#2469,.F.);
#2657=EDGE_LOOP('',(#2651,#2652,#2653,#2654,#2655,#2656));
#2658=FACE_BOUND('',#2657,.T.);
#2659=ADVANCED_FACE('',(#2658),#2645,.F.);
#2660=CARTESIAN_POINT('',(0.,-1.,0.));
#2661=DIRECTION('',(0.,1.,0.));
#2662=DIRECTION('',(0.,0.,1.));
#2663=AXIS2_PLACEMENT_3D('',#2660,#2661,#2662);
#2664=PLANE('',#2663);
#2665=CARTESIAN_POINT('',(135.935,-1.,126.9625));
#2666=VERTEX_POINT('',#2665);
#2667=CARTESIAN_POINT('',(135.935,-1.,124.7125));
#2668=DIRECTION('',(0.,1.,0.));
#2669=DIRECTION('',(0.,-0.,1.));
#2670=AXIS2_PLACEMENT_3D('',#2667,#2668,#2669);
#2671=CIRCLE('',#2670,2.25);
#2672=EDGE_CURVE('',#2666,#2666,#2671,.T.);
#2673=ORIENTED_EDGE('',*,*,#2672,.F.);
#2674=EDGE_LOOP('',(#2673));
#2675=FACE_BOUND('',#2674,.T.);
#2676=CARTESIAN_POINT('',(139.434998368,-1.,126.733225));
#2677=VERTEX_POINT('',#2676);
#2678=CARTESIAN_POINT('',(135.935,-1.,128.75395));
#2679=VERTEX_POINT('',#2678);
#2680=CARTESIAN_POINT('',(139.434998368,-1.,126.733225));
#2681=DIRECTION('',(-0.866025404,0.,0.5));
#2682=VECTOR('',#2681,4.04145);
#2683=LINE('',#2680,#2682);
#2684=EDGE_CURVE('',#2677,#2679,#2683,.T.);
#2685=ORIENTED_EDGE('',*,*,#2684,.F.);
#2686=CARTESIAN_POINT('',(139.434998368,-1.,122.691775));
#2687=VERTEX_POINT('',#2686);
#2688=CARTESIAN_POINT('',(139.434998368,-1.,122.691775));
#2689=DIRECTION('',(0.,0.,1.));
#2690=VECTOR('',#2689,4.04145);
#2691=LINE('',#2688,#2690);
#2692=EDGE_CURVE('',#2687,#2677,#2691,.T.);
#2693=ORIENTED_EDGE('',*,*,#2692,.F.);
#2694=CARTESIAN_POINT('',(135.935,-1.,120.67105));
#2695=VERTEX_POINT('',#2694);
#2696=CARTESIAN_POINT('',(135.935,-1.,120.67105));
#2697=DIRECTION('',(0.866025404,0.,0.5));
#2698=VECTOR('',#2697,4.04145);
#2699=LINE('',#2696,#2698);
#2700=EDGE_CURVE('',#2695,#2687,#2699,.T.);
#2701=ORIENTED_EDGE('',*,*,#2700,.F.);
#2702=CARTESIAN_POINT('',(132.435001632,-1.,122.691775));
#2703=VERTEX_POINT('',#2702);
#2704=CARTESIAN_POINT('',(132.435001632,-1.,122.691775));
#2705=DIRECTION('',(0.866025404,0.,-0.5));
#2706=VECTOR('',#2705,4.04145);
#2707=LINE('',#2704,#2706);
#2708=EDGE_CURVE('',#2703,#2695,#2707,.T.);
#2709=ORIENTED_EDGE('',*,*,#2708,.F.);
#2710=CARTESIAN_POINT('',(132.435001632,-1.,126.733225));
#2711=VERTEX_POINT('',#2710);
#2712=CARTESIAN_POINT('',(132.435001632,-1.,126.733225));
#2713=DIRECTION('',(0.,0.,-1.));
#2714=VECTOR('',#2713,4.04145);
#2715=LINE('',#2712,#2714);
#2716=EDGE_CURVE('',#2711,#2703,#2715,.T.);
#2717=ORIENTED_EDGE('',*,*,#2716,.F.);
#2718=CARTESIAN_POINT('',(135.935,-1.,128.75395));
#2719=DIRECTION('',(-0.866025404,0.,-0.5));
#2720=VECTOR('',#2719,4.04145);
#2721=LINE('',#2718,#2720);
#2722=EDGE_CURVE('',#2679,#2711,#2721,.T.);
#2723=ORIENTED_EDGE('',*,*,#2722,.F.);
#2724=EDGE_LOOP('',(#2685,#2693,#2701,#2709,#2717,#2723));
#2725=FACE_BOUND('',#2724,.T.);
#2726=ADVANCED_FACE('',(#2675,#2725),#2664,.T.);
#2727=CARTESIAN_POINT('',(0.,-1.,0.));
#2728=DIRECTION('',(0.,1.,0.));
#2729=DIRECTION('',(0.,0.,1.));
#2730=AXIS2_PLACEMENT_3D('',#2727,#2728,#2729);
#2731=PLANE('',#2730);
#2732=CARTESIAN_POINT('',(36.785,-1.,126.9625));
#2733=VERTEX_POINT('',#2732);
#2734=CARTESIAN_POINT('',(36.785,-1.,124.7125));
#2735=DIRECTION('',(0.,1.,0.));
#2736=DIRECTION('',(0.,-0.,1.));
#2737=AXIS2_PLACEMENT_3D('',#2734,#2735,#2736);
#2738=CIRCLE('',#2737,2.25);
#2739=EDGE_CURVE('',#2733,#2733,#2738,.T.);
#2740=ORIENTED_EDGE('',*,*,#2739,.F.);
#2741=EDGE_LOOP('',(#2740));
#2742=FACE_BOUND('',#2741,.T.);
#2743=CARTESIAN_POINT('',(33.285001632,-1.,122.691775));
#2744=VERTEX_POINT('',#2743);
#2745=CARTESIAN_POINT('',(33.285001632,-1.,126.733225));
#2746=VERTEX_POINT('',#2745);
#2747=CARTESIAN_POINT('',(33.285001632,-1.,122.691775));
#2748=DIRECTION('',(0.,0.,1.));
#2749=VECTOR('',#2748,4.04145);
#2750=LINE('',#2747,#2749);
#2751=EDGE_CURVE('',#2744,#2746,#2750,.T.);
#2752=ORIENTED_EDGE('',*,*,#2751,.T.);
#2753=CARTESIAN_POINT('',(36.785,-1.,128.75395));
#2754=VERTEX_POINT('',#2753);
#2755=CARTESIAN_POINT('',(33.285001632,-1.,126.733225));
#2756=DIRECTION('',(0.866025404,0.,0.5));
#2757=VECTOR('',#2756,4.04145);
#2758=LINE('',#2755,#2757);
#2759=EDGE_CURVE('',#2746,#2754,#2758,.T.);
#2760=ORIENTED_EDGE('',*,*,#2759,.T.);
#2761=CARTESIAN_POINT('',(40.284998368,-1.,126.733225));
#2762=VERTEX_POINT('',#2761);
#2763=CARTESIAN_POINT('',(36.785,-1.,128.75395));
#2764=DIRECTION('',(0.866025404,0.,-0.5));
#2765=VECTOR('',#2764,4.04145);
#2766=LINE('',#2763,#2765);
#2767=EDGE_CURVE('',#2754,#2762,#2766,.T.);
#2768=ORIENTED_EDGE('',*,*,#2767,.T.);
#2769=CARTESIAN_POINT('',(40.284998368,-1.,122.691775));
#2770=VERTEX_POINT('',#2769);
#2771=CARTESIAN_POINT('',(40.284998368,-1.,126.733225));
#2772=DIRECTION('',(-0.,-0.,-1.));
#2773=VECTOR('',#2772,4.04145);
#2774=LINE('',#2771,#2773);
#2775=EDGE_CURVE('',#2762,#2770,#2774,.T.);
#2776=ORIENTED_EDGE('',*,*,#2775,.T.);
#2777=CARTESIAN_POINT('',(36.785,-1.,120.67105));
#2778=VERTEX_POINT('',#2777);
#2779=CARTESIAN_POINT('',(40.284998368,-1.,122.691775));
#2780=DIRECTION('',(-0.866025404,0.,-0.5));
#2781=VECTOR('',#2780,4.04145);
#2782=LINE('',#2779,#2781);
#2783=EDGE_CURVE('',#2770,#2778,#2782,.T.);
#2784=ORIENTED_EDGE('',*,*,#2783,.T.);
#2785=CARTESIAN_POINT('',(36.785,-1.,120.67105));
#2786=DIRECTION('',(-0.866025404,0.,0.5));
#2787=VECTOR('',#2786,4.04145);
#2788=LINE('',#2785,#2787);
#2789=EDGE_CURVE('',#2778,#2744,#2788,.T.);
#2790=ORIENTED_EDGE('',*,*,#2789,.T.);
#2791=EDGE_LOOP('',(#2752,#2760,#2768,#2776,#2784,#2790));
#2792=FACE_BOUND('',#2791,.T.);
#2793=ADVANCED_FACE('',(#2742,#2792),#2731,.T.);
#2794=CARTESIAN_POINT('',(135.935,0.,124.7125));
#2795=DIRECTION('',(0.,1.,0.));
#2796=DIRECTION('',(0.,-0.,1.));
#2797=AXIS2_PLACEMENT_3D('',#2794,#2795,#2796);
#2798=CYLINDRICAL_SURFACE('',#2797,2.25);
#2799=CARTESIAN_POINT('',(135.935,-5.,126.9625));
#2800=VERTEX_POINT('',#2799);
#2801=CARTESIAN_POINT('',(135.935,-1.,126.9625));
#2802=DIRECTION('',(-0.,-1.,-0.));
#2803=VECTOR('',#2802,4.);
#2804=LINE('',#2801,#2803);
#2805=EDGE_CURVE('',#2666,#2800,#2804,.T.);
#2806=ORIENTED_EDGE('',*,*,#2805,.F.);
#2807=ORIENTED_EDGE('',*,*,#2672,.T.);
#2808=ORIENTED_EDGE('',*,*,#2805,.T.);
#2809=CARTESIAN_POINT('',(135.935,-5.,124.7125));
#2810=DIRECTION('',(0.,1.,0.));
#2811=DIRECTION('',(0.,-0.,1.));
#2812=AXIS2_PLACEMENT_3D('',#2809,#2810,#2811);
#2813=CIRCLE('',#2812,2.25);
#2814=EDGE_CURVE('',#2800,#2800,#2813,.T.);
#2815=ORIENTED_EDGE('',*,*,#2814,.F.);
#2816=EDGE_LOOP('',(#2806,#2807,#2808,#2815));
#2817=FACE_BOUND('',#2816,.T.);
#2818=ADVANCED_FACE('',(#2817),#2798,.F.);
#2819=CARTESIAN_POINT('',(36.785,0.,124.7125));
#2820=DIRECTION('',(0.,1.,0.));
#2821=DIRECTION('',(0.,-0.,1.));
#2822=AXIS2_PLACEMENT_3D('',#2819,#2820,#2821);
#2823=CYLINDRICAL_SURFACE('',#2822,2.25);
#2824=CARTESIAN_POINT('',(36.785,-5.,126.9625));
#2825=VERTEX_POINT('',#2824);
#2826=CARTESIAN_POINT('',(36.785,-1.,126.9625));
#2827=DIRECTION('',(-0.,-1.,-0.));
#2828=VECTOR('',#2827,4.);
#2829=LINE('',#2826,#2828);
#2830=EDGE_CURVE('',#2733,#2825,#2829,.T.);
#2831=ORIENTED_EDGE('',*,*,#2830,.F.);
#2832=ORIENTED_EDGE('',*,*,#2739,.T.);
#2833=ORIENTED_EDGE('',*,*,#2830,.T.);
#2834=CARTESIAN_POINT('',(36.785,-5.,124.7125));
#2835=DIRECTION('',(0.,1.,0.));
#2836=DIRECTION('',(0.,-0.,1.));
#2837=AXIS2_PLACEMENT_3D('',#2834,#2835,#2836);
#2838=CIRCLE('',#2837,2.25);
#2839=EDGE_CURVE('',#2825,#2825,#2838,.T.);
#2840=ORIENTED_EDGE('',*,*,#2839,.F.);
#2841=EDGE_LOOP('',(#2831,#2832,#2833,#2840));
#2842=FACE_BOUND('',#2841,.T.);
#2843=ADVANCED_FACE('',(#2842),#2823,.F.);
#2844=CARTESIAN_POINT('',(12.75375,0.,124.7125));
#2845=DIRECTION('',(0.,0.,1.));
#2846=DIRECTION('',(0.,-1.,0.));
#2847=AXIS2_PLACEMENT_3D('',#2844,#2845,#2846);
#2848=PLANE('',#2847);
#2849=ORIENTED_EDGE('',*,*,#885,.F.);
#2850=CARTESIAN_POINT('',(-2.2775,3.,124.7125));
#2851=DIRECTION('',(0.,-1.,0.));
#2852=VECTOR('',#2851,3.);
#2853=LINE('',#2850,#2852);
#2854=EDGE_CURVE('',#871,#294,#2853,.T.);
#2855=ORIENTED_EDGE('',*,*,#2854,.T.);
#2856=ORIENTED_EDGE('',*,*,#299,.T.);
#2857=CARTESIAN_POINT('',(30.785,0.,124.7125));
#2858=DIRECTION('',(-0.,1.,-0.));
#2859=VECTOR('',#2858,3.);
#2860=LINE('',#2857,#2859);
#2861=EDGE_CURVE('',#285,#880,#2860,.T.);
#2862=ORIENTED_EDGE('',*,*,#2861,.T.);
#2863=EDGE_LOOP('',(#2849,#2855,#2856,#2862));
#2864=FACE_BOUND('',#2863,.T.);
#2865=ADVANCED_FACE('',(#2864),#2848,.T.);
#2866=CARTESIAN_POINT('',(36.785,0.,124.7125));
#2867=DIRECTION('',(0.,1.,0.));
#2868=DIRECTION('',(0.,-0.,1.));
#2869=AXIS2_PLACEMENT_3D('',#2866,#2867,#2868);
#2870=CYLINDRICAL_SURFACE('',#2869,6.);
#2871=CARTESIAN_POINT('',(36.785,-5.,130.7125));
#2872=VERTEX_POINT('',#2871);
#2873=CARTESIAN_POINT('',(36.785,3.,130.7125));
#2874=DIRECTION('',(-0.,-1.,-0.));
#2875=VECTOR('',#2874,8.);
#2876=LINE('',#2873,#2875);
#2877=EDGE_CURVE('',#888,#2872,#2876,.T.);
#2878=ORIENTED_EDGE('',*,*,#2877,.T.);
#2879=CARTESIAN_POINT('',(36.785,-5.,124.7125));
#2880=DIRECTION('',(0.,1.,0.));
#2881=DIRECTION('',(0.,-0.,1.));
#2882=AXIS2_PLACEMENT_3D('',#2879,#2880,#2881);
#2883=CIRCLE('',#2882,6.);
#2884=EDGE_CURVE('',#2872,#2872,#2883,.T.);
#2885=ORIENTED_EDGE('',*,*,#2884,.T.);
#2886=ORIENTED_EDGE('',*,*,#2877,.F.);
#2887=ORIENTED_EDGE('',*,*,#894,.F.);
#2888=ORIENTED_EDGE('',*,*,#2861,.F.);
#2889=ORIENTED_EDGE('',*,*,#291,.F.);
#2890=CARTESIAN_POINT('',(42.785,0.,124.7125));
#2891=DIRECTION('',(0.,1.,0.));
#2892=VECTOR('',#2891,3.);
#2893=LINE('',#2890,#2892);
#2894=EDGE_CURVE('',#277,#897,#2893,.T.);
#2895=ORIENTED_EDGE('',*,*,#2894,.T.);
#2896=ORIENTED_EDGE('',*,*,#903,.F.);
#2897=EDGE_LOOP('',(#2878,#2885,#2886,#2887,#2888,#2889,#2895,#2896));
#2898=FACE_BOUND('',#2897,.T.);
#2899=ADVANCED_FACE('',(#2898),#2870,.T.);
#2900=CARTESIAN_POINT('',(64.5725,0.,124.7125));
#2901=DIRECTION('',(0.,0.,1.));
#2902=DIRECTION('',(0.,-1.,0.));
#2903=AXIS2_PLACEMENT_3D('',#2900,#2901,#2902);
#2904=PLANE('',#2903);
#2905=ORIENTED_EDGE('',*,*,#911,.F.);
#2906=ORIENTED_EDGE('',*,*,#2894,.F.);
#2907=ORIENTED_EDGE('',*,*,#282,.T.);
#2908=CARTESIAN_POINT('',(129.935,0.,124.7125));
#2909=DIRECTION('',(-0.,1.,-0.));
#2910=VECTOR('',#2909,3.);
#2911=LINE('',#2908,#2910);
#2912=EDGE_CURVE('',#268,#906,#2911,.T.);
#2913=ORIENTED_EDGE('',*,*,#2912,.T.);
#2914=EDGE_LOOP('',(#2905,#2906,#2907,#2913));
#2915=FACE_BOUND('',#2914,.T.);
#2916=ADVANCED_FACE('',(#2915),#2904,.T.);
#2917=CARTESIAN_POINT('',(135.935,0.,124.7125));
#2918=DIRECTION('',(0.,1.,0.));
#2919=DIRECTION('',(0.,-0.,1.));
#2920=AXIS2_PLACEMENT_3D('',#2917,#2918,#2919);
#2921=CYLINDRICAL_SURFACE('',#2920,6.);
#2922=CARTESIAN_POINT('',(135.935,-5.,130.7125));
#2923=VERTEX_POINT('',#2922);
#2924=CARTESIAN_POINT('',(135.935,3.,130.7125));
#2925=DIRECTION('',(-0.,-1.,-0.));
#2926=VECTOR('',#2925,8.);
#2927=LINE('',#2924,#2926);
#2928=EDGE_CURVE('',#914,#2923,#2927,.T.);
#2929=ORIENTED_EDGE('',*,*,#2928,.T.);
#2930=CARTESIAN_POINT('',(135.935,-5.,124.7125));
#2931=DIRECTION('',(0.,1.,0.));
#2932=DIRECTION('',(0.,-0.,1.));
#2933=AXIS2_PLACEMENT_3D('',#2930,#2931,#2932);
#2934=CIRCLE('',#2933,6.);
#2935=EDGE_CURVE('',#2923,#2923,#2934,.T.);
#2936=ORIENTED_EDGE('',*,*,#2935,.T.);
#2937=ORIENTED_EDGE('',*,*,#2928,.F.);
#2938=ORIENTED_EDGE('',*,*,#920,.F.);
#2939=ORIENTED_EDGE('',*,*,#2912,.F.);
#2940=ORIENTED_EDGE('',*,*,#274,.F.);
#2941=CARTESIAN_POINT('',(141.935,0.,124.7125));
#2942=DIRECTION('',(0.,1.,0.));
#2943=VECTOR('',#2942,3.);
#2944=LINE('',#2941,#2943);
#2945=EDGE_CURVE('',#260,#923,#2944,.T.);
#2946=ORIENTED_EDGE('',*,*,#2945,.T.);
#2947=ORIENTED_EDGE('',*,*,#929,.F.);
#2948=EDGE_LOOP('',(#2929,#2936,#2937,#2938,#2939,#2940,#2946,#2947));
#2949=FACE_BOUND('',#2948,.T.);
#2950=ADVANCED_FACE('',(#2949),#2921,.T.);
#2951=CARTESIAN_POINT('',(159.96625,0.,124.7125));
#2952=DIRECTION('',(0.,0.,-1.));
#2953=DIRECTION('',(0.,1.,0.));
#2954=AXIS2_PLACEMENT_3D('',#2951,#2952,#2953);
#2955=PLANE('',#2954);
#2956=ORIENTED_EDGE('',*,*,#265,.F.);
#2957=CARTESIAN_POINT('',(174.9975,0.,124.7125));
#2958=DIRECTION('',(0.,1.,0.));
#2959=VECTOR('',#2958,3.);
#2960=LINE('',#2957,#2959);
#2961=EDGE_CURVE('',#251,#932,#2960,.T.);
#2962=ORIENTED_EDGE('',*,*,#2961,.T.);
#2963=ORIENTED_EDGE('',*,*,#937,.T.);
#2964=ORIENTED_EDGE('',*,*,#2945,.F.);
#2965=EDGE_LOOP('',(#2956,#2962,#2963,#2964));
#2966=FACE_BOUND('',#2965,.T.);
#2967=ADVANCED_FACE('',(#2966),#2955,.F.);
#2968=CARTESIAN_POINT('',(0.,-5.,0.));
#2969=DIRECTION('',(0.,-1.,0.));
#2970=DIRECTION('',(0.,0.,-1.));
#2971=AXIS2_PLACEMENT_3D('',#2968,#2969,#2970);
#2972=PLANE('',#2971);
#2973=ORIENTED_EDGE('',*,*,#2884,.F.);
#2974=EDGE_LOOP('',(#2973));
#2975=FACE_BOUND('',#2974,.T.);
#2976=ORIENTED_EDGE('',*,*,#2839,.T.);
#2977=EDGE_LOOP('',(#2976));
#2978=FACE_BOUND('',#2977,.T.);
#2979=ADVANCED_FACE('',(#2975,#2978),#2972,.T.);
#2980=CARTESIAN_POINT('',(0.,-5.,0.));
#2981=DIRECTION('',(0.,-1.,0.));
#2982=DIRECTION('',(0.,0.,-1.));
#2983=AXIS2_PLACEMENT_3D('',#2980,#2981,#2982);
#2984=PLANE('',#2983);
#2985=ORIENTED_EDGE('',*,*,#2935,.F.);
#2986=EDGE_LOOP('',(#2985));
#2987=FACE_BOUND('',#2986,.T.);
#2988=ORIENTED_EDGE('',*,*,#2814,.T.);
#2989=EDGE_LOOP('',(#2988));
#2990=FACE_BOUND('',#2989,.T.);
#2991=ADVANCED_FACE('',(#2987,#2990),#2984,.T.);
#2992=CARTESIAN_POINT('',(33.285001632,-1.,124.7125));
#2993=DIRECTION('',(-1.,0.,0.));
#2994=DIRECTION('',(0.,0.,1.));
#2995=AXIS2_PLACEMENT_3D('',#2992,#2993,#2994);
#2996=PLANE('',#2995);
#2997=ORIENTED_EDGE('',*,*,#1386,.T.);
#2998=CARTESIAN_POINT('',(33.285001632,-1.,126.733225));
#2999=DIRECTION('',(0.,1.,0.));
#3000=VECTOR('',#2999,4.);
#3001=LINE('',#2998,#3000);
#3002=EDGE_CURVE('',#2746,#1381,#3001,.T.);
#3003=ORIENTED_EDGE('',*,*,#3002,.F.);
#3004=ORIENTED_EDGE('',*,*,#2751,.F.);
#3005=CARTESIAN_POINT('',(33.285001632,-1.,122.691775));
#3006=DIRECTION('',(0.,1.,0.));
#3007=VECTOR('',#3006,4.);
#3008=LINE('',#3005,#3007);
#3009=EDGE_CURVE('',#2744,#1379,#3008,.T.);
#3010=ORIENTED_EDGE('',*,*,#3009,.T.);
#3011=EDGE_LOOP('',(#2997,#3003,#3004,#3010));
#3012=FACE_BOUND('',#3011,.T.);
#3013=ADVANCED_FACE('',(#3012),#2996,.F.);
#3014=CARTESIAN_POINT('',(35.035000816,-1.,127.7435875));
#3015=DIRECTION('',(-0.5,0.,0.866025404));
#3016=DIRECTION('',(0.866025404,0.,0.5));
#3017=AXIS2_PLACEMENT_3D('',#3014,#3015,#3016);
#3018=PLANE('',#3017);
#3019=ORIENTED_EDGE('',*,*,#1424,.T.);
#3020=CARTESIAN_POINT('',(36.785,-1.,128.75395));
#3021=DIRECTION('',(0.,1.,0.));
#3022=VECTOR('',#3021,4.);
#3023=LINE('',#3020,#3022);
#3024=EDGE_CURVE('',#2754,#1413,#3023,.T.);
#3025=ORIENTED_EDGE('',*,*,#3024,.F.);
#3026=ORIENTED_EDGE('',*,*,#2759,.F.);
#3027=ORIENTED_EDGE('',*,*,#3002,.T.);
#3028=EDGE_LOOP('',(#3019,#3025,#3026,#3027));
#3029=FACE_BOUND('',#3028,.T.);
#3030=ADVANCED_FACE('',(#3029),#3018,.F.);
#3031=CARTESIAN_POINT('',(38.534999184,-1.,127.7435875));
#3032=DIRECTION('',(0.5,0.,0.866025404));
#3033=DIRECTION('',(0.866025404,0.,-0.5));
#3034=AXIS2_PLACEMENT_3D('',#3031,#3032,#3033);
#3035=PLANE('',#3034);
#3036=ORIENTED_EDGE('',*,*,#1418,.T.);
#3037=CARTESIAN_POINT('',(40.284998368,-1.,126.733225));
#3038=DIRECTION('',(0.,1.,0.));
#3039=VECTOR('',#3038,4.);
#3040=LINE('',#3037,#3039);
#3041=EDGE_CURVE('',#2762,#1405,#3040,.T.);
#3042=ORIENTED_EDGE('',*,*,#3041,.F.);
#3043=ORIENTED_EDGE('',*,*,#2767,.F.);
#3044=ORIENTED_EDGE('',*,*,#3024,.T.);
#3045=EDGE_LOOP('',(#3036,#3042,#3043,#3044));
#3046=FACE_BOUND('',#3045,.T.);
#3047=ADVANCED_FACE('',(#3046),#3035,.F.);
#3048=CARTESIAN_POINT('',(40.284998368,-1.,124.7125));
#3049=DIRECTION('',(1.,0.,0.));
#3050=DIRECTION('',(0.,0.,-1.));
#3051=AXIS2_PLACEMENT_3D('',#3048,#3049,#3050);
#3052=PLANE('',#3051);
#3053=ORIENTED_EDGE('',*,*,#1410,.T.);
#3054=CARTESIAN_POINT('',(40.284998368,-1.,122.691775));
#3055=DIRECTION('',(0.,1.,0.));
#3056=VECTOR('',#3055,4.);
#3057=LINE('',#3054,#3056);
#3058=EDGE_CURVE('',#2770,#1397,#3057,.T.);
#3059=ORIENTED_EDGE('',*,*,#3058,.F.);
#3060=ORIENTED_EDGE('',*,*,#2775,.F.);
#3061=ORIENTED_EDGE('',*,*,#3041,.T.);
#3062=EDGE_LOOP('',(#3053,#3059,#3060,#3061));
#3063=FACE_BOUND('',#3062,.T.);
#3064=ADVANCED_FACE('',(#3063),#3052,.F.);
#3065=CARTESIAN_POINT('',(38.534999184,-1.,121.6814125));
#3066=DIRECTION('',(0.5,0.,-0.866025404));
#3067=DIRECTION('',(-0.866025404,0.,-0.5));
#3068=AXIS2_PLACEMENT_3D('',#3065,#3066,#3067);
#3069=PLANE('',#3068);
#3070=ORIENTED_EDGE('',*,*,#1402,.T.);
#3071=CARTESIAN_POINT('',(36.785,-1.,120.67105));
#3072=DIRECTION('',(0.,1.,0.));
#3073=VECTOR('',#3072,4.);
#3074=LINE('',#3071,#3073);
#3075=EDGE_CURVE('',#2778,#1389,#3074,.T.);
#3076=ORIENTED_EDGE('',*,*,#3075,.F.);
#3077=ORIENTED_EDGE('',*,*,#2783,.F.);
#3078=ORIENTED_EDGE('',*,*,#3058,.T.);
#3079=EDGE_LOOP('',(#3070,#3076,#3077,#3078));
#3080=FACE_BOUND('',#3079,.T.);
#3081=ADVANCED_FACE('',(#3080),#3069,.F.);
#3082=CARTESIAN_POINT('',(35.035000816,-1.,121.6814125));
#3083=DIRECTION('',(-0.5,0.,-0.866025404));
#3084=DIRECTION('',(-0.866025404,0.,0.5));
#3085=AXIS2_PLACEMENT_3D('',#3082,#3083,#3084);
#3086=PLANE('',#3085);
#3087=ORIENTED_EDGE('',*,*,#1394,.T.);
#3088=ORIENTED_EDGE('',*,*,#3009,.F.);
#3089=ORIENTED_EDGE('',*,*,#2789,.F.);
#3090=ORIENTED_EDGE('',*,*,#3075,.T.);
#3091=EDGE_LOOP('',(#3087,#3088,#3089,#3090));
#3092=FACE_BOUND('',#3091,.T.);
#3093=ADVANCED_FACE('',(#3092),#3086,.F.);
#3094=CARTESIAN_POINT('',(137.684999184,-1.,127.7435875));
#3095=DIRECTION('',(-0.5,0.,-0.866025404));
#3096=DIRECTION('',(-0.866025404,0.,0.5));
#3097=AXIS2_PLACEMENT_3D('',#3094,#3095,#3096);
#3098=PLANE('',#3097);
#3099=ORIENTED_EDGE('',*,*,#1444,.F.);
#3100=CARTESIAN_POINT('',(139.434998368,-1.,126.733225));
#3101=DIRECTION('',(0.,1.,0.));
#3102=VECTOR('',#3101,4.);
#3103=LINE('',#3100,#3102);
#3104=EDGE_CURVE('',#2677,#1431,#3103,.T.);
#3105=ORIENTED_EDGE('',*,*,#3104,.F.);
#3106=ORIENTED_EDGE('',*,*,#2684,.T.);
#3107=CARTESIAN_POINT('',(135.935,-1.,128.75395));
#3108=DIRECTION('',(0.,1.,0.));
#3109=VECTOR('',#3108,4.);
#3110=LINE('',#3107,#3109);
#3111=EDGE_CURVE('',#2679,#1439,#3110,.T.);
#3112=ORIENTED_EDGE('',*,*,#3111,.T.);
#3113=EDGE_LOOP('',(#3099,#3105,#3106,#3112));
#3114=FACE_BOUND('',#3113,.T.);
#3115=ADVANCED_FACE('',(#3114),#3098,.T.);
#3116=CARTESIAN_POINT('',(139.434998368,-1.,124.7125));
#3117=DIRECTION('',(-1.,0.,0.));
#3118=DIRECTION('',(0.,0.,1.));
#3119=AXIS2_PLACEMENT_3D('',#3116,#3117,#3118);
#3120=PLANE('',#3119);
#3121=ORIENTED_EDGE('',*,*,#1436,.F.);
#3122=CARTESIAN_POINT('',(139.434998368,-1.,122.691775));
#3123=DIRECTION('',(0.,1.,0.));
#3124=VECTOR('',#3123,4.);
#3125=LINE('',#3122,#3124);
#3126=EDGE_CURVE('',#2687,#1429,#3125,.T.);
#3127=ORIENTED_EDGE('',*,*,#3126,.F.);
#3128=ORIENTED_EDGE('',*,*,#2692,.T.);
#3129=ORIENTED_EDGE('',*,*,#3104,.T.);
#3130=EDGE_LOOP('',(#3121,#3127,#3128,#3129));
#3131=FACE_BOUND('',#3130,.T.);
#3132=ADVANCED_FACE('',(#3131),#3120,.T.);
#3133=CARTESIAN_POINT('',(137.684999184,-1.,121.6814125));
#3134=DIRECTION('',(-0.5,0.,0.866025404));
#3135=DIRECTION('',(0.866025404,0.,0.5));
#3136=AXIS2_PLACEMENT_3D('',#3133,#3134,#3135);
#3137=PLANE('',#3136);
#3138=ORIENTED_EDGE('',*,*,#1474,.F.);
#3139=CARTESIAN_POINT('',(135.935,-1.,120.67105));
#3140=DIRECTION('',(0.,1.,0.));
#3141=VECTOR('',#3140,4.);
#3142=LINE('',#3139,#3141);
#3143=EDGE_CURVE('',#2695,#1463,#3142,.T.);
#3144=ORIENTED_EDGE('',*,*,#3143,.F.);
#3145=ORIENTED_EDGE('',*,*,#2700,.T.);
#3146=ORIENTED_EDGE('',*,*,#3126,.T.);
#3147=EDGE_LOOP('',(#3138,#3144,#3145,#3146));
#3148=FACE_BOUND('',#3147,.T.);
#3149=ADVANCED_FACE('',(#3148),#3137,.T.);
#3150=CARTESIAN_POINT('',(134.185000816,-1.,121.6814125));
#3151=DIRECTION('',(0.5,0.,0.866025404));
#3152=DIRECTION('',(0.866025404,0.,-0.5));
#3153=AXIS2_PLACEMENT_3D('',#3150,#3151,#3152);
#3154=PLANE('',#3153);
#3155=ORIENTED_EDGE('',*,*,#1468,.F.);
#3156=CARTESIAN_POINT('',(132.435001632,-1.,122.691775));
#3157=DIRECTION('',(0.,1.,0.));
#3158=VECTOR('',#3157,4.);
#3159=LINE('',#3156,#3158);
#3160=EDGE_CURVE('',#2703,#1455,#3159,.T.);
#3161=ORIENTED_EDGE('',*,*,#3160,.F.);
#3162=ORIENTED_EDGE('',*,*,#2708,.T.);
#3163=ORIENTED_EDGE('',*,*,#3143,.T.);
#3164=EDGE_LOOP('',(#3155,#3161,#3162,#3163));
#3165=FACE_BOUND('',#3164,.T.);
#3166=ADVANCED_FACE('',(#3165),#3154,.T.);
#3167=CARTESIAN_POINT('',(132.435001632,-1.,124.7125));
#3168=DIRECTION('',(1.,0.,0.));
#3169=DIRECTION('',(0.,0.,-1.));
#3170=AXIS2_PLACEMENT_3D('',#3167,#3168,#3169);
#3171=PLANE('',#3170);
#3172=ORIENTED_EDGE('',*,*,#1460,.F.);
#3173=CARTESIAN_POINT('',(132.435001632,-1.,126.733225));
#3174=DIRECTION('',(0.,1.,0.));
#3175=VECTOR('',#3174,4.);
#3176=LINE('',#3173,#3175);
#3177=EDGE_CURVE('',#2711,#1447,#3176,.T.);
#3178=ORIENTED_EDGE('',*,*,#3177,.F.);
#3179=ORIENTED_EDGE('',*,*,#2716,.T.);
#3180=ORIENTED_EDGE('',*,*,#3160,.T.);
#3181=EDGE_LOOP('',(#3172,#3178,#3179,#3180));
#3182=FACE_BOUND('',#3181,.T.);
#3183=ADVANCED_FACE('',(#3182),#3171,.T.);
#3184=CARTESIAN_POINT('',(134.185000816,-1.,127.7435875));
#3185=DIRECTION('',(0.5,0.,-0.866025404));
#3186=DIRECTION('',(-0.866025404,0.,-0.5));
#3187=AXIS2_PLACEMENT_3D('',#3184,#3185,#3186);
#3188=PLANE('',#3187);
#3189=ORIENTED_EDGE('',*,*,#1452,.F.);
#3190=ORIENTED_EDGE('',*,*,#3111,.F.);
#3191=ORIENTED_EDGE('',*,*,#2722,.T.);
#3192=ORIENTED_EDGE('',*,*,#3177,.T.);
#3193=EDGE_LOOP('',(#3189,#3190,#3191,#3192));
#3194=FACE_BOUND('',#3193,.T.);
#3195=ADVANCED_FACE('',(#3194),#3188,.T.);
#3196=CARTESIAN_POINT('',(174.9975,0.,121.7125));
#3197=DIRECTION('',(0.,1.,0.));
#3198=DIRECTION('',(0.,-0.,1.));
#3199=AXIS2_PLACEMENT_3D('',#3196,#3197,#3198);
#3200=CYLINDRICAL_SURFACE('',#3199,3.);
#3201=ORIENTED_EDGE('',*,*,#257,.F.);
#3202=ORIENTED_EDGE('',*,*,#1491,.F.);
#3203=ORIENTED_EDGE('',*,*,#946,.F.);
#3204=ORIENTED_EDGE('',*,*,#2961,.F.);
#3205=EDGE_LOOP('',(#3201,#3202,#3203,#3204));
#3206=FACE_BOUND('',#3205,.T.);
#3207=ADVANCED_FACE('',(#3206),#3200,.T.);
#3208=CARTESIAN_POINT('',(-2.2775,0.,121.7125));
#3209=DIRECTION('',(0.,1.,0.));
#3210=DIRECTION('',(0.,-0.,1.));
#3211=AXIS2_PLACEMENT_3D('',#3208,#3209,#3210);
#3212=CYLINDRICAL_SURFACE('',#3211,3.);
#3213=ORIENTED_EDGE('',*,*,#308,.F.);
#3214=ORIENTED_EDGE('',*,*,#2854,.F.);
#3215=ORIENTED_EDGE('',*,*,#877,.F.);
#3216=ORIENTED_EDGE('',*,*,#2271,.F.);
#3217=EDGE_LOOP('',(#3213,#3214,#3215,#3216));
#3218=FACE_BOUND('',#3217,.T.);
#3219=ADVANCED_FACE('',(#3218),#3212,.T.);
#3220=CLOSED_SHELL('',(#94,#136,#167,#200,#780,#1478,#1495,#1514,#1533,#1552,#1571,#1593,#1610,#1627,#1639,#1661,#1678,#1695,#1707,#1729,#1746,#1763,#1775,#1797,#1814,#1831,
#1843,#1865,#1882,#1899,#1911,#1933,#1950,#1967,#1979,#2001,#2018,#2035,#2047,#2069,#2086,#2103,#2115,#2137,#2159,#2181,#2193,#2226,#2259,#2276,#2298,
#2315,#2332,#2344,#2361,#2378,#2390,#2412,#2424,#2436,#2513,#2590,#2609,#2628,#2640,#2659,#2726,#2793,#2818,#2843,#2865,#2899,#2916,#2950,#2967,#2979,
#2991,#3013,#3030,#3047,#3064,#3081,#3093,#3115,#3132,#3149,#3166,#3183,#3195,#3207,#3219));
#3221=MANIFOLD_SOLID_BREP('Body 06',#3220);
#3222=COLOUR_RGB('',0.494117647,0.494117647,0.525490224);
#3223=FILL_AREA_STYLE_COLOUR('',#3222);
#3224=FILL_AREA_STYLE('',(#3223));
#3225=SURFACE_STYLE_FILL_AREA(#3224);
#3226=SURFACE_SIDE_STYLE('',(#3225));
#3227=SURFACE_STYLE_USAGE(.BOTH.,#3226);
#3228=PRESENTATION_STYLE_ASSIGNMENT((#3227));
#54=STYLED_ITEM('',(#3228),#3221);
#3229=(NAMED_UNIT(*)PLANE_ANGLE_UNIT()SI_UNIT($,.RADIAN.));
#3230=PLANE_ANGLE_MEASURE_WITH_UNIT(PLANE_ANGLE_MEASURE(0.0174532925),#3229);
#3231=(CONVERSION_BASED_UNIT('DEGREE',#3230)NAMED_UNIT(#3232)PLANE_ANGLE_UNIT());
#3232=DIMENSIONAL_EXPONENTS(0.,0.,0.,0.,0.,0.,0.);
#3233=(NAMED_UNIT(*)SI_UNIT($,.STERADIAN.)SOLID_ANGLE_UNIT());
#3234=(LENGTH_UNIT()NAMED_UNIT(*)SI_UNIT(.MILLI.,.METRE.));
#3235=UNCERTAINTY_MEASURE_WITH_UNIT(LENGTH_MEASURE(1.000000E-03),#3234,'DISTANCE_ACCURACY_VALUE','Maximum Tolerance applied to model');
#3236=(GEOMETRIC_REPRESENTATION_CONTEXT(3)GLOBAL_UNCERTAINTY_ASSIGNED_CONTEXT((#3235))GLOBAL_UNIT_ASSIGNED_CONTEXT((#3234,#3231,#3233))REPRESENTATION_CONTEXT('','ControlBoard Base.step'));
#3248=CARTESIAN_POINT('',(0.,0.,0.));
#3249=DIRECTION('',(0.,0.,1.));
#3250=DIRECTION('',(1.,0.,-0.));
#3251=AXIS2_PLACEMENT_3D('',#3248,#3249,#3250);
#3252=ITEM_DEFINED_TRANSFORMATION('','',#3251,#15);
#3253=(REPRESENTATION_RELATIONSHIP('','',#3238,#35)REPRESENTATION_RELATIONSHIP_WITH_TRANSFORMATION(#3252)SHAPE_REPRESENTATION_RELATIONSHIP());
#3254=NEXT_ASSEMBLY_USAGE_OCCURRENCE('ControlBoard Base.step_2','ControlBoard Base.step','ControlBoard Base.step',#44,#3247,$);
#3255=PRODUCT_DEFINITION_SHAPE('','',#3254);
#3256=CONTEXT_DEPENDENT_SHAPE_REPRESENTATION(#3253,#3255);
#3238=SHAPE_REPRESENTATION('ControlBoard Base.step',(#15),#3236);
#3257=CARTESIAN_POINT('',(0.,0.,0.));
#3258=DIRECTION('',(0.,0.,1.));
#3259=DIRECTION('',(1.,0.,0.));
#3260=AXIS2_PLACEMENT_3D('',#3257,#3258,#3259);
#3262=MAPPED_ITEM('',#3261,#3260);
#3261=REPRESENTATION_MAP(#3260,#3238);
#3263=APPLICATION_CONTEXT('Managed model based 3d engineering');
#3264=APPLICATION_PROTOCOL_DEFINITION('international standard','ap242_managed_model_based_3d_engineering',2014,#3263);
#3265=PRODUCT_CONTEXT('',#3263,'mechanical');
#3266=PRODUCT_DEFINITION_CONTEXT('part definition',#3263,'design');
#3246=PRODUCT('ControlBoard Base.step','ControlBoard Base.step','',(#3265));
#3267=PRODUCT_RELATED_PRODUCT_CATEGORY('part','',(#3246));
#3268=PRODUCT_DEFINITION_FORMATION_WITH_SPECIFIED_SOURCE('','',#3246,.NOT_KNOWN.);
#3247=PRODUCT_DEFINITION('design','',#3268,#3266);
#3245=PRODUCT_DEFINITION_SHAPE('','',#3247);
#3269=SHAPE_DEFINITION_REPRESENTATION(#3245,#3238);
#3237=DRAUGHTING_MODEL('',(#3262),#3236);
#35=SHAPE_REPRESENTATION('ControlBoard_Bottom.step',(#15,#3251),#33);
#36=ADVANCED_BREP_SHAPE_REPRESENTATION('ControlBoard_Bottom.step',(#3221),#33);
#3277=SHAPE_REPRESENTATION_RELATIONSHIP('','',#35,#36);
#3278=CARTESIAN_POINT('',(0.,0.,0.));
#3279=DIRECTION('',(0.,0.,1.));
#3280=DIRECTION('',(1.,0.,0.));
#3281=AXIS2_PLACEMENT_3D('',#3278,#3279,#3280);
#3283=MAPPED_ITEM('',#3282,#3281);
#3282=REPRESENTATION_MAP(#3281,#35);
#43=PRODUCT('ControlBoard_Bottom.step','ControlBoard_Bottom.step','',(#3265));
#3284=PRODUCT_RELATED_PRODUCT_CATEGORY('part','',(#43));
#3285=PRODUCT_DEFINITION_FORMATION_WITH_SPECIFIED_SOURCE('','',#43,.NOT_KNOWN.);
#44=PRODUCT_DEFINITION('design','',#3285,#3266);
#42=PRODUCT_DEFINITION_SHAPE('','',#44);
#3286=SHAPE_DEFINITION_REPRESENTATION(#42,#35);
#34=DRAUGHTING_MODEL('',(#3283),#33);
#16=SHAPE_REPRESENTATION('root',(#15,#48),#10);
#3287=CARTESIAN_POINT('',(0.,0.,0.));
#3288=DIRECTION('',(0.,0.,1.));
#3289=DIRECTION('',(1.,0.,0.));
#3290=AXIS2_PLACEMENT_3D('',#3287,#3288,#3289);
#3292=MAPPED_ITEM('',#3291,#3290);
#3291=REPRESENTATION_MAP(#3290,#16);
#24=PRODUCT('root','root','',(#3265));
#3293=PRODUCT_RELATED_PRODUCT_CATEGORY('part','',(#24));
#3294=PRODUCT_DEFINITION_FORMATION_WITH_SPECIFIED_SOURCE('','',#24,.NOT_KNOWN.);
#25=PRODUCT_DEFINITION('design','',#3294,#3266);
#23=PRODUCT_DEFINITION_SHAPE('','',#25);
#3295=SHAPE_DEFINITION_REPRESENTATION(#23,#16);
#11=DRAUGHTING_MODEL('',(#3292),#10);
#3296=DESCRIPTIVE_REPRESENTATION_ITEM('KEY','C:\\Users\\bilal\\AppData\\Local\\Packages\\Shapr3D.Shapr3D_j403pzjkqtqbj\\TempState\\6be327c8-61d6-4872-9050-c72a65a5137b.tmp');
#3297=PROPERTY_DEFINITION('KEY','',#25);
#3298=REPRESENTATION('',(#3296),#10);
#3299=PROPERTY_DEFINITION_REPRESENTATION(#3297,#3298);
#3300=GENERAL_PROPERTY('','KEY','');
#3301=GENERAL_PROPERTY_ASSOCIATION('','',#3300,#3297);
#1=MECHANICAL_DESIGN_GEOMETRIC_PRESENTATION_REPRESENTATION('',(#54),#10);
ENDSEC;
END-ISO-10303-21;
