ISO-10303-21;
HEADER;

/* File generated by Shapr3D Version 5.881.9034.0 */

FILE_DESCRIPTION(('HOOPS Exchange Step'),'2;1');

FILE_NAME('C:\\Users\\bilal\\AppData\\Local\\Packages\\Shapr3D.Shapr3D_j403pzjkqtqbj\\TempState\\export\\temp_export',
'2025-06-23T16:51:26+02:00',
('bilal'),
('Shapr3D Limited'),
'HOOPS Exchange 2024.8',
'Shapr3D',
'Authorized');

FILE_SCHEMA( ('AP242_MANAGED_MODEL_BASED_3D_ENGINEERING_MIM_LF {1 0 10303 442 1 1 4}') );

ENDSEC;

DATA;
#3=(NAMED_UNIT(*)PLANE_ANGLE_UNIT()SI_UNIT($,.RADIAN.));
#4=PLANE_ANGLE_MEASURE_WITH_UNIT(PLANE_ANGLE_MEASURE(0.0174532925),#3);
#5=(CONVERSION_BASED_UNIT('DEGREE',#4)NAMED_UNIT(#6)PLANE_ANGLE_UNIT());
#6=DIMENSIONAL_EXPONENTS(0.,0.,0.,0.,0.,0.,0.);
#7=(NAMED_UNIT(*)SI_UNIT($,.STERADIAN.)SOLID_ANGLE_UNIT());
#8=(LENGTH_UNIT()NAMED_UNIT(*)SI_UNIT(.MILLI.,.METRE.));
#9=UNCERTAINTY_MEASURE_WITH_UNIT(LENGTH_MEASURE(1.000000E-03),#8,'DISTANCE_ACCURACY_VALUE','Maximum Tolerance applied to model');
#10=(GEOMETRIC_REPRESENTATION_CONTEXT(3)GLOBAL_UNCERTAINTY_ASSIGNED_CONTEXT((#9))GLOBAL_UNIT_ASSIGNED_CONTEXT((#8,#5,#7))REPRESENTATION_CONTEXT('','root'));
#12=CARTESIAN_POINT('',(0.,0.,0.));
#13=DIRECTION('',(0.,0.,1.));
#14=DIRECTION('',(1.,0.,0.));
#15=AXIS2_PLACEMENT_3D('',#12,#13,#14);
#26=(NAMED_UNIT(*)PLANE_ANGLE_UNIT()SI_UNIT($,.RADIAN.));
#27=PLANE_ANGLE_MEASURE_WITH_UNIT(PLANE_ANGLE_MEASURE(0.0174532925),#26);
#28=(CONVERSION_BASED_UNIT('DEGREE',#27)NAMED_UNIT(#29)PLANE_ANGLE_UNIT());
#29=DIMENSIONAL_EXPONENTS(0.,0.,0.,0.,0.,0.,0.);
#30=(NAMED_UNIT(*)SI_UNIT($,.STERADIAN.)SOLID_ANGLE_UNIT());
#31=(LENGTH_UNIT()NAMED_UNIT(*)SI_UNIT(.MILLI.,.METRE.));
#32=UNCERTAINTY_MEASURE_WITH_UNIT(LENGTH_MEASURE(1.000000E-05),#31,'DISTANCE_ACCURACY_VALUE','Maximum Tolerance applied to model');
#33=(GEOMETRIC_REPRESENTATION_CONTEXT(3)GLOBAL_UNCERTAINTY_ASSIGNED_CONTEXT((#32))GLOBAL_UNIT_ASSIGNED_CONTEXT((#31,#28,#30))REPRESENTATION_CONTEXT('','SidePanel_Right.step'));
#45=CARTESIAN_POINT('',(0.,0.,0.));
#46=DIRECTION('',(0.,0.,1.));
#47=DIRECTION('',(1.,0.,-0.));
#48=AXIS2_PLACEMENT_3D('',#45,#46,#47);
#49=ITEM_DEFINED_TRANSFORMATION('','',#48,#15);
#50=(REPRESENTATION_RELATIONSHIP('','',#35,#16)REPRESENTATION_RELATIONSHIP_WITH_TRANSFORMATION(#49)SHAPE_REPRESENTATION_RELATIONSHIP());
#51=NEXT_ASSEMBLY_USAGE_OCCURRENCE('SidePanel_Right.step_1','SidePanel_Right.step','SidePanel_Right.step',#25,#44,$);
#52=PRODUCT_DEFINITION_SHAPE('','',#51);
#53=CONTEXT_DEPENDENT_SHAPE_REPRESENTATION(#50,#52);
#55=CARTESIAN_POINT('',(2.,-4.295,-101.4125));
#56=DIRECTION('',(1.,0.,0.));
#57=DIRECTION('',(0.,0.,1.));
#58=AXIS2_PLACEMENT_3D('',#55,#56,#57);
#59=PLANE('',#58);
#60=CARTESIAN_POINT('',(2.,0.175,-4.765));
#61=VERTEX_POINT('',#60);
#62=CARTESIAN_POINT('',(2.,-2.295,-4.765));
#63=VERTEX_POINT('',#62);
#64=CARTESIAN_POINT('',(2.,0.175,-4.765));
#65=DIRECTION('',(0.,-1.,0.));
#66=VECTOR('',#65,2.47);
#67=LINE('',#64,#66);
#68=EDGE_CURVE('',#61,#63,#67,.T.);
#69=ORIENTED_EDGE('',*,*,#68,.F.);
#70=CARTESIAN_POINT('',(2.,0.175,-96.65));
#71=VERTEX_POINT('',#70);
#72=CARTESIAN_POINT('',(2.,0.175,-4.765));
#73=DIRECTION('',(0.,0.,-1.));
#74=VECTOR('',#73,91.885);
#75=LINE('',#72,#74);
#76=EDGE_CURVE('',#61,#71,#75,.T.);
#77=ORIENTED_EDGE('',*,*,#76,.T.);
#78=CARTESIAN_POINT('',(2.,-4.295,-96.65));
#79=VERTEX_POINT('',#78);
#80=CARTESIAN_POINT('',(2.,0.175,-96.65));
#81=DIRECTION('',(0.,-1.,0.));
#82=VECTOR('',#81,4.47);
#83=LINE('',#80,#82);
#84=EDGE_CURVE('',#71,#79,#83,.T.);
#85=ORIENTED_EDGE('',*,*,#84,.T.);
#86=CARTESIAN_POINT('',(2.,-4.295,-90.491533837));
#87=VERTEX_POINT('',#86);
#88=CARTESIAN_POINT('',(2.,-4.295,-90.491533837));
#89=DIRECTION('',(-0.,-0.,-1.));
#90=VECTOR('',#89,6.158466163);
#91=LINE('',#88,#90);
#92=EDGE_CURVE('',#87,#79,#91,.T.);
#93=ORIENTED_EDGE('',*,*,#92,.F.);
#94=CARTESIAN_POINT('',(2.,-4.295,-84.740666163));
#95=VERTEX_POINT('',#94);
#96=CARTESIAN_POINT('',(2.,-5.1505,-87.6161));
#97=DIRECTION('',(1.,-0.,-0.));
#98=DIRECTION('',(0.,0.,1.));
#99=AXIS2_PLACEMENT_3D('',#96,#97,#98);
#100=CIRCLE('',#99,3.);
#101=EDGE_CURVE('',#87,#95,#100,.T.);
#102=ORIENTED_EDGE('',*,*,#101,.T.);
#103=CARTESIAN_POINT('',(2.,-4.295,-82.425));
#104=VERTEX_POINT('',#103);
#105=CARTESIAN_POINT('',(2.,-4.295,-82.425));
#106=DIRECTION('',(-0.,-0.,-1.));
#107=VECTOR('',#106,2.315666163);
#108=LINE('',#105,#107);
#109=EDGE_CURVE('',#104,#95,#108,.T.);
#110=ORIENTED_EDGE('',*,*,#109,.F.);
#111=CARTESIAN_POINT('',(2.,-3.295,-82.425));
#112=VERTEX_POINT('',#111);
#113=CARTESIAN_POINT('',(2.,-3.295,-82.425));
#114=DIRECTION('',(0.,-1.,0.));
#115=VECTOR('',#114,1.);
#116=LINE('',#113,#115);
#117=EDGE_CURVE('',#112,#104,#116,.T.);
#118=ORIENTED_EDGE('',*,*,#117,.F.);
#119=CARTESIAN_POINT('',(2.,-3.295,-80.440625));
#120=VERTEX_POINT('',#119);
#121=CARTESIAN_POINT('',(2.,-3.295,-82.425));
#122=DIRECTION('',(0.,0.,1.));
#123=VECTOR('',#122,1.984375);
#124=LINE('',#121,#123);
#125=EDGE_CURVE('',#112,#120,#124,.T.);
#126=ORIENTED_EDGE('',*,*,#125,.T.);
#127=CARTESIAN_POINT('',(2.,-4.295,-80.440625));
#128=VERTEX_POINT('',#127);
#129=CARTESIAN_POINT('',(2.,-3.295,-80.440625));
#130=DIRECTION('',(0.,-1.,0.));
#131=VECTOR('',#130,1.);
#132=LINE('',#129,#131);
#133=EDGE_CURVE('',#120,#128,#132,.T.);
#134=ORIENTED_EDGE('',*,*,#133,.T.);
#135=CARTESIAN_POINT('',(2.,-4.295,-71.315));
#136=VERTEX_POINT('',#135);
#137=CARTESIAN_POINT('',(2.,-4.295,-71.315));
#138=DIRECTION('',(0.,0.,-1.));
#139=VECTOR('',#138,9.125625);
#140=LINE('',#137,#139);
#141=EDGE_CURVE('',#136,#128,#140,.T.);
#142=ORIENTED_EDGE('',*,*,#141,.F.);
#143=CARTESIAN_POINT('',(2.,-3.295,-71.315));
#144=VERTEX_POINT('',#143);
#145=CARTESIAN_POINT('',(2.,-3.295,-71.315));
#146=DIRECTION('',(-0.,-1.,-0.));
#147=VECTOR('',#146,1.);
#148=LINE('',#145,#147);
#149=EDGE_CURVE('',#144,#136,#148,.T.);
#150=ORIENTED_EDGE('',*,*,#149,.F.);
#151=CARTESIAN_POINT('',(2.,-3.295,-69.330625));
#152=VERTEX_POINT('',#151);
#153=CARTESIAN_POINT('',(2.,-3.295,-71.315));
#154=DIRECTION('',(0.,0.,1.));
#155=VECTOR('',#154,1.984375);
#156=LINE('',#153,#155);
#157=EDGE_CURVE('',#144,#152,#156,.T.);
#158=ORIENTED_EDGE('',*,*,#157,.T.);
#159=CARTESIAN_POINT('',(2.,-4.295,-69.330625));
#160=VERTEX_POINT('',#159);
#161=CARTESIAN_POINT('',(2.,-3.295,-69.330625));
#162=DIRECTION('',(0.,-1.,0.));
#163=VECTOR('',#162,1.);
#164=LINE('',#161,#163);
#165=EDGE_CURVE('',#152,#160,#164,.T.);
#166=ORIENTED_EDGE('',*,*,#165,.T.);
#167=CARTESIAN_POINT('',(2.,-4.295,-60.205));
#168=VERTEX_POINT('',#167);
#169=CARTESIAN_POINT('',(2.,-4.295,-60.205));
#170=DIRECTION('',(0.,0.,-1.));
#171=VECTOR('',#170,9.125625);
#172=LINE('',#169,#171);
#173=EDGE_CURVE('',#168,#160,#172,.T.);
#174=ORIENTED_EDGE('',*,*,#173,.F.);
#175=CARTESIAN_POINT('',(2.,-3.295,-60.205));
#176=VERTEX_POINT('',#175);
#177=CARTESIAN_POINT('',(2.,-3.295,-60.205));
#178=DIRECTION('',(-0.,-1.,-0.));
#179=VECTOR('',#178,1.);
#180=LINE('',#177,#179);
#181=EDGE_CURVE('',#176,#168,#180,.T.);
#182=ORIENTED_EDGE('',*,*,#181,.F.);
#183=CARTESIAN_POINT('',(2.,-3.295,-58.220625));
#184=VERTEX_POINT('',#183);
#185=CARTESIAN_POINT('',(2.,-3.295,-60.205));
#186=DIRECTION('',(0.,0.,1.));
#187=VECTOR('',#186,1.984375);
#188=LINE('',#185,#187);
#189=EDGE_CURVE('',#176,#184,#188,.T.);
#190=ORIENTED_EDGE('',*,*,#189,.T.);
#191=CARTESIAN_POINT('',(2.,-4.295,-58.220625));
#192=VERTEX_POINT('',#191);
#193=CARTESIAN_POINT('',(2.,-3.295,-58.220625));
#194=DIRECTION('',(0.,-1.,0.));
#195=VECTOR('',#194,1.);
#196=LINE('',#193,#195);
#197=EDGE_CURVE('',#184,#192,#196,.T.);
#198=ORIENTED_EDGE('',*,*,#197,.T.);
#199=CARTESIAN_POINT('',(2.,-4.295,-49.095));
#200=VERTEX_POINT('',#199);
#201=CARTESIAN_POINT('',(2.,-4.295,-49.095));
#202=DIRECTION('',(-0.,-0.,-1.));
#203=VECTOR('',#202,9.125625);
#204=LINE('',#201,#203);
#205=EDGE_CURVE('',#200,#192,#204,.T.);
#206=ORIENTED_EDGE('',*,*,#205,.F.);
#207=CARTESIAN_POINT('',(2.,-3.295,-49.095));
#208=VERTEX_POINT('',#207);
#209=CARTESIAN_POINT('',(2.,-3.295,-49.095));
#210=DIRECTION('',(0.,-1.,0.));
#211=VECTOR('',#210,1.);
#212=LINE('',#209,#211);
#213=EDGE_CURVE('',#208,#200,#212,.T.);
#214=ORIENTED_EDGE('',*,*,#213,.F.);
#215=CARTESIAN_POINT('',(2.,-3.295,-47.110625));
#216=VERTEX_POINT('',#215);
#217=CARTESIAN_POINT('',(2.,-3.295,-49.095));
#218=DIRECTION('',(0.,0.,1.));
#219=VECTOR('',#218,1.984375);
#220=LINE('',#217,#219);
#221=EDGE_CURVE('',#208,#216,#220,.T.);
#222=ORIENTED_EDGE('',*,*,#221,.T.);
#223=CARTESIAN_POINT('',(2.,-4.295,-47.110625));
#224=VERTEX_POINT('',#223);
#225=CARTESIAN_POINT('',(2.,-3.295,-47.110625));
#226=DIRECTION('',(0.,-1.,0.));
#227=VECTOR('',#226,1.);
#228=LINE('',#225,#227);
#229=EDGE_CURVE('',#216,#224,#228,.T.);
#230=ORIENTED_EDGE('',*,*,#229,.T.);
#231=CARTESIAN_POINT('',(2.,-4.295,-37.985));
#232=VERTEX_POINT('',#231);
#233=CARTESIAN_POINT('',(2.,-4.295,-37.985));
#234=DIRECTION('',(-0.,-0.,-1.));
#235=VECTOR('',#234,9.125625);
#236=LINE('',#233,#235);
#237=EDGE_CURVE('',#232,#224,#236,.T.);
#238=ORIENTED_EDGE('',*,*,#237,.F.);
#239=CARTESIAN_POINT('',(2.,-3.295,-37.985));
#240=VERTEX_POINT('',#239);
#241=CARTESIAN_POINT('',(2.,-3.295,-37.985));
#242=DIRECTION('',(0.,-1.,0.));
#243=VECTOR('',#242,1.);
#244=LINE('',#241,#243);
#245=EDGE_CURVE('',#240,#232,#244,.T.);
#246=ORIENTED_EDGE('',*,*,#245,.F.);
#247=CARTESIAN_POINT('',(2.,-3.295,-36.000625));
#248=VERTEX_POINT('',#247);
#249=CARTESIAN_POINT('',(2.,-3.295,-37.985));
#250=DIRECTION('',(0.,0.,1.));
#251=VECTOR('',#250,1.984375);
#252=LINE('',#249,#251);
#253=EDGE_CURVE('',#240,#248,#252,.T.);
#254=ORIENTED_EDGE('',*,*,#253,.T.);
#255=CARTESIAN_POINT('',(2.,-4.295,-36.000625));
#256=VERTEX_POINT('',#255);
#257=CARTESIAN_POINT('',(2.,-3.295,-36.000625));
#258=DIRECTION('',(0.,-1.,0.));
#259=VECTOR('',#258,1.);
#260=LINE('',#257,#259);
#261=EDGE_CURVE('',#248,#256,#260,.T.);
#262=ORIENTED_EDGE('',*,*,#261,.T.);
#263=CARTESIAN_POINT('',(2.,-4.295,-26.875));
#264=VERTEX_POINT('',#263);
#265=CARTESIAN_POINT('',(2.,-4.295,-26.875));
#266=DIRECTION('',(-0.,-0.,-1.));
#267=VECTOR('',#266,9.125625);
#268=LINE('',#265,#267);
#269=EDGE_CURVE('',#264,#256,#268,.T.);
#270=ORIENTED_EDGE('',*,*,#269,.F.);
#271=CARTESIAN_POINT('',(2.,-3.295,-26.875));
#272=VERTEX_POINT('',#271);
#273=CARTESIAN_POINT('',(2.,-3.295,-26.875));
#274=DIRECTION('',(0.,-1.,0.));
#275=VECTOR('',#274,1.);
#276=LINE('',#273,#275);
#277=EDGE_CURVE('',#272,#264,#276,.T.);
#278=ORIENTED_EDGE('',*,*,#277,.F.);
#279=CARTESIAN_POINT('',(2.,-3.295,-24.890625));
#280=VERTEX_POINT('',#279);
#281=CARTESIAN_POINT('',(2.,-3.295,-26.875));
#282=DIRECTION('',(0.,0.,1.));
#283=VECTOR('',#282,1.984375);
#284=LINE('',#281,#283);
#285=EDGE_CURVE('',#272,#280,#284,.T.);
#286=ORIENTED_EDGE('',*,*,#285,.T.);
#287=CARTESIAN_POINT('',(2.,-4.295,-24.890625));
#288=VERTEX_POINT('',#287);
#289=CARTESIAN_POINT('',(2.,-3.295,-24.890625));
#290=DIRECTION('',(0.,-1.,0.));
#291=VECTOR('',#290,1.);
#292=LINE('',#289,#291);
#293=EDGE_CURVE('',#280,#288,#292,.T.);
#294=ORIENTED_EDGE('',*,*,#293,.T.);
#295=CARTESIAN_POINT('',(2.,-4.295,-17.593533837));
#296=VERTEX_POINT('',#295);
#297=CARTESIAN_POINT('',(2.,-4.295,-17.593533837));
#298=DIRECTION('',(-0.,-0.,-1.));
#299=VECTOR('',#298,7.297091163);
#300=LINE('',#297,#299);
#301=EDGE_CURVE('',#296,#288,#300,.T.);
#302=ORIENTED_EDGE('',*,*,#301,.F.);
#303=CARTESIAN_POINT('',(2.,-4.295,-11.842666163));
#304=VERTEX_POINT('',#303);
#305=CARTESIAN_POINT('',(2.,-5.1505,-14.7181));
#306=DIRECTION('',(-1.,0.,0.));
#307=DIRECTION('',(0.,0.,1.));
#308=AXIS2_PLACEMENT_3D('',#305,#306,#307);
#309=CIRCLE('',#308,3.);
#310=EDGE_CURVE('',#304,#296,#309,.T.);
#311=ORIENTED_EDGE('',*,*,#310,.F.);
#312=CARTESIAN_POINT('',(2.,-4.295,-9.7806));
#313=VERTEX_POINT('',#312);
#314=CARTESIAN_POINT('',(2.,-4.295,-9.7806));
#315=DIRECTION('',(-0.,-0.,-1.));
#316=VECTOR('',#315,2.062066163);
#317=LINE('',#314,#316);
#318=EDGE_CURVE('',#313,#304,#317,.T.);
#319=ORIENTED_EDGE('',*,*,#318,.F.);
#320=CARTESIAN_POINT('',(2.,-2.295,-9.7806));
#321=VERTEX_POINT('',#320);
#322=CARTESIAN_POINT('',(2.,-2.295,-9.7806));
#323=DIRECTION('',(-0.,-1.,-0.));
#324=VECTOR('',#323,2.);
#325=LINE('',#322,#324);
#326=EDGE_CURVE('',#321,#313,#325,.T.);
#327=ORIENTED_EDGE('',*,*,#326,.F.);
#328=CARTESIAN_POINT('',(2.,-2.295,-9.7806));
#329=DIRECTION('',(0.,0.,1.));
#330=VECTOR('',#329,5.0156);
#331=LINE('',#328,#330);
#332=EDGE_CURVE('',#321,#63,#331,.T.);
#333=ORIENTED_EDGE('',*,*,#332,.T.);
#334=EDGE_LOOP('',(#69,#77,#85,#93,#102,#110,#118,#126,#134,#142,#150,#158,#166,#174,#182,#190,#198,#206,#214,#222,#230,#238,#246,#254,#262,#270,
#278,#286,#294,#302,#311,#319,#327,#333));
#335=FACE_BOUND('',#334,.T.);
#336=ADVANCED_FACE('',(#335),#59,.F.);
#337=CARTESIAN_POINT('',(10.,3.705,-12.7806125));
#338=DIRECTION('',(0.,0.,-1.));
#339=DIRECTION('',(0.,1.,0.));
#340=AXIS2_PLACEMENT_3D('',#337,#338,#339);
#341=PLANE('',#340);
#342=CARTESIAN_POINT('',(7.,-4.295,-12.7806125));
#343=VERTEX_POINT('',#342);
#344=CARTESIAN_POINT('',(7.,3.175,-12.7806125));
#345=VERTEX_POINT('',#344);
#346=CARTESIAN_POINT('',(7.,-4.295,-12.7806125));
#347=DIRECTION('',(0.,1.,0.));
#348=VECTOR('',#347,7.47);
#349=LINE('',#346,#348);
#350=EDGE_CURVE('',#343,#345,#349,.T.);
#351=ORIENTED_EDGE('',*,*,#350,.F.);
#352=CARTESIAN_POINT('',(20.,-4.295,-12.78060625));
#353=VERTEX_POINT('',#352);
#354=CARTESIAN_POINT('',(7.,-4.295,-12.7806125));
#355=DIRECTION('',(1.,0.,-0.));
#356=VECTOR('',#355,13.);
#357=LINE('',#354,#356);
#358=EDGE_CURVE('',#343,#353,#357,.T.);
#359=ORIENTED_EDGE('',*,*,#358,.T.);
#360=CARTESIAN_POINT('',(20.,3.175,-12.78060625));
#361=VERTEX_POINT('',#360);
#362=CARTESIAN_POINT('',(20.,3.175,-12.7806125));
#363=DIRECTION('',(-0.,-1.,-0.));
#364=VECTOR('',#363,7.47);
#365=LINE('',#362,#364);
#366=EDGE_CURVE('',#361,#353,#365,.T.);
#367=ORIENTED_EDGE('',*,*,#366,.F.);
#368=CARTESIAN_POINT('',(7.,3.175,-12.7806125));
#369=DIRECTION('',(1.,0.,-0.));
#370=VECTOR('',#369,13.);
#371=LINE('',#368,#370);
#372=EDGE_CURVE('',#345,#361,#371,.T.);
#373=ORIENTED_EDGE('',*,*,#372,.F.);
#374=EDGE_LOOP('',(#351,#359,#367,#373));
#375=FACE_BOUND('',#374,.T.);
#376=ADVANCED_FACE('',(#375),#341,.F.);
#377=CARTESIAN_POINT('',(92.,3.175,-12.7806125));
#378=DIRECTION('',(0.,0.,1.));
#379=DIRECTION('',(1.,0.,0.));
#380=AXIS2_PLACEMENT_3D('',#377,#378,#379);
#381=PLANE('',#380);
#382=CARTESIAN_POINT('',(91.7264,-4.295,-12.7806125));
#383=VERTEX_POINT('',#382);
#384=CARTESIAN_POINT('',(82.,-4.295,-12.78060625));
#385=VERTEX_POINT('',#384);
#386=CARTESIAN_POINT('',(91.7264,-4.295,-12.7806125));
#387=DIRECTION('',(-1.,-0.,0.));
#388=VECTOR('',#387,9.7264);
#389=LINE('',#386,#388);
#390=EDGE_CURVE('',#383,#385,#389,.T.);
#391=ORIENTED_EDGE('',*,*,#390,.F.);
#392=CARTESIAN_POINT('',(91.7264,3.175,-12.7806125));
#393=VERTEX_POINT('',#392);
#394=CARTESIAN_POINT('',(91.7264,-4.295,-12.7806125));
#395=DIRECTION('',(0.,1.,0.));
#396=VECTOR('',#395,7.47);
#397=LINE('',#394,#396);
#398=EDGE_CURVE('',#383,#393,#397,.T.);
#399=ORIENTED_EDGE('',*,*,#398,.T.);
#400=CARTESIAN_POINT('',(82.,3.175,-12.78060625));
#401=VERTEX_POINT('',#400);
#402=CARTESIAN_POINT('',(91.7264,3.175,-12.7806125));
#403=DIRECTION('',(-1.,-0.,0.));
#404=VECTOR('',#403,9.7264);
#405=LINE('',#402,#404);
#406=EDGE_CURVE('',#393,#401,#405,.T.);
#407=ORIENTED_EDGE('',*,*,#406,.T.);
#408=CARTESIAN_POINT('',(82.,3.175,-12.7806125));
#409=DIRECTION('',(-0.,-1.,-0.));
#410=VECTOR('',#409,7.47);
#411=LINE('',#408,#410);
#412=EDGE_CURVE('',#401,#385,#411,.T.);
#413=ORIENTED_EDGE('',*,*,#412,.T.);
#414=EDGE_LOOP('',(#391,#399,#407,#413));
#415=FACE_BOUND('',#414,.T.);
#416=ADVANCED_FACE('',(#415),#381,.T.);
#417=CARTESIAN_POINT('',(86.75,3.175,-20.3278));
#418=DIRECTION('',(0.,-1.,0.));
#419=DIRECTION('',(0.,0.,-1.));
#420=AXIS2_PLACEMENT_3D('',#417,#418,#419);
#421=CYLINDRICAL_SURFACE('',#420,2.25);
#422=CARTESIAN_POINT('',(86.75,-0.695,-22.5778));
#423=VERTEX_POINT('',#422);
#424=CARTESIAN_POINT('',(86.75,3.175,-22.5778));
#425=VERTEX_POINT('',#424);
#426=CARTESIAN_POINT('',(86.75,-0.695,-22.5778));
#427=DIRECTION('',(-0.,1.,-0.));
#428=VECTOR('',#427,3.87);
#429=LINE('',#426,#428);
#430=EDGE_CURVE('',#423,#425,#429,.T.);
#431=ORIENTED_EDGE('',*,*,#430,.F.);
#432=CARTESIAN_POINT('',(86.75,-0.695,-20.3278));
#433=DIRECTION('',(-0.,1.,-0.));
#434=DIRECTION('',(0.,0.,-1.));
#435=AXIS2_PLACEMENT_3D('',#432,#433,#434);
#436=CIRCLE('',#435,2.25);
#437=EDGE_CURVE('',#423,#423,#436,.T.);
#438=ORIENTED_EDGE('',*,*,#437,.F.);
#439=ORIENTED_EDGE('',*,*,#430,.T.);
#440=CARTESIAN_POINT('',(86.75,3.175,-20.3278));
#441=DIRECTION('',(0.,-1.,0.));
#442=DIRECTION('',(0.,0.,-1.));
#443=AXIS2_PLACEMENT_3D('',#440,#441,#442);
#444=CIRCLE('',#443,2.25);
#445=EDGE_CURVE('',#425,#425,#444,.T.);
#446=ORIENTED_EDGE('',*,*,#445,.F.);
#447=EDGE_LOOP('',(#431,#438,#439,#446));
#448=FACE_BOUND('',#447,.T.);
#449=ADVANCED_FACE('',(#448),#421,.F.);
#450=CARTESIAN_POINT('',(15.25,3.175,-20.3278));
#451=DIRECTION('',(0.,-1.,0.));
#452=DIRECTION('',(0.,0.,-1.));
#453=AXIS2_PLACEMENT_3D('',#450,#451,#452);
#454=CYLINDRICAL_SURFACE('',#453,2.25);
#455=CARTESIAN_POINT('',(15.25,-0.695,-22.5778));
#456=VERTEX_POINT('',#455);
#457=CARTESIAN_POINT('',(15.25,3.175,-22.5778));
#458=VERTEX_POINT('',#457);
#459=CARTESIAN_POINT('',(15.25,-0.695,-22.5778));
#460=DIRECTION('',(-0.,1.,-0.));
#461=VECTOR('',#460,3.87);
#462=LINE('',#459,#461);
#463=EDGE_CURVE('',#456,#458,#462,.T.);
#464=ORIENTED_EDGE('',*,*,#463,.F.);
#465=CARTESIAN_POINT('',(15.25,-0.695,-20.3278));
#466=DIRECTION('',(-0.,1.,-0.));
#467=DIRECTION('',(0.,0.,-1.));
#468=AXIS2_PLACEMENT_3D('',#465,#466,#467);
#469=CIRCLE('',#468,2.25);
#470=EDGE_CURVE('',#456,#456,#469,.T.);
#471=ORIENTED_EDGE('',*,*,#470,.F.);
#472=ORIENTED_EDGE('',*,*,#463,.T.);
#473=CARTESIAN_POINT('',(15.25,3.175,-20.3278));
#474=DIRECTION('',(0.,-1.,0.));
#475=DIRECTION('',(0.,0.,-1.));
#476=AXIS2_PLACEMENT_3D('',#473,#474,#475);
#477=CIRCLE('',#476,2.25);
#478=EDGE_CURVE('',#458,#458,#477,.T.);
#479=ORIENTED_EDGE('',*,*,#478,.F.);
#480=EDGE_LOOP('',(#464,#471,#472,#479));
#481=FACE_BOUND('',#480,.T.);
#482=ADVANCED_FACE('',(#481),#454,.F.);
#483=CARTESIAN_POINT('',(0.,-3.295,-101.4125));
#484=DIRECTION('',(0.,1.,0.));
#485=DIRECTION('',(0.,0.,1.));
#486=AXIS2_PLACEMENT_3D('',#483,#484,#485);
#487=PLANE('',#486);
#488=CARTESIAN_POINT('',(62.5025,-3.295,-24.890625));
#489=VERTEX_POINT('',#488);
#490=CARTESIAN_POINT('',(62.5025,-3.295,-26.875));
#491=VERTEX_POINT('',#490);
#492=CARTESIAN_POINT('',(62.5025,-3.295,-24.890625));
#493=DIRECTION('',(-0.,-0.,-1.));
#494=VECTOR('',#493,1.984375);
#495=LINE('',#492,#494);
#496=EDGE_CURVE('',#489,#491,#495,.T.);
#497=ORIENTED_EDGE('',*,*,#496,.F.);
#498=CARTESIAN_POINT('',(2.,-3.295,-24.890625));
#499=DIRECTION('',(1.,0.,-0.));
#500=VECTOR('',#499,60.5025);
#501=LINE('',#498,#500);
#502=EDGE_CURVE('',#280,#489,#501,.T.);
#503=ORIENTED_EDGE('',*,*,#502,.F.);
#504=ORIENTED_EDGE('',*,*,#285,.F.);
#505=CARTESIAN_POINT('',(2.,-3.295,-26.875));
#506=DIRECTION('',(1.,0.,-0.));
#507=VECTOR('',#506,60.5025);
#508=LINE('',#505,#507);
#509=EDGE_CURVE('',#272,#491,#508,.T.);
#510=ORIENTED_EDGE('',*,*,#509,.T.);
#511=EDGE_LOOP('',(#497,#503,#504,#510));
#512=FACE_BOUND('',#511,.T.);
#513=ADVANCED_FACE('',(#512),#487,.F.);
#514=CARTESIAN_POINT('',(0.,-3.295,-101.4125));
#515=DIRECTION('',(0.,1.,0.));
#516=DIRECTION('',(0.,0.,1.));
#517=AXIS2_PLACEMENT_3D('',#514,#515,#516);
#518=PLANE('',#517);
#519=CARTESIAN_POINT('',(62.5025,-3.295,-36.000625));
#520=VERTEX_POINT('',#519);
#521=CARTESIAN_POINT('',(62.5025,-3.295,-37.985));
#522=VERTEX_POINT('',#521);
#523=CARTESIAN_POINT('',(62.5025,-3.295,-36.000625));
#524=DIRECTION('',(-0.,-0.,-1.));
#525=VECTOR('',#524,1.984375);
#526=LINE('',#523,#525);
#527=EDGE_CURVE('',#520,#522,#526,.T.);
#528=ORIENTED_EDGE('',*,*,#527,.F.);
#529=CARTESIAN_POINT('',(2.,-3.295,-36.000625));
#530=DIRECTION('',(1.,0.,-0.));
#531=VECTOR('',#530,60.5025);
#532=LINE('',#529,#531);
#533=EDGE_CURVE('',#248,#520,#532,.T.);
#534=ORIENTED_EDGE('',*,*,#533,.F.);
#535=ORIENTED_EDGE('',*,*,#253,.F.);
#536=CARTESIAN_POINT('',(2.,-3.295,-37.985));
#537=DIRECTION('',(1.,0.,-0.));
#538=VECTOR('',#537,60.5025);
#539=LINE('',#536,#538);
#540=EDGE_CURVE('',#240,#522,#539,.T.);
#541=ORIENTED_EDGE('',*,*,#540,.T.);
#542=EDGE_LOOP('',(#528,#534,#535,#541));
#543=FACE_BOUND('',#542,.T.);
#544=ADVANCED_FACE('',(#543),#518,.F.);
#545=CARTESIAN_POINT('',(62.5025,-3.295,-59.2128125));
#546=DIRECTION('',(0.,-1.,0.));
#547=DIRECTION('',(0.,0.,-1.));
#548=AXIS2_PLACEMENT_3D('',#545,#546,#547);
#549=PLANE('',#548);
#550=CARTESIAN_POINT('',(62.5025,-3.295,-60.205));
#551=VERTEX_POINT('',#550);
#552=CARTESIAN_POINT('',(62.5025,-3.295,-60.205));
#553=DIRECTION('',(-1.,-0.,0.));
#554=VECTOR('',#553,60.5025);
#555=LINE('',#552,#554);
#556=EDGE_CURVE('',#551,#176,#555,.T.);
#557=ORIENTED_EDGE('',*,*,#556,.F.);
#558=CARTESIAN_POINT('',(62.5025,-3.295,-58.220625));
#559=VERTEX_POINT('',#558);
#560=CARTESIAN_POINT('',(62.5025,-3.295,-60.205));
#561=DIRECTION('',(-0.,-0.,1.));
#562=VECTOR('',#561,1.984375);
#563=LINE('',#560,#562);
#564=EDGE_CURVE('',#551,#559,#563,.T.);
#565=ORIENTED_EDGE('',*,*,#564,.T.);
#566=CARTESIAN_POINT('',(2.,-3.295,-58.220625));
#567=DIRECTION('',(1.,0.,-0.));
#568=VECTOR('',#567,60.5025);
#569=LINE('',#566,#568);
#570=EDGE_CURVE('',#184,#559,#569,.T.);
#571=ORIENTED_EDGE('',*,*,#570,.F.);
#572=ORIENTED_EDGE('',*,*,#189,.F.);
#573=EDGE_LOOP('',(#557,#565,#571,#572));
#574=FACE_BOUND('',#573,.T.);
#575=ADVANCED_FACE('',(#574),#549,.T.);
#576=CARTESIAN_POINT('',(62.5025,-3.295,-70.3228125));
#577=DIRECTION('',(0.,-1.,0.));
#578=DIRECTION('',(0.,0.,-1.));
#579=AXIS2_PLACEMENT_3D('',#576,#577,#578);
#580=PLANE('',#579);
#581=CARTESIAN_POINT('',(62.5025,-3.295,-71.315));
#582=VERTEX_POINT('',#581);
#583=CARTESIAN_POINT('',(62.5025,-3.295,-71.315));
#584=DIRECTION('',(-1.,-0.,0.));
#585=VECTOR('',#584,60.5025);
#586=LINE('',#583,#585);
#587=EDGE_CURVE('',#582,#144,#586,.T.);
#588=ORIENTED_EDGE('',*,*,#587,.F.);
#589=CARTESIAN_POINT('',(62.5025,-3.295,-69.330625));
#590=VERTEX_POINT('',#589);
#591=CARTESIAN_POINT('',(62.5025,-3.295,-71.315));
#592=DIRECTION('',(-0.,-0.,1.));
#593=VECTOR('',#592,1.984375);
#594=LINE('',#591,#593);
#595=EDGE_CURVE('',#582,#590,#594,.T.);
#596=ORIENTED_EDGE('',*,*,#595,.T.);
#597=CARTESIAN_POINT('',(62.5025,-3.295,-69.330625));
#598=DIRECTION('',(-1.,-0.,0.));
#599=VECTOR('',#598,60.5025);
#600=LINE('',#597,#599);
#601=EDGE_CURVE('',#590,#152,#600,.T.);
#602=ORIENTED_EDGE('',*,*,#601,.T.);
#603=ORIENTED_EDGE('',*,*,#157,.F.);
#604=EDGE_LOOP('',(#588,#596,#602,#603));
#605=FACE_BOUND('',#604,.T.);
#606=ADVANCED_FACE('',(#605),#580,.T.);
#607=CARTESIAN_POINT('',(0.,-3.295,-101.4125));
#608=DIRECTION('',(0.,1.,0.));
#609=DIRECTION('',(0.,0.,1.));
#610=AXIS2_PLACEMENT_3D('',#607,#608,#609);
#611=PLANE('',#610);
#612=CARTESIAN_POINT('',(62.5025,-3.295,-47.110625));
#613=VERTEX_POINT('',#612);
#614=CARTESIAN_POINT('',(62.5025,-3.295,-49.095));
#615=VERTEX_POINT('',#614);
#616=CARTESIAN_POINT('',(62.5025,-3.295,-47.110625));
#617=DIRECTION('',(-0.,-0.,-1.));
#618=VECTOR('',#617,1.984375);
#619=LINE('',#616,#618);
#620=EDGE_CURVE('',#613,#615,#619,.T.);
#621=ORIENTED_EDGE('',*,*,#620,.F.);
#622=CARTESIAN_POINT('',(2.,-3.295,-47.110625));
#623=DIRECTION('',(1.,0.,-0.));
#624=VECTOR('',#623,60.5025);
#625=LINE('',#622,#624);
#626=EDGE_CURVE('',#216,#613,#625,.T.);
#627=ORIENTED_EDGE('',*,*,#626,.F.);
#628=ORIENTED_EDGE('',*,*,#221,.F.);
#629=CARTESIAN_POINT('',(2.,-3.295,-49.095));
#630=DIRECTION('',(1.,0.,-0.));
#631=VECTOR('',#630,60.5025);
#632=LINE('',#629,#631);
#633=EDGE_CURVE('',#208,#615,#632,.T.);
#634=ORIENTED_EDGE('',*,*,#633,.T.);
#635=EDGE_LOOP('',(#621,#627,#628,#634));
#636=FACE_BOUND('',#635,.T.);
#637=ADVANCED_FACE('',(#636),#611,.F.);
#638=CARTESIAN_POINT('',(0.,-3.295,-101.4125));
#639=DIRECTION('',(0.,1.,0.));
#640=DIRECTION('',(0.,0.,1.));
#641=AXIS2_PLACEMENT_3D('',#638,#639,#640);
#642=PLANE('',#641);
#643=CARTESIAN_POINT('',(62.5025,-3.295,-80.440625));
#644=VERTEX_POINT('',#643);
#645=CARTESIAN_POINT('',(62.5025,-3.295,-82.425));
#646=VERTEX_POINT('',#645);
#647=CARTESIAN_POINT('',(62.5025,-3.295,-80.440625));
#648=DIRECTION('',(-0.,-0.,-1.));
#649=VECTOR('',#648,1.984375);
#650=LINE('',#647,#649);
#651=EDGE_CURVE('',#644,#646,#650,.T.);
#652=ORIENTED_EDGE('',*,*,#651,.F.);
#653=CARTESIAN_POINT('',(2.,-3.295,-80.440625));
#654=DIRECTION('',(1.,0.,-0.));
#655=VECTOR('',#654,60.5025);
#656=LINE('',#653,#655);
#657=EDGE_CURVE('',#120,#644,#656,.T.);
#658=ORIENTED_EDGE('',*,*,#657,.F.);
#659=ORIENTED_EDGE('',*,*,#125,.F.);
#660=CARTESIAN_POINT('',(2.,-3.295,-82.425));
#661=DIRECTION('',(1.,0.,-0.));
#662=VECTOR('',#661,60.5025);
#663=LINE('',#660,#662);
#664=EDGE_CURVE('',#112,#646,#663,.T.);
#665=ORIENTED_EDGE('',*,*,#664,.T.);
#666=EDGE_LOOP('',(#652,#658,#659,#665));
#667=FACE_BOUND('',#666,.T.);
#668=ADVANCED_FACE('',(#667),#642,.F.);
#669=CARTESIAN_POINT('',(30.894576832,3.175,-65.953620671));
#670=DIRECTION('',(-0.5,0.,0.866025404));
#671=DIRECTION('',(0.866025404,0.,0.5));
#672=AXIS2_PLACEMENT_3D('',#669,#670,#671);
#673=PLANE('',#672);
#674=CARTESIAN_POINT('',(26.777484564,-0.295,-68.330625));
#675=VERTEX_POINT('',#674);
#676=CARTESIAN_POINT('',(19.876344627,-0.295,-72.315));
#677=VERTEX_POINT('',#676);
#678=CARTESIAN_POINT('',(26.777484564,-0.295,-68.330625));
#679=DIRECTION('',(-0.866025404,0.,-0.5));
#680=VECTOR('',#679,7.968750001);
#681=LINE('',#678,#680);
#682=EDGE_CURVE('',#675,#677,#681,.T.);
#683=ORIENTED_EDGE('',*,*,#682,.F.);
#684=CARTESIAN_POINT('',(26.777484564,-4.295,-68.330625));
#685=VERTEX_POINT('',#684);
#686=CARTESIAN_POINT('',(26.777484564,-4.295,-68.330625));
#687=DIRECTION('',(0.,1.,0.));
#688=VECTOR('',#687,4.);
#689=LINE('',#686,#688);
#690=EDGE_CURVE('',#685,#675,#689,.T.);
#691=ORIENTED_EDGE('',*,*,#690,.F.);
#692=CARTESIAN_POINT('',(39.119429099,-4.295,-61.205));
#693=VERTEX_POINT('',#692);
#694=CARTESIAN_POINT('',(39.119429099,-4.295,-61.205));
#695=DIRECTION('',(-0.866025404,0.,-0.5));
#696=VECTOR('',#695,14.25125);
#697=LINE('',#694,#696);
#698=EDGE_CURVE('',#693,#685,#697,.T.);
#699=ORIENTED_EDGE('',*,*,#698,.F.);
#700=CARTESIAN_POINT('',(39.119429101,-0.295,-61.205000001));
#701=VERTEX_POINT('',#700);
#702=CARTESIAN_POINT('',(39.1194291,-4.295,-61.205000001));
#703=DIRECTION('',(0.,1.,0.));
#704=VECTOR('',#703,4.);
#705=LINE('',#702,#704);
#706=EDGE_CURVE('',#693,#701,#705,.T.);
#707=ORIENTED_EDGE('',*,*,#706,.T.);
#708=CARTESIAN_POINT('',(41.687728106,-0.295,-59.722191879));
#709=VERTEX_POINT('',#708);
#710=CARTESIAN_POINT('',(39.119429101,-0.295,-61.205000001));
#711=DIRECTION('',(0.866025404,0.,0.5));
#712=VECTOR('',#711,2.965616244);
#713=LINE('',#710,#712);
#714=EDGE_CURVE('',#701,#709,#713,.T.);
#715=ORIENTED_EDGE('',*,*,#714,.T.);
#716=CARTESIAN_POINT('',(41.687728106,3.175,-59.722191879));
#717=VERTEX_POINT('',#716);
#718=CARTESIAN_POINT('',(41.687728105,3.175,-59.722191878));
#719=DIRECTION('',(0.,-1.,0.));
#720=VECTOR('',#719,3.47);
#721=LINE('',#718,#720);
#722=EDGE_CURVE('',#717,#709,#721,.T.);
#723=ORIENTED_EDGE('',*,*,#722,.F.);
#724=CARTESIAN_POINT('',(17.366683561,3.175,-73.763953491));
#725=VERTEX_POINT('',#724);
#726=CARTESIAN_POINT('',(41.687728106,3.175,-59.722191879));
#727=DIRECTION('',(-0.866025404,-0.,-0.5));
#728=VECTOR('',#727,28.083523229);
#729=LINE('',#726,#728);
#730=EDGE_CURVE('',#717,#725,#729,.T.);
#731=ORIENTED_EDGE('',*,*,#730,.T.);
#732=CARTESIAN_POINT('',(17.366683561,-4.295,-73.763953491));
#733=VERTEX_POINT('',#732);
#734=CARTESIAN_POINT('',(17.36668356,3.175,-73.763953491));
#735=DIRECTION('',(-0.,-1.,-0.));
#736=VECTOR('',#735,7.47);
#737=LINE('',#734,#736);
#738=EDGE_CURVE('',#725,#733,#737,.T.);
#739=ORIENTED_EDGE('',*,*,#738,.T.);
#740=CARTESIAN_POINT('',(19.876344627,-4.295,-72.315));
#741=VERTEX_POINT('',#740);
#742=CARTESIAN_POINT('',(19.876344627,-4.295,-72.315));
#743=DIRECTION('',(-0.866025404,0.,-0.5));
#744=VECTOR('',#743,2.897906984);
#745=LINE('',#742,#744);
#746=EDGE_CURVE('',#741,#733,#745,.T.);
#747=ORIENTED_EDGE('',*,*,#746,.F.);
#748=CARTESIAN_POINT('',(19.876344627,-4.295,-72.314999999));
#749=DIRECTION('',(0.,1.,0.));
#750=VECTOR('',#749,4.);
#751=LINE('',#748,#750);
#752=EDGE_CURVE('',#741,#677,#751,.T.);
#753=ORIENTED_EDGE('',*,*,#752,.T.);
#754=EDGE_LOOP('',(#683,#691,#699,#707,#715,#723,#731,#739,#747,#753));
#755=FACE_BOUND('',#754,.T.);
#756=ADVANCED_FACE('',(#755),#673,.T.);
#757=CARTESIAN_POINT('',(62.5025,-3.795,-69.330625));
#758=DIRECTION('',(0.,0.,-1.));
#759=DIRECTION('',(-1.,0.,0.));
#760=AXIS2_PLACEMENT_3D('',#757,#758,#759);
#761=PLANE('',#760);
#762=CARTESIAN_POINT('',(62.5025,-1.12,-69.330625));
#763=VERTEX_POINT('',#762);
#764=CARTESIAN_POINT('',(62.5025,-3.295,-69.330625));
#765=DIRECTION('',(0.,1.,0.));
#766=VECTOR('',#765,2.175);
#767=LINE('',#764,#766);
#768=EDGE_CURVE('',#590,#763,#767,.T.);
#769=ORIENTED_EDGE('',*,*,#768,.T.);
#770=CARTESIAN_POINT('',(102.,-1.12,-69.330625));
#771=VERTEX_POINT('',#770);
#772=CARTESIAN_POINT('',(62.5025,-1.12,-69.330625));
#773=DIRECTION('',(1.,-0.,-0.));
#774=VECTOR('',#773,39.4975);
#775=LINE('',#772,#774);
#776=EDGE_CURVE('',#763,#771,#775,.T.);
#777=ORIENTED_EDGE('',*,*,#776,.T.);
#778=CARTESIAN_POINT('',(102.,-4.295,-69.330625));
#779=VERTEX_POINT('',#778);
#780=CARTESIAN_POINT('',(102.,-1.12,-69.330625));
#781=DIRECTION('',(-0.,-1.,-0.));
#782=VECTOR('',#781,3.175);
#783=LINE('',#780,#782);
#784=EDGE_CURVE('',#771,#779,#783,.T.);
#785=ORIENTED_EDGE('',*,*,#784,.T.);
#786=CARTESIAN_POINT('',(102.,-4.295,-69.330625));
#787=DIRECTION('',(-1.,0.,0.));
#788=VECTOR('',#787,100.);
#789=LINE('',#786,#788);
#790=EDGE_CURVE('',#779,#160,#789,.T.);
#791=ORIENTED_EDGE('',*,*,#790,.T.);
#792=ORIENTED_EDGE('',*,*,#165,.F.);
#793=ORIENTED_EDGE('',*,*,#601,.F.);
#794=EDGE_LOOP('',(#769,#777,#785,#791,#792,#793));
#795=FACE_BOUND('',#794,.T.);
#796=ADVANCED_FACE('',(#795),#761,.T.);
#797=CARTESIAN_POINT('',(62.5025,-3.795,-71.315));
#798=DIRECTION('',(0.,0.,1.));
#799=DIRECTION('',(1.,0.,0.));
#800=AXIS2_PLACEMENT_3D('',#797,#798,#799);
#801=PLANE('',#800);
#802=CARTESIAN_POINT('',(62.5025,-1.12,-71.315));
#803=VERTEX_POINT('',#802);
#804=CARTESIAN_POINT('',(102.,-1.12,-71.315));
#805=VERTEX_POINT('',#804);
#806=CARTESIAN_POINT('',(62.5025,-1.12,-71.315));
#807=DIRECTION('',(1.,0.,-0.));
#808=VECTOR('',#807,39.4975);
#809=LINE('',#806,#808);
#810=EDGE_CURVE('',#803,#805,#809,.T.);
#811=ORIENTED_EDGE('',*,*,#810,.F.);
#812=CARTESIAN_POINT('',(62.5025,-1.12,-71.315));
#813=DIRECTION('',(-0.,-1.,-0.));
#814=VECTOR('',#813,2.175);
#815=LINE('',#812,#814);
#816=EDGE_CURVE('',#803,#582,#815,.T.);
#817=ORIENTED_EDGE('',*,*,#816,.T.);
#818=ORIENTED_EDGE('',*,*,#587,.T.);
#819=ORIENTED_EDGE('',*,*,#149,.T.);
#820=CARTESIAN_POINT('',(102.,-4.295,-71.315));
#821=VERTEX_POINT('',#820);
#822=CARTESIAN_POINT('',(102.,-4.295,-71.315));
#823=DIRECTION('',(-1.,-0.,0.));
#824=VECTOR('',#823,100.);
#825=LINE('',#822,#824);
#826=EDGE_CURVE('',#821,#136,#825,.T.);
#827=ORIENTED_EDGE('',*,*,#826,.F.);
#828=CARTESIAN_POINT('',(102.,-4.295,-71.315));
#829=DIRECTION('',(0.,1.,0.));
#830=VECTOR('',#829,3.175);
#831=LINE('',#828,#830);
#832=EDGE_CURVE('',#821,#805,#831,.T.);
#833=ORIENTED_EDGE('',*,*,#832,.T.);
#834=EDGE_LOOP('',(#811,#817,#818,#819,#827,#833));
#835=FACE_BOUND('',#834,.T.);
#836=ADVANCED_FACE('',(#835),#801,.T.);
#837=CARTESIAN_POINT('',(62.5025,-3.795,-60.205));
#838=DIRECTION('',(0.,0.,1.));
#839=DIRECTION('',(1.,0.,0.));
#840=AXIS2_PLACEMENT_3D('',#837,#838,#839);
#841=PLANE('',#840);
#842=CARTESIAN_POINT('',(62.5025,-1.12,-60.205));
#843=VERTEX_POINT('',#842);
#844=CARTESIAN_POINT('',(102.,-1.12,-60.205));
#845=VERTEX_POINT('',#844);
#846=CARTESIAN_POINT('',(62.5025,-1.12,-60.205));
#847=DIRECTION('',(1.,0.,-0.));
#848=VECTOR('',#847,39.4975);
#849=LINE('',#846,#848);
#850=EDGE_CURVE('',#843,#845,#849,.T.);
#851=ORIENTED_EDGE('',*,*,#850,.F.);
#852=CARTESIAN_POINT('',(62.5025,-1.12,-60.205));
#853=DIRECTION('',(-0.,-1.,-0.));
#854=VECTOR('',#853,2.175);
#855=LINE('',#852,#854);
#856=EDGE_CURVE('',#843,#551,#855,.T.);
#857=ORIENTED_EDGE('',*,*,#856,.T.);
#858=ORIENTED_EDGE('',*,*,#556,.T.);
#859=ORIENTED_EDGE('',*,*,#181,.T.);
#860=CARTESIAN_POINT('',(102.,-4.295,-60.205));
#861=VERTEX_POINT('',#860);
#862=CARTESIAN_POINT('',(102.,-4.295,-60.205));
#863=DIRECTION('',(-1.,-0.,0.));
#864=VECTOR('',#863,100.);
#865=LINE('',#862,#864);
#866=EDGE_CURVE('',#861,#168,#865,.T.);
#867=ORIENTED_EDGE('',*,*,#866,.F.);
#868=CARTESIAN_POINT('',(102.,-4.295,-60.205));
#869=DIRECTION('',(0.,1.,0.));
#870=VECTOR('',#869,3.175);
#871=LINE('',#868,#870);
#872=EDGE_CURVE('',#861,#845,#871,.T.);
#873=ORIENTED_EDGE('',*,*,#872,.T.);
#874=EDGE_LOOP('',(#851,#857,#858,#859,#867,#873));
#875=FACE_BOUND('',#874,.T.);
#876=ADVANCED_FACE('',(#875),#841,.T.);
#877=CARTESIAN_POINT('',(51.,11.705,-56.0778));
#878=DIRECTION('',(0.,-1.,0.));
#879=DIRECTION('',(0.,0.,-1.));
#880=AXIS2_PLACEMENT_3D('',#877,#878,#879);
#881=CYLINDRICAL_SURFACE('',#880,38.);
#882=CARTESIAN_POINT('',(85.356270696,-0.295,-72.315));
#883=VERTEX_POINT('',#882);
#884=CARTESIAN_POINT('',(86.970380586,-0.295,-68.330625));
#885=VERTEX_POINT('',#884);
#886=CARTESIAN_POINT('',(51.,-0.295,-56.0778));
#887=DIRECTION('',(0.,-1.,0.));
#888=DIRECTION('',(0.,0.,-1.));
#889=AXIS2_PLACEMENT_3D('',#886,#887,#888);
#890=CIRCLE('',#889,38.);
#891=EDGE_CURVE('',#883,#885,#890,.T.);
#892=ORIENTED_EDGE('',*,*,#891,.T.);
#893=CARTESIAN_POINT('',(86.970380586,-4.295,-68.330625));
#894=VERTEX_POINT('',#893);
#895=CARTESIAN_POINT('',(86.970380586,-0.295,-68.330625));
#896=DIRECTION('',(0.,-1.,0.));
#897=VECTOR('',#896,4.);
#898=LINE('',#895,#897);
#899=EDGE_CURVE('',#885,#894,#898,.T.);
#900=ORIENTED_EDGE('',*,*,#899,.T.);
#901=CARTESIAN_POINT('',(88.652514128,-4.295,-61.205));
#902=VERTEX_POINT('',#901);
#903=CARTESIAN_POINT('',(51.,-4.295,-56.0778));
#904=DIRECTION('',(0.,-1.,0.));
#905=DIRECTION('',(0.,0.,-1.));
#906=AXIS2_PLACEMENT_3D('',#903,#904,#905);
#907=CIRCLE('',#906,38.);
#908=EDGE_CURVE('',#894,#902,#907,.T.);
#909=ORIENTED_EDGE('',*,*,#908,.T.);
#910=CARTESIAN_POINT('',(88.652514128,-0.295,-61.205));
#911=VERTEX_POINT('',#910);
#912=CARTESIAN_POINT('',(88.652514128,-0.295,-61.205));
#913=DIRECTION('',(-0.,-1.,-0.));
#914=VECTOR('',#913,4.);
#915=LINE('',#912,#914);
#916=EDGE_CURVE('',#911,#902,#915,.T.);
#917=ORIENTED_EDGE('',*,*,#916,.F.);
#918=CARTESIAN_POINT('',(88.982811257,-0.295,-57.220625));
#919=VERTEX_POINT('',#918);
#920=CARTESIAN_POINT('',(51.,-0.295,-56.0778));
#921=DIRECTION('',(-0.,1.,-0.));
#922=DIRECTION('',(0.,0.,-1.));
#923=AXIS2_PLACEMENT_3D('',#920,#921,#922);
#924=CIRCLE('',#923,38.);
#925=EDGE_CURVE('',#919,#911,#924,.T.);
#926=ORIENTED_EDGE('',*,*,#925,.F.);
#927=CARTESIAN_POINT('',(88.982811257,-4.295,-57.220625));
#928=VERTEX_POINT('',#927);
#929=CARTESIAN_POINT('',(88.982811257,-0.295,-57.220625));
#930=DIRECTION('',(0.,-1.,0.));
#931=VECTOR('',#930,4.);
#932=LINE('',#929,#931);
#933=EDGE_CURVE('',#919,#928,#932,.T.);
#934=ORIENTED_EDGE('',*,*,#933,.T.);
#935=CARTESIAN_POINT('',(88.526072325,-4.295,-50.095));
#936=VERTEX_POINT('',#935);
#937=CARTESIAN_POINT('',(51.,-4.295,-56.0778));
#938=DIRECTION('',(0.,-1.,0.));
#939=DIRECTION('',(0.,0.,-1.));
#940=AXIS2_PLACEMENT_3D('',#937,#938,#939);
#941=CIRCLE('',#940,38.);
#942=EDGE_CURVE('',#928,#936,#941,.T.);
#943=ORIENTED_EDGE('',*,*,#942,.T.);
#944=CARTESIAN_POINT('',(88.526072325,-0.295,-50.095));
#945=VERTEX_POINT('',#944);
#946=CARTESIAN_POINT('',(88.526072325,-0.295,-50.095));
#947=DIRECTION('',(-0.,-1.,-0.));
#948=VECTOR('',#947,4.);
#949=LINE('',#946,#948);
#950=EDGE_CURVE('',#945,#936,#949,.T.);
#951=ORIENTED_EDGE('',*,*,#950,.F.);
#952=CARTESIAN_POINT('',(87.669543528,-0.295,-46.110625));
#953=VERTEX_POINT('',#952);
#954=CARTESIAN_POINT('',(51.,-0.295,-56.0778));
#955=DIRECTION('',(-0.,1.,-0.));
#956=DIRECTION('',(0.,0.,-1.));
#957=AXIS2_PLACEMENT_3D('',#954,#955,#956);
#958=CIRCLE('',#957,38.);
#959=EDGE_CURVE('',#953,#945,#958,.T.);
#960=ORIENTED_EDGE('',*,*,#959,.F.);
#961=CARTESIAN_POINT('',(87.669543528,-4.295,-46.110625));
#962=VERTEX_POINT('',#961);
#963=CARTESIAN_POINT('',(87.669543528,-0.295,-46.110625));
#964=DIRECTION('',(0.,-1.,0.));
#965=VECTOR('',#964,4.);
#966=LINE('',#963,#965);
#967=EDGE_CURVE('',#953,#962,#966,.T.);
#968=ORIENTED_EDGE('',*,*,#967,.T.);
#969=CARTESIAN_POINT('',(84.938712235,-4.295,-38.985));
#970=VERTEX_POINT('',#969);
#971=CARTESIAN_POINT('',(51.,-4.295,-56.0778));
#972=DIRECTION('',(0.,-1.,0.));
#973=DIRECTION('',(0.,0.,-1.));
#974=AXIS2_PLACEMENT_3D('',#971,#972,#973);
#975=CIRCLE('',#974,38.);
#976=EDGE_CURVE('',#962,#970,#975,.T.);
#977=ORIENTED_EDGE('',*,*,#976,.T.);
#978=CARTESIAN_POINT('',(84.938712235,-0.295,-38.985));
#979=VERTEX_POINT('',#978);
#980=CARTESIAN_POINT('',(84.938712235,-0.295,-38.985));
#981=DIRECTION('',(-0.,-1.,-0.));
#982=VECTOR('',#981,4.);
#983=LINE('',#980,#982);
#984=EDGE_CURVE('',#979,#970,#983,.T.);
#985=ORIENTED_EDGE('',*,*,#984,.F.);
#986=CARTESIAN_POINT('',(82.618866109,-0.295,-35.000625));
#987=VERTEX_POINT('',#986);
#988=CARTESIAN_POINT('',(51.,-0.295,-56.0778));
#989=DIRECTION('',(0.,-1.,0.));
#990=DIRECTION('',(0.,0.,-1.));
#991=AXIS2_PLACEMENT_3D('',#988,#989,#990);
#992=CIRCLE('',#991,38.);
#993=EDGE_CURVE('',#979,#987,#992,.T.);
#994=ORIENTED_EDGE('',*,*,#993,.T.);
#995=CARTESIAN_POINT('',(82.618866109,-4.295,-35.000625));
#996=VERTEX_POINT('',#995);
#997=CARTESIAN_POINT('',(82.618866109,-0.295,-35.000625));
#998=DIRECTION('',(0.,-1.,0.));
#999=VECTOR('',#998,4.);
#1000=LINE('',#997,#999);
#1001=EDGE_CURVE('',#987,#996,#1000,.T.);
#1002=ORIENTED_EDGE('',*,*,#1001,.T.);
#1003=CARTESIAN_POINT('',(76.467667191,-4.295,-27.875));
#1004=VERTEX_POINT('',#1003);
#1005=CARTESIAN_POINT('',(51.,-4.295,-56.0778));
#1006=DIRECTION('',(0.,-1.,0.));
#1007=DIRECTION('',(0.,0.,-1.));
#1008=AXIS2_PLACEMENT_3D('',#1005,#1006,#1007);
#1009=CIRCLE('',#1008,38.);
#1010=EDGE_CURVE('',#996,#1004,#1009,.T.);
#1011=ORIENTED_EDGE('',*,*,#1010,.T.);
#1012=CARTESIAN_POINT('',(76.467667191,-0.295,-27.875));
#1013=VERTEX_POINT('',#1012);
#1014=CARTESIAN_POINT('',(76.467667191,-0.295,-27.875));
#1015=DIRECTION('',(-0.,-1.,-0.));
#1016=VECTOR('',#1015,4.);
#1017=LINE('',#1014,#1016);
#1018=EDGE_CURVE('',#1013,#1004,#1017,.T.);
#1019=ORIENTED_EDGE('',*,*,#1018,.F.);
#1020=CARTESIAN_POINT('',(71.198657518,-0.295,-23.890625));
#1021=VERTEX_POINT('',#1020);
#1022=CARTESIAN_POINT('',(51.,-0.295,-56.0778));
#1023=DIRECTION('',(0.,-1.,0.));
#1024=DIRECTION('',(0.,0.,-1.));
#1025=AXIS2_PLACEMENT_3D('',#1022,#1023,#1024);
#1026=CIRCLE('',#1025,38.);
#1027=EDGE_CURVE('',#1013,#1021,#1026,.T.);
#1028=ORIENTED_EDGE('',*,*,#1027,.T.);
#1029=CARTESIAN_POINT('',(71.198657518,-4.295,-23.890625));
#1030=VERTEX_POINT('',#1029);
#1031=CARTESIAN_POINT('',(71.198657518,-0.295,-23.890625));
#1032=DIRECTION('',(0.,-1.,0.));
#1033=VECTOR('',#1032,4.);
#1034=LINE('',#1031,#1033);
#1035=EDGE_CURVE('',#1021,#1030,#1034,.T.);
#1036=ORIENTED_EDGE('',*,*,#1035,.T.);
#1037=CARTESIAN_POINT('',(52.5,-4.295,-18.107416805));
#1038=VERTEX_POINT('',#1037);
#1039=CARTESIAN_POINT('',(51.,-4.295,-56.0778));
#1040=DIRECTION('',(0.,-1.,0.));
#1041=DIRECTION('',(0.,0.,-1.));
#1042=AXIS2_PLACEMENT_3D('',#1039,#1040,#1041);
#1043=CIRCLE('',#1042,38.);
#1044=EDGE_CURVE('',#1030,#1038,#1043,.T.);
#1045=ORIENTED_EDGE('',*,*,#1044,.T.);
#1046=CARTESIAN_POINT('',(52.5,3.175,-18.107416805));
#1047=VERTEX_POINT('',#1046);
#1048=CARTESIAN_POINT('',(52.5,3.175,-18.107416805));
#1049=DIRECTION('',(-0.,-1.,-0.));
#1050=VECTOR('',#1049,7.47);
#1051=LINE('',#1048,#1050);
#1052=EDGE_CURVE('',#1047,#1038,#1051,.T.);
#1053=ORIENTED_EDGE('',*,*,#1052,.F.);
#1054=CARTESIAN_POINT('',(84.633316439,3.175,-73.763953492));
#1055=VERTEX_POINT('',#1054);
#1056=CARTESIAN_POINT('',(51.,3.175,-56.0778));
#1057=DIRECTION('',(-0.,1.,-0.));
#1058=DIRECTION('',(0.,0.,-1.));
#1059=AXIS2_PLACEMENT_3D('',#1056,#1057,#1058);
#1060=CIRCLE('',#1059,38.);
#1061=EDGE_CURVE('',#1047,#1055,#1060,.T.);
#1062=ORIENTED_EDGE('',*,*,#1061,.T.);
#1063=CARTESIAN_POINT('',(84.633316439,-4.295,-73.763953491));
#1064=VERTEX_POINT('',#1063);
#1065=CARTESIAN_POINT('',(84.633316439,3.175,-73.763953492));
#1066=DIRECTION('',(0.,-1.,0.));
#1067=VECTOR('',#1066,7.47);
#1068=LINE('',#1065,#1067);
#1069=EDGE_CURVE('',#1055,#1064,#1068,.T.);
#1070=ORIENTED_EDGE('',*,*,#1069,.T.);
#1071=CARTESIAN_POINT('',(85.356270696,-4.295,-72.315));
#1072=VERTEX_POINT('',#1071);
#1073=CARTESIAN_POINT('',(51.,-4.295,-56.0778));
#1074=DIRECTION('',(0.,-1.,0.));
#1075=DIRECTION('',(0.,0.,-1.));
#1076=AXIS2_PLACEMENT_3D('',#1073,#1074,#1075);
#1077=CIRCLE('',#1076,38.);
#1078=EDGE_CURVE('',#1064,#1072,#1077,.T.);
#1079=ORIENTED_EDGE('',*,*,#1078,.T.);
#1080=CARTESIAN_POINT('',(85.356270696,-0.295,-72.315));
#1081=DIRECTION('',(-0.,-1.,-0.));
#1082=VECTOR('',#1081,4.);
#1083=LINE('',#1080,#1082);
#1084=EDGE_CURVE('',#883,#1072,#1083,.T.);
#1085=ORIENTED_EDGE('',*,*,#1084,.F.);
#1086=EDGE_LOOP('',(#892,#900,#909,#917,#926,#934,#943,#951,#960,#968,#977,#985,#994,#1002,#1011,#1019,#1028,#1036,#1045,#1053,#1062,#1070,#1079,#1085));
#1087=FACE_BOUND('',#1086,.T.);
#1088=ADVANCED_FACE('',(#1087),#881,.F.);
#1089=CARTESIAN_POINT('',(51.,11.705,-56.0778));
#1090=DIRECTION('',(0.,-1.,0.));
#1091=DIRECTION('',(0.,0.,-1.));
#1092=AXIS2_PLACEMENT_3D('',#1089,#1090,#1091);
#1093=CYLINDRICAL_SURFACE('',#1092,38.);
#1094=CARTESIAN_POINT('',(15.029619414,-4.295,-68.330625));
#1095=VERTEX_POINT('',#1094);
#1096=CARTESIAN_POINT('',(15.029619414,-0.295,-68.330625));
#1097=VERTEX_POINT('',#1096);
#1098=CARTESIAN_POINT('',(15.029619414,-4.295,-68.330625));
#1099=DIRECTION('',(-0.,1.,-0.));
#1100=VECTOR('',#1099,4.);
#1101=LINE('',#1098,#1100);
#1102=EDGE_CURVE('',#1095,#1097,#1101,.T.);
#1103=ORIENTED_EDGE('',*,*,#1102,.T.);
#1104=CARTESIAN_POINT('',(16.643729304,-0.295,-72.315));
#1105=VERTEX_POINT('',#1104);
#1106=CARTESIAN_POINT('',(51.,-0.295,-56.0778));
#1107=DIRECTION('',(0.,-1.,0.));
#1108=DIRECTION('',(0.,0.,-1.));
#1109=AXIS2_PLACEMENT_3D('',#1106,#1107,#1108);
#1110=CIRCLE('',#1109,38.);
#1111=EDGE_CURVE('',#1097,#1105,#1110,.T.);
#1112=ORIENTED_EDGE('',*,*,#1111,.T.);
#1113=CARTESIAN_POINT('',(16.643729304,-4.295,-72.315));
#1114=VERTEX_POINT('',#1113);
#1115=CARTESIAN_POINT('',(16.643729304,-4.295,-72.315));
#1116=DIRECTION('',(0.,1.,0.));
#1117=VECTOR('',#1116,4.);
#1118=LINE('',#1115,#1117);
#1119=EDGE_CURVE('',#1114,#1105,#1118,.T.);
#1120=ORIENTED_EDGE('',*,*,#1119,.F.);
#1121=CARTESIAN_POINT('',(51.,-4.295,-56.0778));
#1122=DIRECTION('',(0.,-1.,0.));
#1123=DIRECTION('',(0.,0.,-1.));
#1124=AXIS2_PLACEMENT_3D('',#1121,#1122,#1123);
#1125=CIRCLE('',#1124,38.);
#1126=EDGE_CURVE('',#1114,#733,#1125,.T.);
#1127=ORIENTED_EDGE('',*,*,#1126,.T.);
#1128=ORIENTED_EDGE('',*,*,#738,.F.);
#1129=CARTESIAN_POINT('',(49.5,3.175,-18.107416805));
#1130=VERTEX_POINT('',#1129);
#1131=CARTESIAN_POINT('',(51.,3.175,-56.0778));
#1132=DIRECTION('',(-0.,1.,-0.));
#1133=DIRECTION('',(0.,0.,-1.));
#1134=AXIS2_PLACEMENT_3D('',#1131,#1132,#1133);
#1135=CIRCLE('',#1134,38.);
#1136=EDGE_CURVE('',#725,#1130,#1135,.T.);
#1137=ORIENTED_EDGE('',*,*,#1136,.T.);
#1138=CARTESIAN_POINT('',(49.5,-4.295,-18.107416805));
#1139=VERTEX_POINT('',#1138);
#1140=CARTESIAN_POINT('',(49.5,3.175,-18.107416805));
#1141=DIRECTION('',(0.,-1.,0.));
#1142=VECTOR('',#1141,7.47);
#1143=LINE('',#1140,#1142);
#1144=EDGE_CURVE('',#1130,#1139,#1143,.T.);
#1145=ORIENTED_EDGE('',*,*,#1144,.T.);
#1146=CARTESIAN_POINT('',(30.801342482,-4.295,-23.890625));
#1147=VERTEX_POINT('',#1146);
#1148=CARTESIAN_POINT('',(51.,-4.295,-56.0778));
#1149=DIRECTION('',(0.,-1.,0.));
#1150=DIRECTION('',(0.,0.,-1.));
#1151=AXIS2_PLACEMENT_3D('',#1148,#1149,#1150);
#1152=CIRCLE('',#1151,38.);
#1153=EDGE_CURVE('',#1139,#1147,#1152,.T.);
#1154=ORIENTED_EDGE('',*,*,#1153,.T.);
#1155=CARTESIAN_POINT('',(30.801342482,-0.295,-23.890625));
#1156=VERTEX_POINT('',#1155);
#1157=CARTESIAN_POINT('',(30.801342482,-4.295,-23.890625));
#1158=DIRECTION('',(-0.,1.,-0.));
#1159=VECTOR('',#1158,4.);
#1160=LINE('',#1157,#1159);
#1161=EDGE_CURVE('',#1147,#1156,#1160,.T.);
#1162=ORIENTED_EDGE('',*,*,#1161,.T.);
#1163=CARTESIAN_POINT('',(25.532332809,-0.295,-27.875));
#1164=VERTEX_POINT('',#1163);
#1165=CARTESIAN_POINT('',(51.,-0.295,-56.0778));
#1166=DIRECTION('',(0.,-1.,0.));
#1167=DIRECTION('',(0.,0.,-1.));
#1168=AXIS2_PLACEMENT_3D('',#1165,#1166,#1167);
#1169=CIRCLE('',#1168,38.);
#1170=EDGE_CURVE('',#1156,#1164,#1169,.T.);
#1171=ORIENTED_EDGE('',*,*,#1170,.T.);
#1172=CARTESIAN_POINT('',(25.532332809,-4.295,-27.875));
#1173=VERTEX_POINT('',#1172);
#1174=CARTESIAN_POINT('',(25.532332809,-4.295,-27.875));
#1175=DIRECTION('',(0.,1.,0.));
#1176=VECTOR('',#1175,4.);
#1177=LINE('',#1174,#1176);
#1178=EDGE_CURVE('',#1173,#1164,#1177,.T.);
#1179=ORIENTED_EDGE('',*,*,#1178,.F.);
#1180=CARTESIAN_POINT('',(19.381133891,-4.295,-35.000625));
#1181=VERTEX_POINT('',#1180);
#1182=CARTESIAN_POINT('',(51.,-4.295,-56.0778));
#1183=DIRECTION('',(0.,-1.,0.));
#1184=DIRECTION('',(0.,0.,-1.));
#1185=AXIS2_PLACEMENT_3D('',#1182,#1183,#1184);
#1186=CIRCLE('',#1185,38.);
#1187=EDGE_CURVE('',#1173,#1181,#1186,.T.);
#1188=ORIENTED_EDGE('',*,*,#1187,.T.);
#1189=CARTESIAN_POINT('',(19.381133891,-0.295,-35.000625));
#1190=VERTEX_POINT('',#1189);
#1191=CARTESIAN_POINT('',(19.381133891,-4.295,-35.000625));
#1192=DIRECTION('',(-0.,1.,-0.));
#1193=VECTOR('',#1192,4.);
#1194=LINE('',#1191,#1193);
#1195=EDGE_CURVE('',#1181,#1190,#1194,.T.);
#1196=ORIENTED_EDGE('',*,*,#1195,.T.);
#1197=CARTESIAN_POINT('',(17.061287765,-0.295,-38.985));
#1198=VERTEX_POINT('',#1197);
#1199=CARTESIAN_POINT('',(51.,-0.295,-56.0778));
#1200=DIRECTION('',(0.,-1.,0.));
#1201=DIRECTION('',(0.,0.,-1.));
#1202=AXIS2_PLACEMENT_3D('',#1199,#1200,#1201);
#1203=CIRCLE('',#1202,38.);
#1204=EDGE_CURVE('',#1190,#1198,#1203,.T.);
#1205=ORIENTED_EDGE('',*,*,#1204,.T.);
#1206=CARTESIAN_POINT('',(17.061287765,-4.295,-38.985));
#1207=VERTEX_POINT('',#1206);
#1208=CARTESIAN_POINT('',(17.061287765,-4.295,-38.985));
#1209=DIRECTION('',(0.,1.,0.));
#1210=VECTOR('',#1209,4.);
#1211=LINE('',#1208,#1210);
#1212=EDGE_CURVE('',#1207,#1198,#1211,.T.);
#1213=ORIENTED_EDGE('',*,*,#1212,.F.);
#1214=CARTESIAN_POINT('',(14.330456472,-4.295,-46.110625));
#1215=VERTEX_POINT('',#1214);
#1216=CARTESIAN_POINT('',(51.,-4.295,-56.0778));
#1217=DIRECTION('',(0.,-1.,0.));
#1218=DIRECTION('',(0.,0.,-1.));
#1219=AXIS2_PLACEMENT_3D('',#1216,#1217,#1218);
#1220=CIRCLE('',#1219,38.);
#1221=EDGE_CURVE('',#1207,#1215,#1220,.T.);
#1222=ORIENTED_EDGE('',*,*,#1221,.T.);
#1223=CARTESIAN_POINT('',(14.330456472,-0.295,-46.110625));
#1224=VERTEX_POINT('',#1223);
#1225=CARTESIAN_POINT('',(14.330456472,-4.295,-46.110625));
#1226=DIRECTION('',(-0.,1.,-0.));
#1227=VECTOR('',#1226,4.);
#1228=LINE('',#1225,#1227);
#1229=EDGE_CURVE('',#1215,#1224,#1228,.T.);
#1230=ORIENTED_EDGE('',*,*,#1229,.T.);
#1231=CARTESIAN_POINT('',(13.473927675,-0.295,-50.095));
#1232=VERTEX_POINT('',#1231);
#1233=CARTESIAN_POINT('',(51.,-0.295,-56.0778));
#1234=DIRECTION('',(-0.,1.,-0.));
#1235=DIRECTION('',(0.,0.,-1.));
#1236=AXIS2_PLACEMENT_3D('',#1233,#1234,#1235);
#1237=CIRCLE('',#1236,38.);
#1238=EDGE_CURVE('',#1232,#1224,#1237,.T.);
#1239=ORIENTED_EDGE('',*,*,#1238,.F.);
#1240=CARTESIAN_POINT('',(13.473927675,-4.295,-50.095));
#1241=VERTEX_POINT('',#1240);
#1242=CARTESIAN_POINT('',(13.473927675,-4.295,-50.095));
#1243=DIRECTION('',(0.,1.,0.));
#1244=VECTOR('',#1243,4.);
#1245=LINE('',#1242,#1244);
#1246=EDGE_CURVE('',#1241,#1232,#1245,.T.);
#1247=ORIENTED_EDGE('',*,*,#1246,.F.);
#1248=CARTESIAN_POINT('',(13.017188743,-4.295,-57.220625));
#1249=VERTEX_POINT('',#1248);
#1250=CARTESIAN_POINT('',(51.,-4.295,-56.0778));
#1251=DIRECTION('',(0.,-1.,0.));
#1252=DIRECTION('',(0.,0.,-1.));
#1253=AXIS2_PLACEMENT_3D('',#1250,#1251,#1252);
#1254=CIRCLE('',#1253,38.);
#1255=EDGE_CURVE('',#1241,#1249,#1254,.T.);
#1256=ORIENTED_EDGE('',*,*,#1255,.T.);
#1257=CARTESIAN_POINT('',(13.017188743,-0.295,-57.220625));
#1258=VERTEX_POINT('',#1257);
#1259=CARTESIAN_POINT('',(13.017188743,-4.295,-57.220625));
#1260=DIRECTION('',(-0.,1.,-0.));
#1261=VECTOR('',#1260,4.);
#1262=LINE('',#1259,#1261);
#1263=EDGE_CURVE('',#1249,#1258,#1262,.T.);
#1264=ORIENTED_EDGE('',*,*,#1263,.T.);
#1265=CARTESIAN_POINT('',(13.347485872,-0.295,-61.205));
#1266=VERTEX_POINT('',#1265);
#1267=CARTESIAN_POINT('',(51.,-0.295,-56.0778));
#1268=DIRECTION('',(-0.,1.,-0.));
#1269=DIRECTION('',(0.,0.,-1.));
#1270=AXIS2_PLACEMENT_3D('',#1267,#1268,#1269);
#1271=CIRCLE('',#1270,38.);
#1272=EDGE_CURVE('',#1266,#1258,#1271,.T.);
#1273=ORIENTED_EDGE('',*,*,#1272,.F.);
#1274=CARTESIAN_POINT('',(13.347485872,-4.295,-61.205));
#1275=VERTEX_POINT('',#1274);
#1276=CARTESIAN_POINT('',(13.347485872,-4.295,-61.205));
#1277=DIRECTION('',(0.,1.,0.));
#1278=VECTOR('',#1277,4.);
#1279=LINE('',#1276,#1278);
#1280=EDGE_CURVE('',#1275,#1266,#1279,.T.);
#1281=ORIENTED_EDGE('',*,*,#1280,.F.);
#1282=CARTESIAN_POINT('',(51.,-4.295,-56.0778));
#1283=DIRECTION('',(0.,-1.,0.));
#1284=DIRECTION('',(0.,0.,-1.));
#1285=AXIS2_PLACEMENT_3D('',#1282,#1283,#1284);
#1286=CIRCLE('',#1285,38.);
#1287=EDGE_CURVE('',#1275,#1095,#1286,.T.);
#1288=ORIENTED_EDGE('',*,*,#1287,.T.);
#1289=EDGE_LOOP('',(#1103,#1112,#1120,#1127,#1128,#1137,#1145,#1154,#1162,#1171,#1179,#1188,#1196,#1205,#1213,#1222,#1230,#1239,#1247,#1256,#1264,#1273,#1281,#1288));
#1290=FACE_BOUND('',#1289,.T.);
#1291=ADVANCED_FACE('',(#1290),#1093,.F.);
#1292=CARTESIAN_POINT('',(0.,-3.295,-24.890625));
#1293=DIRECTION('',(0.,0.,-1.));
#1294=DIRECTION('',(1.,0.,0.));
#1295=AXIS2_PLACEMENT_3D('',#1292,#1293,#1294);
#1296=PLANE('',#1295);
#1297=CARTESIAN_POINT('',(62.5025,-1.12,-24.890625));
#1298=VERTEX_POINT('',#1297);
#1299=CARTESIAN_POINT('',(62.5025,-3.295,-24.890625));
#1300=DIRECTION('',(-0.,1.,-0.));
#1301=VECTOR('',#1300,2.175);
#1302=LINE('',#1299,#1301);
#1303=EDGE_CURVE('',#489,#1298,#1302,.T.);
#1304=ORIENTED_EDGE('',*,*,#1303,.T.);
#1305=CARTESIAN_POINT('',(102.,-1.12,-24.890625));
#1306=VERTEX_POINT('',#1305);
#1307=CARTESIAN_POINT('',(62.5025,-1.12,-24.890625));
#1308=DIRECTION('',(1.,0.,-0.));
#1309=VECTOR('',#1308,39.4975);
#1310=LINE('',#1307,#1309);
#1311=EDGE_CURVE('',#1298,#1306,#1310,.T.);
#1312=ORIENTED_EDGE('',*,*,#1311,.T.);
#1313=CARTESIAN_POINT('',(102.,-4.295,-24.890625));
#1314=VERTEX_POINT('',#1313);
#1315=CARTESIAN_POINT('',(102.,-1.12,-24.890625));
#1316=DIRECTION('',(0.,-1.,0.));
#1317=VECTOR('',#1316,3.175);
#1318=LINE('',#1315,#1317);
#1319=EDGE_CURVE('',#1306,#1314,#1318,.T.);
#1320=ORIENTED_EDGE('',*,*,#1319,.T.);
#1321=CARTESIAN_POINT('',(2.,-4.295,-24.890625));
#1322=DIRECTION('',(1.,0.,-0.));
#1323=VECTOR('',#1322,100.);
#1324=LINE('',#1321,#1323);
#1325=EDGE_CURVE('',#288,#1314,#1324,.T.);
#1326=ORIENTED_EDGE('',*,*,#1325,.F.);
#1327=ORIENTED_EDGE('',*,*,#293,.F.);
#1328=ORIENTED_EDGE('',*,*,#502,.T.);
#1329=EDGE_LOOP('',(#1304,#1312,#1320,#1326,#1327,#1328));
#1330=FACE_BOUND('',#1329,.T.);
#1331=ADVANCED_FACE('',(#1330),#1296,.T.);
#1332=CARTESIAN_POINT('',(0.,-3.295,-26.875));
#1333=DIRECTION('',(0.,0.,-1.));
#1334=DIRECTION('',(1.,0.,0.));
#1335=AXIS2_PLACEMENT_3D('',#1332,#1333,#1334);
#1336=PLANE('',#1335);
#1337=CARTESIAN_POINT('',(62.5025,-1.12,-26.875));
#1338=VERTEX_POINT('',#1337);
#1339=CARTESIAN_POINT('',(102.,-1.12,-26.875));
#1340=VERTEX_POINT('',#1339);
#1341=CARTESIAN_POINT('',(62.5025,-1.12,-26.875));
#1342=DIRECTION('',(1.,0.,-0.));
#1343=VECTOR('',#1342,39.4975);
#1344=LINE('',#1341,#1343);
#1345=EDGE_CURVE('',#1338,#1340,#1344,.T.);
#1346=ORIENTED_EDGE('',*,*,#1345,.F.);
#1347=CARTESIAN_POINT('',(62.5025,-1.12,-26.875));
#1348=DIRECTION('',(0.,-1.,0.));
#1349=VECTOR('',#1348,2.175);
#1350=LINE('',#1347,#1349);
#1351=EDGE_CURVE('',#1338,#491,#1350,.T.);
#1352=ORIENTED_EDGE('',*,*,#1351,.T.);
#1353=ORIENTED_EDGE('',*,*,#509,.F.);
#1354=ORIENTED_EDGE('',*,*,#277,.T.);
#1355=CARTESIAN_POINT('',(102.,-4.295,-26.875));
#1356=VERTEX_POINT('',#1355);
#1357=CARTESIAN_POINT('',(2.,-4.295,-26.875));
#1358=DIRECTION('',(1.,0.,-0.));
#1359=VECTOR('',#1358,100.);
#1360=LINE('',#1357,#1359);
#1361=EDGE_CURVE('',#264,#1356,#1360,.T.);
#1362=ORIENTED_EDGE('',*,*,#1361,.T.);
#1363=CARTESIAN_POINT('',(102.,-4.295,-26.875));
#1364=DIRECTION('',(-0.,1.,-0.));
#1365=VECTOR('',#1364,3.175);
#1366=LINE('',#1363,#1365);
#1367=EDGE_CURVE('',#1356,#1340,#1366,.T.);
#1368=ORIENTED_EDGE('',*,*,#1367,.T.);
#1369=EDGE_LOOP('',(#1346,#1352,#1353,#1354,#1362,#1368));
#1370=FACE_BOUND('',#1369,.T.);
#1371=ADVANCED_FACE('',(#1370),#1336,.F.);
#1372=CARTESIAN_POINT('',(0.,-3.295,-36.000625));
#1373=DIRECTION('',(0.,0.,-1.));
#1374=DIRECTION('',(1.,0.,0.));
#1375=AXIS2_PLACEMENT_3D('',#1372,#1373,#1374);
#1376=PLANE('',#1375);
#1377=CARTESIAN_POINT('',(62.5025,-1.12,-36.000625));
#1378=VERTEX_POINT('',#1377);
#1379=CARTESIAN_POINT('',(62.5025,-3.295,-36.000625));
#1380=DIRECTION('',(-0.,1.,-0.));
#1381=VECTOR('',#1380,2.175);
#1382=LINE('',#1379,#1381);
#1383=EDGE_CURVE('',#520,#1378,#1382,.T.);
#1384=ORIENTED_EDGE('',*,*,#1383,.T.);
#1385=CARTESIAN_POINT('',(102.,-1.12,-36.000625));
#1386=VERTEX_POINT('',#1385);
#1387=CARTESIAN_POINT('',(62.5025,-1.12,-36.000625));
#1388=DIRECTION('',(1.,0.,-0.));
#1389=VECTOR('',#1388,39.4975);
#1390=LINE('',#1387,#1389);
#1391=EDGE_CURVE('',#1378,#1386,#1390,.T.);
#1392=ORIENTED_EDGE('',*,*,#1391,.T.);
#1393=CARTESIAN_POINT('',(102.,-4.295,-36.000625));
#1394=VERTEX_POINT('',#1393);
#1395=CARTESIAN_POINT('',(102.,-1.12,-36.000625));
#1396=DIRECTION('',(0.,-1.,0.));
#1397=VECTOR('',#1396,3.175);
#1398=LINE('',#1395,#1397);
#1399=EDGE_CURVE('',#1386,#1394,#1398,.T.);
#1400=ORIENTED_EDGE('',*,*,#1399,.T.);
#1401=CARTESIAN_POINT('',(2.,-4.295,-36.000625));
#1402=DIRECTION('',(1.,0.,-0.));
#1403=VECTOR('',#1402,100.);
#1404=LINE('',#1401,#1403);
#1405=EDGE_CURVE('',#256,#1394,#1404,.T.);
#1406=ORIENTED_EDGE('',*,*,#1405,.F.);
#1407=ORIENTED_EDGE('',*,*,#261,.F.);
#1408=ORIENTED_EDGE('',*,*,#533,.T.);
#1409=EDGE_LOOP('',(#1384,#1392,#1400,#1406,#1407,#1408));
#1410=FACE_BOUND('',#1409,.T.);
#1411=ADVANCED_FACE('',(#1410),#1376,.T.);
#1412=CARTESIAN_POINT('',(0.,-3.295,-37.985));
#1413=DIRECTION('',(0.,0.,-1.));
#1414=DIRECTION('',(1.,0.,0.));
#1415=AXIS2_PLACEMENT_3D('',#1412,#1413,#1414);
#1416=PLANE('',#1415);
#1417=CARTESIAN_POINT('',(62.5025,-1.12,-37.985));
#1418=VERTEX_POINT('',#1417);
#1419=CARTESIAN_POINT('',(102.,-1.12,-37.985));
#1420=VERTEX_POINT('',#1419);
#1421=CARTESIAN_POINT('',(62.5025,-1.12,-37.985));
#1422=DIRECTION('',(1.,0.,-0.));
#1423=VECTOR('',#1422,39.4975);
#1424=LINE('',#1421,#1423);
#1425=EDGE_CURVE('',#1418,#1420,#1424,.T.);
#1426=ORIENTED_EDGE('',*,*,#1425,.F.);
#1427=CARTESIAN_POINT('',(62.5025,-1.12,-37.985));
#1428=DIRECTION('',(0.,-1.,0.));
#1429=VECTOR('',#1428,2.175);
#1430=LINE('',#1427,#1429);
#1431=EDGE_CURVE('',#1418,#522,#1430,.T.);
#1432=ORIENTED_EDGE('',*,*,#1431,.T.);
#1433=ORIENTED_EDGE('',*,*,#540,.F.);
#1434=ORIENTED_EDGE('',*,*,#245,.T.);
#1435=CARTESIAN_POINT('',(102.,-4.295,-37.985));
#1436=VERTEX_POINT('',#1435);
#1437=CARTESIAN_POINT('',(2.,-4.295,-37.985));
#1438=DIRECTION('',(1.,0.,-0.));
#1439=VECTOR('',#1438,100.);
#1440=LINE('',#1437,#1439);
#1441=EDGE_CURVE('',#232,#1436,#1440,.T.);
#1442=ORIENTED_EDGE('',*,*,#1441,.T.);
#1443=CARTESIAN_POINT('',(102.,-4.295,-37.985));
#1444=DIRECTION('',(-0.,1.,-0.));
#1445=VECTOR('',#1444,3.175);
#1446=LINE('',#1443,#1445);
#1447=EDGE_CURVE('',#1436,#1420,#1446,.T.);
#1448=ORIENTED_EDGE('',*,*,#1447,.T.);
#1449=EDGE_LOOP('',(#1426,#1432,#1433,#1434,#1442,#1448));
#1450=FACE_BOUND('',#1449,.T.);
#1451=ADVANCED_FACE('',(#1450),#1416,.F.);
#1452=CARTESIAN_POINT('',(0.,-3.295,-47.110625));
#1453=DIRECTION('',(0.,0.,-1.));
#1454=DIRECTION('',(1.,0.,0.));
#1455=AXIS2_PLACEMENT_3D('',#1452,#1453,#1454);
#1456=PLANE('',#1455);
#1457=CARTESIAN_POINT('',(62.5025,-1.12,-47.110625));
#1458=VERTEX_POINT('',#1457);
#1459=CARTESIAN_POINT('',(62.5025,-3.295,-47.110625));
#1460=DIRECTION('',(-0.,1.,-0.));
#1461=VECTOR('',#1460,2.175);
#1462=LINE('',#1459,#1461);
#1463=EDGE_CURVE('',#613,#1458,#1462,.T.);
#1464=ORIENTED_EDGE('',*,*,#1463,.T.);
#1465=CARTESIAN_POINT('',(102.,-1.12,-47.110625));
#1466=VERTEX_POINT('',#1465);
#1467=CARTESIAN_POINT('',(62.5025,-1.12,-47.110625));
#1468=DIRECTION('',(1.,0.,-0.));
#1469=VECTOR('',#1468,39.4975);
#1470=LINE('',#1467,#1469);
#1471=EDGE_CURVE('',#1458,#1466,#1470,.T.);
#1472=ORIENTED_EDGE('',*,*,#1471,.T.);
#1473=CARTESIAN_POINT('',(102.,-4.295,-47.110625));
#1474=VERTEX_POINT('',#1473);
#1475=CARTESIAN_POINT('',(102.,-1.12,-47.110625));
#1476=DIRECTION('',(0.,-1.,0.));
#1477=VECTOR('',#1476,3.175);
#1478=LINE('',#1475,#1477);
#1479=EDGE_CURVE('',#1466,#1474,#1478,.T.);
#1480=ORIENTED_EDGE('',*,*,#1479,.T.);
#1481=CARTESIAN_POINT('',(2.,-4.295,-47.110625));
#1482=DIRECTION('',(1.,0.,-0.));
#1483=VECTOR('',#1482,100.);
#1484=LINE('',#1481,#1483);
#1485=EDGE_CURVE('',#224,#1474,#1484,.T.);
#1486=ORIENTED_EDGE('',*,*,#1485,.F.);
#1487=ORIENTED_EDGE('',*,*,#229,.F.);
#1488=ORIENTED_EDGE('',*,*,#626,.T.);
#1489=EDGE_LOOP('',(#1464,#1472,#1480,#1486,#1487,#1488));
#1490=FACE_BOUND('',#1489,.T.);
#1491=ADVANCED_FACE('',(#1490),#1456,.T.);
#1492=CARTESIAN_POINT('',(0.,-3.295,-49.095));
#1493=DIRECTION('',(0.,0.,-1.));
#1494=DIRECTION('',(1.,0.,0.));
#1495=AXIS2_PLACEMENT_3D('',#1492,#1493,#1494);
#1496=PLANE('',#1495);
#1497=CARTESIAN_POINT('',(62.5025,-1.12,-49.095));
#1498=VERTEX_POINT('',#1497);
#1499=CARTESIAN_POINT('',(102.,-1.12,-49.095));
#1500=VERTEX_POINT('',#1499);
#1501=CARTESIAN_POINT('',(62.5025,-1.12,-49.095));
#1502=DIRECTION('',(1.,0.,-0.));
#1503=VECTOR('',#1502,39.4975);
#1504=LINE('',#1501,#1503);
#1505=EDGE_CURVE('',#1498,#1500,#1504,.T.);
#1506=ORIENTED_EDGE('',*,*,#1505,.F.);
#1507=CARTESIAN_POINT('',(62.5025,-1.12,-49.095));
#1508=DIRECTION('',(0.,-1.,0.));
#1509=VECTOR('',#1508,2.175);
#1510=LINE('',#1507,#1509);
#1511=EDGE_CURVE('',#1498,#615,#1510,.T.);
#1512=ORIENTED_EDGE('',*,*,#1511,.T.);
#1513=ORIENTED_EDGE('',*,*,#633,.F.);
#1514=ORIENTED_EDGE('',*,*,#213,.T.);
#1515=CARTESIAN_POINT('',(102.,-4.295,-49.095));
#1516=VERTEX_POINT('',#1515);
#1517=CARTESIAN_POINT('',(2.,-4.295,-49.095));
#1518=DIRECTION('',(1.,0.,-0.));
#1519=VECTOR('',#1518,100.);
#1520=LINE('',#1517,#1519);
#1521=EDGE_CURVE('',#200,#1516,#1520,.T.);
#1522=ORIENTED_EDGE('',*,*,#1521,.T.);
#1523=CARTESIAN_POINT('',(102.,-4.295,-49.095));
#1524=DIRECTION('',(-0.,1.,-0.));
#1525=VECTOR('',#1524,3.175);
#1526=LINE('',#1523,#1525);
#1527=EDGE_CURVE('',#1516,#1500,#1526,.T.);
#1528=ORIENTED_EDGE('',*,*,#1527,.T.);
#1529=EDGE_LOOP('',(#1506,#1512,#1513,#1514,#1522,#1528));
#1530=FACE_BOUND('',#1529,.T.);
#1531=ADVANCED_FACE('',(#1530),#1496,.F.);
#1532=CARTESIAN_POINT('',(0.,-3.295,-58.220625));
#1533=DIRECTION('',(0.,0.,-1.));
#1534=DIRECTION('',(1.,0.,0.));
#1535=AXIS2_PLACEMENT_3D('',#1532,#1533,#1534);
#1536=PLANE('',#1535);
#1537=CARTESIAN_POINT('',(62.5025,-1.12,-58.220625));
#1538=VERTEX_POINT('',#1537);
#1539=CARTESIAN_POINT('',(62.5025,-3.295,-58.220625));
#1540=DIRECTION('',(-0.,1.,-0.));
#1541=VECTOR('',#1540,2.175);
#1542=LINE('',#1539,#1541);
#1543=EDGE_CURVE('',#559,#1538,#1542,.T.);
#1544=ORIENTED_EDGE('',*,*,#1543,.T.);
#1545=CARTESIAN_POINT('',(102.,-1.12,-58.220625));
#1546=VERTEX_POINT('',#1545);
#1547=CARTESIAN_POINT('',(62.5025,-1.12,-58.220625));
#1548=DIRECTION('',(1.,0.,-0.));
#1549=VECTOR('',#1548,39.4975);
#1550=LINE('',#1547,#1549);
#1551=EDGE_CURVE('',#1538,#1546,#1550,.T.);
#1552=ORIENTED_EDGE('',*,*,#1551,.T.);
#1553=CARTESIAN_POINT('',(102.,-4.295,-58.220625));
#1554=VERTEX_POINT('',#1553);
#1555=CARTESIAN_POINT('',(102.,-1.12,-58.220625));
#1556=DIRECTION('',(0.,-1.,0.));
#1557=VECTOR('',#1556,3.175);
#1558=LINE('',#1555,#1557);
#1559=EDGE_CURVE('',#1546,#1554,#1558,.T.);
#1560=ORIENTED_EDGE('',*,*,#1559,.T.);
#1561=CARTESIAN_POINT('',(2.,-4.295,-58.220625));
#1562=DIRECTION('',(1.,0.,-0.));
#1563=VECTOR('',#1562,100.);
#1564=LINE('',#1561,#1563);
#1565=EDGE_CURVE('',#192,#1554,#1564,.T.);
#1566=ORIENTED_EDGE('',*,*,#1565,.F.);
#1567=ORIENTED_EDGE('',*,*,#197,.F.);
#1568=ORIENTED_EDGE('',*,*,#570,.T.);
#1569=EDGE_LOOP('',(#1544,#1552,#1560,#1566,#1567,#1568));
#1570=FACE_BOUND('',#1569,.T.);
#1571=ADVANCED_FACE('',(#1570),#1536,.T.);
#1572=CARTESIAN_POINT('',(0.,-3.295,-80.440625));
#1573=DIRECTION('',(0.,0.,-1.));
#1574=DIRECTION('',(1.,0.,0.));
#1575=AXIS2_PLACEMENT_3D('',#1572,#1573,#1574);
#1576=PLANE('',#1575);
#1577=CARTESIAN_POINT('',(62.5025,-1.12,-80.440625));
#1578=VERTEX_POINT('',#1577);
#1579=CARTESIAN_POINT('',(62.5025,-3.295,-80.440625));
#1580=DIRECTION('',(-0.,1.,-0.));
#1581=VECTOR('',#1580,2.175);
#1582=LINE('',#1579,#1581);
#1583=EDGE_CURVE('',#644,#1578,#1582,.T.);
#1584=ORIENTED_EDGE('',*,*,#1583,.T.);
#1585=CARTESIAN_POINT('',(102.,-1.12,-80.440625));
#1586=VERTEX_POINT('',#1585);
#1587=CARTESIAN_POINT('',(102.,-1.12,-80.440625));
#1588=DIRECTION('',(-1.,-0.,0.));
#1589=VECTOR('',#1588,39.4975);
#1590=LINE('',#1587,#1589);
#1591=EDGE_CURVE('',#1586,#1578,#1590,.T.);
#1592=ORIENTED_EDGE('',*,*,#1591,.F.);
#1593=CARTESIAN_POINT('',(102.,-4.295,-80.440625));
#1594=VERTEX_POINT('',#1593);
#1595=CARTESIAN_POINT('',(102.,-1.12,-80.440625));
#1596=DIRECTION('',(0.,-1.,0.));
#1597=VECTOR('',#1596,3.175);
#1598=LINE('',#1595,#1597);
#1599=EDGE_CURVE('',#1586,#1594,#1598,.T.);
#1600=ORIENTED_EDGE('',*,*,#1599,.T.);
#1601=CARTESIAN_POINT('',(2.,-4.295,-80.440625));
#1602=DIRECTION('',(1.,0.,-0.));
#1603=VECTOR('',#1602,100.);
#1604=LINE('',#1601,#1603);
#1605=EDGE_CURVE('',#128,#1594,#1604,.T.);
#1606=ORIENTED_EDGE('',*,*,#1605,.F.);
#1607=ORIENTED_EDGE('',*,*,#133,.F.);
#1608=ORIENTED_EDGE('',*,*,#657,.T.);
#1609=EDGE_LOOP('',(#1584,#1592,#1600,#1606,#1607,#1608));
#1610=FACE_BOUND('',#1609,.T.);
#1611=ADVANCED_FACE('',(#1610),#1576,.T.);
#1612=CARTESIAN_POINT('',(0.,-3.295,-82.425));
#1613=DIRECTION('',(0.,0.,-1.));
#1614=DIRECTION('',(1.,0.,0.));
#1615=AXIS2_PLACEMENT_3D('',#1612,#1613,#1614);
#1616=PLANE('',#1615);
#1617=CARTESIAN_POINT('',(102.,-1.12,-82.425));
#1618=VERTEX_POINT('',#1617);
#1619=CARTESIAN_POINT('',(62.5025,-1.12,-82.425));
#1620=VERTEX_POINT('',#1619);
#1621=CARTESIAN_POINT('',(102.,-1.12,-82.425));
#1622=DIRECTION('',(-1.,-0.,0.));
#1623=VECTOR('',#1622,39.4975);
#1624=LINE('',#1621,#1623);
#1625=EDGE_CURVE('',#1618,#1620,#1624,.T.);
#1626=ORIENTED_EDGE('',*,*,#1625,.T.);
#1627=CARTESIAN_POINT('',(62.5025,-1.12,-82.425));
#1628=DIRECTION('',(0.,-1.,0.));
#1629=VECTOR('',#1628,2.175);
#1630=LINE('',#1627,#1629);
#1631=EDGE_CURVE('',#1620,#646,#1630,.T.);
#1632=ORIENTED_EDGE('',*,*,#1631,.T.);
#1633=ORIENTED_EDGE('',*,*,#664,.F.);
#1634=ORIENTED_EDGE('',*,*,#117,.T.);
#1635=CARTESIAN_POINT('',(102.,-4.295,-82.425));
#1636=VERTEX_POINT('',#1635);
#1637=CARTESIAN_POINT('',(102.,-4.295,-82.425));
#1638=DIRECTION('',(-1.,-0.,0.));
#1639=VECTOR('',#1638,100.);
#1640=LINE('',#1637,#1639);
#1641=EDGE_CURVE('',#1636,#104,#1640,.T.);
#1642=ORIENTED_EDGE('',*,*,#1641,.F.);
#1643=CARTESIAN_POINT('',(102.,-4.295,-82.425));
#1644=DIRECTION('',(-0.,1.,-0.));
#1645=VECTOR('',#1644,3.175);
#1646=LINE('',#1643,#1645);
#1647=EDGE_CURVE('',#1636,#1618,#1646,.T.);
#1648=ORIENTED_EDGE('',*,*,#1647,.T.);
#1649=EDGE_LOOP('',(#1626,#1632,#1633,#1634,#1642,#1648));
#1650=FACE_BOUND('',#1649,.T.);
#1651=ADVANCED_FACE('',(#1650),#1616,.F.);
#1652=CARTESIAN_POINT('',(102.,-1.12,-81.4328125));
#1653=DIRECTION('',(0.,-1.,0.));
#1654=DIRECTION('',(0.,0.,-1.));
#1655=AXIS2_PLACEMENT_3D('',#1652,#1653,#1654);
#1656=PLANE('',#1655);
#1657=ORIENTED_EDGE('',*,*,#1591,.T.);
#1658=CARTESIAN_POINT('',(62.5025,-1.12,-80.440625));
#1659=DIRECTION('',(0.,0.,-1.));
#1660=VECTOR('',#1659,1.984375);
#1661=LINE('',#1658,#1660);
#1662=EDGE_CURVE('',#1578,#1620,#1661,.T.);
#1663=ORIENTED_EDGE('',*,*,#1662,.T.);
#1664=ORIENTED_EDGE('',*,*,#1625,.F.);
#1665=CARTESIAN_POINT('',(102.,-1.12,-82.425));
#1666=DIRECTION('',(-0.,-0.,1.));
#1667=VECTOR('',#1666,1.984375);
#1668=LINE('',#1665,#1667);
#1669=EDGE_CURVE('',#1618,#1586,#1668,.T.);
#1670=ORIENTED_EDGE('',*,*,#1669,.T.);
#1671=EDGE_LOOP('',(#1657,#1663,#1664,#1670));
#1672=FACE_BOUND('',#1671,.T.);
#1673=ADVANCED_FACE('',(#1672),#1656,.T.);
#1674=CARTESIAN_POINT('',(62.,-1.12,-70.3228125));
#1675=DIRECTION('',(0.,1.,0.));
#1676=DIRECTION('',(0.,0.,1.));
#1677=AXIS2_PLACEMENT_3D('',#1674,#1675,#1676);
#1678=PLANE('',#1677);
#1679=ORIENTED_EDGE('',*,*,#776,.F.);
#1680=CARTESIAN_POINT('',(62.5025,-1.12,-69.330625));
#1681=DIRECTION('',(-0.,-0.,-1.));
#1682=VECTOR('',#1681,1.984375);
#1683=LINE('',#1680,#1682);
#1684=EDGE_CURVE('',#763,#803,#1683,.T.);
#1685=ORIENTED_EDGE('',*,*,#1684,.T.);
#1686=ORIENTED_EDGE('',*,*,#810,.T.);
#1687=CARTESIAN_POINT('',(102.,-1.12,-71.315));
#1688=DIRECTION('',(0.,0.,1.));
#1689=VECTOR('',#1688,1.984375);
#1690=LINE('',#1687,#1689);
#1691=EDGE_CURVE('',#805,#771,#1690,.T.);
#1692=ORIENTED_EDGE('',*,*,#1691,.T.);
#1693=EDGE_LOOP('',(#1679,#1685,#1686,#1692));
#1694=FACE_BOUND('',#1693,.T.);
#1695=ADVANCED_FACE('',(#1694),#1678,.F.);
#1696=CARTESIAN_POINT('',(60.5,-1.12,-59.2128));
#1697=DIRECTION('',(0.,1.,0.));
#1698=DIRECTION('',(0.,0.,1.));
#1699=AXIS2_PLACEMENT_3D('',#1696,#1697,#1698);
#1700=PLANE('',#1699);
#1701=ORIENTED_EDGE('',*,*,#1551,.F.);
#1702=CARTESIAN_POINT('',(62.5025,-1.12,-58.220625));
#1703=DIRECTION('',(-0.,-0.,-1.));
#1704=VECTOR('',#1703,1.984375);
#1705=LINE('',#1702,#1704);
#1706=EDGE_CURVE('',#1538,#843,#1705,.T.);
#1707=ORIENTED_EDGE('',*,*,#1706,.T.);
#1708=ORIENTED_EDGE('',*,*,#850,.T.);
#1709=CARTESIAN_POINT('',(102.,-1.12,-60.205));
#1710=DIRECTION('',(0.,0.,1.));
#1711=VECTOR('',#1710,1.984375);
#1712=LINE('',#1709,#1711);
#1713=EDGE_CURVE('',#845,#1546,#1712,.T.);
#1714=ORIENTED_EDGE('',*,*,#1713,.T.);
#1715=EDGE_LOOP('',(#1701,#1707,#1708,#1714));
#1716=FACE_BOUND('',#1715,.T.);
#1717=ADVANCED_FACE('',(#1716),#1700,.F.);
#1718=CARTESIAN_POINT('',(59.2,-1.12,-48.1028));
#1719=DIRECTION('',(0.,1.,0.));
#1720=DIRECTION('',(0.,0.,1.));
#1721=AXIS2_PLACEMENT_3D('',#1718,#1719,#1720);
#1722=PLANE('',#1721);
#1723=ORIENTED_EDGE('',*,*,#1471,.F.);
#1724=CARTESIAN_POINT('',(62.5025,-1.12,-47.110625));
#1725=DIRECTION('',(-0.,-0.,-1.));
#1726=VECTOR('',#1725,1.984375);
#1727=LINE('',#1724,#1726);
#1728=EDGE_CURVE('',#1458,#1498,#1727,.T.);
#1729=ORIENTED_EDGE('',*,*,#1728,.T.);
#1730=ORIENTED_EDGE('',*,*,#1505,.T.);
#1731=CARTESIAN_POINT('',(102.,-1.12,-49.095));
#1732=DIRECTION('',(0.,0.,1.));
#1733=VECTOR('',#1732,1.984375);
#1734=LINE('',#1731,#1733);
#1735=EDGE_CURVE('',#1500,#1466,#1734,.T.);
#1736=ORIENTED_EDGE('',*,*,#1735,.T.);
#1737=EDGE_LOOP('',(#1723,#1729,#1730,#1736));
#1738=FACE_BOUND('',#1737,.T.);
#1739=ADVANCED_FACE('',(#1738),#1722,.F.);
#1740=CARTESIAN_POINT('',(57.6,-1.12,-36.9928));
#1741=DIRECTION('',(0.,1.,0.));
#1742=DIRECTION('',(0.,0.,1.));
#1743=AXIS2_PLACEMENT_3D('',#1740,#1741,#1742);
#1744=PLANE('',#1743);
#1745=ORIENTED_EDGE('',*,*,#1391,.F.);
#1746=CARTESIAN_POINT('',(62.5025,-1.12,-36.000625));
#1747=DIRECTION('',(-0.,-0.,-1.));
#1748=VECTOR('',#1747,1.984375);
#1749=LINE('',#1746,#1748);
#1750=EDGE_CURVE('',#1378,#1418,#1749,.T.);
#1751=ORIENTED_EDGE('',*,*,#1750,.T.);
#1752=ORIENTED_EDGE('',*,*,#1425,.T.);
#1753=CARTESIAN_POINT('',(102.,-1.12,-37.985));
#1754=DIRECTION('',(0.,0.,1.));
#1755=VECTOR('',#1754,1.984375);
#1756=LINE('',#1753,#1755);
#1757=EDGE_CURVE('',#1420,#1386,#1756,.T.);
#1758=ORIENTED_EDGE('',*,*,#1757,.T.);
#1759=EDGE_LOOP('',(#1745,#1751,#1752,#1758));
#1760=FACE_BOUND('',#1759,.T.);
#1761=ADVANCED_FACE('',(#1760),#1744,.F.);
#1762=CARTESIAN_POINT('',(52.8,-1.12,-25.8828));
#1763=DIRECTION('',(0.,1.,0.));
#1764=DIRECTION('',(0.,0.,1.));
#1765=AXIS2_PLACEMENT_3D('',#1762,#1763,#1764);
#1766=PLANE('',#1765);
#1767=ORIENTED_EDGE('',*,*,#1311,.F.);
#1768=CARTESIAN_POINT('',(62.5025,-1.12,-24.890625));
#1769=DIRECTION('',(-0.,-0.,-1.));
#1770=VECTOR('',#1769,1.984375);
#1771=LINE('',#1768,#1770);
#1772=EDGE_CURVE('',#1298,#1338,#1771,.T.);
#1773=ORIENTED_EDGE('',*,*,#1772,.T.);
#1774=ORIENTED_EDGE('',*,*,#1345,.T.);
#1775=CARTESIAN_POINT('',(102.,-1.12,-26.875));
#1776=DIRECTION('',(0.,0.,1.));
#1777=VECTOR('',#1776,1.984375);
#1778=LINE('',#1775,#1777);
#1779=EDGE_CURVE('',#1340,#1306,#1778,.T.);
#1780=ORIENTED_EDGE('',*,*,#1779,.T.);
#1781=EDGE_LOOP('',(#1767,#1773,#1774,#1780));
#1782=FACE_BOUND('',#1781,.T.);
#1783=ADVANCED_FACE('',(#1782),#1766,.F.);
#1784=CARTESIAN_POINT('',(51.,3.175,-56.0778));
#1785=DIRECTION('',(0.,-1.,0.));
#1786=DIRECTION('',(0.,0.,-1.));
#1787=AXIS2_PLACEMENT_3D('',#1784,#1785,#1786);
#1788=CYLINDRICAL_SURFACE('',#1787,10.);
#1789=CARTESIAN_POINT('',(42.987128844,-4.295,-50.095));
#1790=VERTEX_POINT('',#1789);
#1791=CARTESIAN_POINT('',(42.987128844,-0.295,-50.095));
#1792=VERTEX_POINT('',#1791);
#1793=CARTESIAN_POINT('',(42.987128844,-4.295,-50.095));
#1794=DIRECTION('',(-0.,1.,-0.));
#1795=VECTOR('',#1794,4.);
#1796=LINE('',#1793,#1795);
#1797=EDGE_CURVE('',#1790,#1792,#1796,.T.);
#1798=ORIENTED_EDGE('',*,*,#1797,.T.);
#1799=CARTESIAN_POINT('',(49.5,-0.295,-46.190940033));
#1800=VERTEX_POINT('',#1799);
#1801=CARTESIAN_POINT('',(51.,-0.295,-56.0778));
#1802=DIRECTION('',(-0.,1.,-0.));
#1803=DIRECTION('',(0.,0.,-1.));
#1804=AXIS2_PLACEMENT_3D('',#1801,#1802,#1803);
#1805=CIRCLE('',#1804,10.);
#1806=EDGE_CURVE('',#1792,#1800,#1805,.T.);
#1807=ORIENTED_EDGE('',*,*,#1806,.T.);
#1808=CARTESIAN_POINT('',(49.5,3.175,-46.190940033));
#1809=VERTEX_POINT('',#1808);
#1810=CARTESIAN_POINT('',(49.5,3.175,-46.190940033));
#1811=DIRECTION('',(-0.,-1.,-0.));
#1812=VECTOR('',#1811,3.47);
#1813=LINE('',#1810,#1812);
#1814=EDGE_CURVE('',#1809,#1800,#1813,.T.);
#1815=ORIENTED_EDGE('',*,*,#1814,.F.);
#1816=CARTESIAN_POINT('',(51.,3.175,-56.0778));
#1817=DIRECTION('',(0.,-1.,0.));
#1818=DIRECTION('',(0.,0.,-1.));
#1819=AXIS2_PLACEMENT_3D('',#1816,#1817,#1818);
#1820=CIRCLE('',#1819,10.);
#1821=EDGE_CURVE('',#1809,#717,#1820,.T.);
#1822=ORIENTED_EDGE('',*,*,#1821,.T.);
#1823=ORIENTED_EDGE('',*,*,#722,.T.);
#1824=CARTESIAN_POINT('',(41.065517073,-0.295,-57.220625));
#1825=VERTEX_POINT('',#1824);
#1826=CARTESIAN_POINT('',(51.,-0.295,-56.0778));
#1827=DIRECTION('',(-0.,1.,-0.));
#1828=DIRECTION('',(0.,0.,-1.));
#1829=AXIS2_PLACEMENT_3D('',#1826,#1827,#1828);
#1830=CIRCLE('',#1829,10.);
#1831=EDGE_CURVE('',#709,#1825,#1830,.T.);
#1832=ORIENTED_EDGE('',*,*,#1831,.T.);
#1833=CARTESIAN_POINT('',(41.065517073,-4.295,-57.220625));
#1834=VERTEX_POINT('',#1833);
#1835=CARTESIAN_POINT('',(41.065517073,-4.295,-57.220625));
#1836=DIRECTION('',(0.,1.,0.));
#1837=VECTOR('',#1836,4.);
#1838=LINE('',#1835,#1837);
#1839=EDGE_CURVE('',#1834,#1825,#1838,.T.);
#1840=ORIENTED_EDGE('',*,*,#1839,.F.);
#1841=CARTESIAN_POINT('',(51.,-4.295,-56.0778));
#1842=DIRECTION('',(0.,-1.,0.));
#1843=DIRECTION('',(0.,0.,-1.));
#1844=AXIS2_PLACEMENT_3D('',#1841,#1842,#1843);
#1845=CIRCLE('',#1844,10.);
#1846=EDGE_CURVE('',#1790,#1834,#1845,.T.);
#1847=ORIENTED_EDGE('',*,*,#1846,.F.);
#1848=EDGE_LOOP('',(#1798,#1807,#1815,#1822,#1823,#1832,#1840,#1847));
#1849=FACE_BOUND('',#1848,.T.);
#1850=ADVANCED_FACE('',(#1849),#1788,.T.);
#1851=CARTESIAN_POINT('',(51.,3.175,-56.0778));
#1852=DIRECTION('',(0.,-1.,0.));
#1853=DIRECTION('',(0.,0.,-1.));
#1854=AXIS2_PLACEMENT_3D('',#1851,#1852,#1853);
#1855=CYLINDRICAL_SURFACE('',#1854,10.);
#1856=CARTESIAN_POINT('',(52.5,3.175,-46.190940033));
#1857=VERTEX_POINT('',#1856);
#1858=CARTESIAN_POINT('',(52.5,-0.295,-46.190940033));
#1859=VERTEX_POINT('',#1858);
#1860=CARTESIAN_POINT('',(52.5,3.175,-46.190940033));
#1861=DIRECTION('',(0.,-1.,0.));
#1862=VECTOR('',#1861,3.47);
#1863=LINE('',#1860,#1862);
#1864=EDGE_CURVE('',#1857,#1859,#1863,.T.);
#1865=ORIENTED_EDGE('',*,*,#1864,.T.);
#1866=CARTESIAN_POINT('',(59.012871156,-0.295,-50.095));
#1867=VERTEX_POINT('',#1866);
#1868=CARTESIAN_POINT('',(51.,-0.295,-56.0778));
#1869=DIRECTION('',(-0.,1.,-0.));
#1870=DIRECTION('',(0.,0.,-1.));
#1871=AXIS2_PLACEMENT_3D('',#1868,#1869,#1870);
#1872=CIRCLE('',#1871,10.);
#1873=EDGE_CURVE('',#1859,#1867,#1872,.T.);
#1874=ORIENTED_EDGE('',*,*,#1873,.T.);
#1875=CARTESIAN_POINT('',(59.012871156,-4.295,-50.095));
#1876=VERTEX_POINT('',#1875);
#1877=CARTESIAN_POINT('',(59.012871156,-0.295,-50.095));
#1878=DIRECTION('',(0.,-1.,0.));
#1879=VECTOR('',#1878,4.);
#1880=LINE('',#1877,#1879);
#1881=EDGE_CURVE('',#1867,#1876,#1880,.T.);
#1882=ORIENTED_EDGE('',*,*,#1881,.T.);
#1883=CARTESIAN_POINT('',(60.934482927,-4.295,-57.220625));
#1884=VERTEX_POINT('',#1883);
#1885=CARTESIAN_POINT('',(51.,-4.295,-56.0778));
#1886=DIRECTION('',(0.,-1.,0.));
#1887=DIRECTION('',(0.,0.,-1.));
#1888=AXIS2_PLACEMENT_3D('',#1885,#1886,#1887);
#1889=CIRCLE('',#1888,10.);
#1890=EDGE_CURVE('',#1884,#1876,#1889,.T.);
#1891=ORIENTED_EDGE('',*,*,#1890,.F.);
#1892=CARTESIAN_POINT('',(60.934482927,-0.295,-57.220625));
#1893=VERTEX_POINT('',#1892);
#1894=CARTESIAN_POINT('',(60.934482927,-0.295,-57.220625));
#1895=DIRECTION('',(-0.,-1.,-0.));
#1896=VECTOR('',#1895,4.);
#1897=LINE('',#1894,#1896);
#1898=EDGE_CURVE('',#1893,#1884,#1897,.T.);
#1899=ORIENTED_EDGE('',*,*,#1898,.F.);
#1900=CARTESIAN_POINT('',(60.312271894,-0.295,-59.722191879));
#1901=VERTEX_POINT('',#1900);
#1902=CARTESIAN_POINT('',(51.,-0.295,-56.0778));
#1903=DIRECTION('',(-0.,1.,-0.));
#1904=DIRECTION('',(0.,0.,-1.));
#1905=AXIS2_PLACEMENT_3D('',#1902,#1903,#1904);
#1906=CIRCLE('',#1905,10.);
#1907=EDGE_CURVE('',#1893,#1901,#1906,.T.);
#1908=ORIENTED_EDGE('',*,*,#1907,.T.);
#1909=CARTESIAN_POINT('',(60.312271894,3.175,-59.722191879));
#1910=VERTEX_POINT('',#1909);
#1911=CARTESIAN_POINT('',(60.312271894,3.175,-59.722191879));
#1912=DIRECTION('',(-0.,-1.,-0.));
#1913=VECTOR('',#1912,3.47);
#1914=LINE('',#1911,#1913);
#1915=EDGE_CURVE('',#1910,#1901,#1914,.T.);
#1916=ORIENTED_EDGE('',*,*,#1915,.F.);
#1917=CARTESIAN_POINT('',(51.,3.175,-56.0778));
#1918=DIRECTION('',(0.,-1.,0.));
#1919=DIRECTION('',(0.,0.,-1.));
#1920=AXIS2_PLACEMENT_3D('',#1917,#1918,#1919);
#1921=CIRCLE('',#1920,10.);
#1922=EDGE_CURVE('',#1910,#1857,#1921,.T.);
#1923=ORIENTED_EDGE('',*,*,#1922,.T.);
#1924=EDGE_LOOP('',(#1865,#1874,#1882,#1891,#1899,#1908,#1916,#1923));
#1925=FACE_BOUND('',#1924,.T.);
#1926=ADVANCED_FACE('',(#1925),#1855,.T.);
#1927=CARTESIAN_POINT('',(52.5,3.175,-31.595470017));
#1928=DIRECTION('',(1.,0.,0.));
#1929=DIRECTION('',(0.,0.,-1.));
#1930=AXIS2_PLACEMENT_3D('',#1927,#1928,#1929);
#1931=PLANE('',#1930);
#1932=CARTESIAN_POINT('',(52.5,-0.295,-23.890625));
#1933=VERTEX_POINT('',#1932);
#1934=CARTESIAN_POINT('',(52.5,-4.295,-23.890625));
#1935=VERTEX_POINT('',#1934);
#1936=CARTESIAN_POINT('',(52.5,-0.295,-23.890625));
#1937=DIRECTION('',(-0.,-1.,-0.));
#1938=VECTOR('',#1937,4.);
#1939=LINE('',#1936,#1938);
#1940=EDGE_CURVE('',#1933,#1935,#1939,.T.);
#1941=ORIENTED_EDGE('',*,*,#1940,.F.);
#1942=CARTESIAN_POINT('',(52.5,-0.295,-27.875));
#1943=VERTEX_POINT('',#1942);
#1944=CARTESIAN_POINT('',(52.5,-0.295,-27.875));
#1945=DIRECTION('',(0.,0.,1.));
#1946=VECTOR('',#1945,3.984375);
#1947=LINE('',#1944,#1946);
#1948=EDGE_CURVE('',#1943,#1933,#1947,.T.);
#1949=ORIENTED_EDGE('',*,*,#1948,.F.);
#1950=CARTESIAN_POINT('',(52.5,-4.295,-27.875));
#1951=VERTEX_POINT('',#1950);
#1952=CARTESIAN_POINT('',(52.5,-0.295,-27.875));
#1953=DIRECTION('',(-0.,-1.,-0.));
#1954=VECTOR('',#1953,4.);
#1955=LINE('',#1952,#1954);
#1956=EDGE_CURVE('',#1943,#1951,#1955,.T.);
#1957=ORIENTED_EDGE('',*,*,#1956,.T.);
#1958=CARTESIAN_POINT('',(52.5,-4.295,-35.000625));
#1959=VERTEX_POINT('',#1958);
#1960=CARTESIAN_POINT('',(52.5,-4.295,-35.000625));
#1961=DIRECTION('',(0.,0.,1.));
#1962=VECTOR('',#1961,7.125625);
#1963=LINE('',#1960,#1962);
#1964=EDGE_CURVE('',#1959,#1951,#1963,.T.);
#1965=ORIENTED_EDGE('',*,*,#1964,.F.);
#1966=CARTESIAN_POINT('',(52.5,-0.295,-35.000625));
#1967=VERTEX_POINT('',#1966);
#1968=CARTESIAN_POINT('',(52.5,-0.295,-35.000625));
#1969=DIRECTION('',(-0.,-1.,-0.));
#1970=VECTOR('',#1969,4.);
#1971=LINE('',#1968,#1970);
#1972=EDGE_CURVE('',#1967,#1959,#1971,.T.);
#1973=ORIENTED_EDGE('',*,*,#1972,.F.);
#1974=CARTESIAN_POINT('',(52.5,-0.295,-38.985));
#1975=VERTEX_POINT('',#1974);
#1976=CARTESIAN_POINT('',(52.5,-0.295,-38.985));
#1977=DIRECTION('',(0.,0.,1.));
#1978=VECTOR('',#1977,3.984375);
#1979=LINE('',#1976,#1978);
#1980=EDGE_CURVE('',#1975,#1967,#1979,.T.);
#1981=ORIENTED_EDGE('',*,*,#1980,.F.);
#1982=CARTESIAN_POINT('',(52.5,-4.295,-38.985));
#1983=VERTEX_POINT('',#1982);
#1984=CARTESIAN_POINT('',(52.5,-0.295,-38.985));
#1985=DIRECTION('',(-0.,-1.,-0.));
#1986=VECTOR('',#1985,4.);
#1987=LINE('',#1984,#1986);
#1988=EDGE_CURVE('',#1975,#1983,#1987,.T.);
#1989=ORIENTED_EDGE('',*,*,#1988,.T.);
#1990=CARTESIAN_POINT('',(52.5,-4.295,-46.110625));
#1991=VERTEX_POINT('',#1990);
#1992=CARTESIAN_POINT('',(52.5,-4.295,-46.110625));
#1993=DIRECTION('',(0.,0.,1.));
#1994=VECTOR('',#1993,7.125625);
#1995=LINE('',#1992,#1994);
#1996=EDGE_CURVE('',#1991,#1983,#1995,.T.);
#1997=ORIENTED_EDGE('',*,*,#1996,.F.);
#1998=CARTESIAN_POINT('',(52.5,-0.295,-46.110625));
#1999=VERTEX_POINT('',#1998);
#2000=CARTESIAN_POINT('',(52.5,-0.295,-46.110625));
#2001=DIRECTION('',(-0.,-1.,-0.));
#2002=VECTOR('',#2001,4.);
#2003=LINE('',#2000,#2002);
#2004=EDGE_CURVE('',#1999,#1991,#2003,.T.);
#2005=ORIENTED_EDGE('',*,*,#2004,.F.);
#2006=CARTESIAN_POINT('',(52.5,-0.295,-46.110625));
#2007=DIRECTION('',(0.,0.,-1.));
#2008=VECTOR('',#2007,0.080315033);
#2009=LINE('',#2006,#2008);
#2010=EDGE_CURVE('',#1999,#1859,#2009,.T.);
#2011=ORIENTED_EDGE('',*,*,#2010,.T.);
#2012=ORIENTED_EDGE('',*,*,#1864,.F.);
#2013=CARTESIAN_POINT('',(52.5,3.175,-46.190940033));
#2014=DIRECTION('',(-0.,-0.,1.));
#2015=VECTOR('',#2014,28.083523229);
#2016=LINE('',#2013,#2015);
#2017=EDGE_CURVE('',#1857,#1047,#2016,.T.);
#2018=ORIENTED_EDGE('',*,*,#2017,.T.);
#2019=ORIENTED_EDGE('',*,*,#1052,.T.);
#2020=CARTESIAN_POINT('',(52.5,-4.295,-23.890625));
#2021=DIRECTION('',(0.,0.,1.));
#2022=VECTOR('',#2021,5.783208195);
#2023=LINE('',#2020,#2022);
#2024=EDGE_CURVE('',#1935,#1038,#2023,.T.);
#2025=ORIENTED_EDGE('',*,*,#2024,.F.);
#2026=EDGE_LOOP('',(#1941,#1949,#1957,#1965,#1973,#1981,#1989,#1997,#2005,#2011,#2012,#2018,#2019,#2025));
#2027=FACE_BOUND('',#2026,.T.);
#2028=ADVANCED_FACE('',(#2027),#1931,.T.);
#2029=CARTESIAN_POINT('',(49.5,3.175,-31.595470017));
#2030=DIRECTION('',(-1.,0.,0.));
#2031=DIRECTION('',(0.,0.,1.));
#2032=AXIS2_PLACEMENT_3D('',#2029,#2030,#2031);
#2033=PLANE('',#2032);
#2034=CARTESIAN_POINT('',(49.5,-0.295,-23.890625));
#2035=VERTEX_POINT('',#2034);
#2036=CARTESIAN_POINT('',(49.5,-0.295,-27.875));
#2037=VERTEX_POINT('',#2036);
#2038=CARTESIAN_POINT('',(49.5,-0.295,-23.890625));
#2039=DIRECTION('',(-0.,-0.,-1.));
#2040=VECTOR('',#2039,3.984375);
#2041=LINE('',#2038,#2040);
#2042=EDGE_CURVE('',#2035,#2037,#2041,.T.);
#2043=ORIENTED_EDGE('',*,*,#2042,.F.);
#2044=CARTESIAN_POINT('',(49.5,-4.295,-23.890625));
#2045=VERTEX_POINT('',#2044);
#2046=CARTESIAN_POINT('',(49.5,-4.295,-23.890625));
#2047=DIRECTION('',(0.,1.,0.));
#2048=VECTOR('',#2047,4.);
#2049=LINE('',#2046,#2048);
#2050=EDGE_CURVE('',#2045,#2035,#2049,.T.);
#2051=ORIENTED_EDGE('',*,*,#2050,.F.);
#2052=CARTESIAN_POINT('',(49.5,-4.295,-18.107416805));
#2053=DIRECTION('',(-0.,-0.,-1.));
#2054=VECTOR('',#2053,5.783208195);
#2055=LINE('',#2052,#2054);
#2056=EDGE_CURVE('',#1139,#2045,#2055,.T.);
#2057=ORIENTED_EDGE('',*,*,#2056,.F.);
#2058=ORIENTED_EDGE('',*,*,#1144,.F.);
#2059=CARTESIAN_POINT('',(49.5,3.175,-18.107416805));
#2060=DIRECTION('',(-0.,-0.,-1.));
#2061=VECTOR('',#2060,28.083523229);
#2062=LINE('',#2059,#2061);
#2063=EDGE_CURVE('',#1130,#1809,#2062,.T.);
#2064=ORIENTED_EDGE('',*,*,#2063,.T.);
#2065=ORIENTED_EDGE('',*,*,#1814,.T.);
#2066=CARTESIAN_POINT('',(49.5,-0.295,-46.110625));
#2067=VERTEX_POINT('',#2066);
#2068=CARTESIAN_POINT('',(49.5,-0.295,-46.190940033));
#2069=DIRECTION('',(0.,0.,1.));
#2070=VECTOR('',#2069,0.080315033);
#2071=LINE('',#2068,#2070);
#2072=EDGE_CURVE('',#1800,#2067,#2071,.T.);
#2073=ORIENTED_EDGE('',*,*,#2072,.T.);
#2074=CARTESIAN_POINT('',(49.5,-4.295,-46.110625));
#2075=VERTEX_POINT('',#2074);
#2076=CARTESIAN_POINT('',(49.5,-4.295,-46.110625));
#2077=DIRECTION('',(0.,1.,0.));
#2078=VECTOR('',#2077,4.);
#2079=LINE('',#2076,#2078);
#2080=EDGE_CURVE('',#2075,#2067,#2079,.T.);
#2081=ORIENTED_EDGE('',*,*,#2080,.F.);
#2082=CARTESIAN_POINT('',(49.5,-4.295,-38.985));
#2083=VERTEX_POINT('',#2082);
#2084=CARTESIAN_POINT('',(49.5,-4.295,-38.985));
#2085=DIRECTION('',(-0.,-0.,-1.));
#2086=VECTOR('',#2085,7.125625);
#2087=LINE('',#2084,#2086);
#2088=EDGE_CURVE('',#2083,#2075,#2087,.T.);
#2089=ORIENTED_EDGE('',*,*,#2088,.F.);
#2090=CARTESIAN_POINT('',(49.5,-0.295,-38.985));
#2091=VERTEX_POINT('',#2090);
#2092=CARTESIAN_POINT('',(49.5,-4.295,-38.985));
#2093=DIRECTION('',(0.,1.,0.));
#2094=VECTOR('',#2093,4.);
#2095=LINE('',#2092,#2094);
#2096=EDGE_CURVE('',#2083,#2091,#2095,.T.);
#2097=ORIENTED_EDGE('',*,*,#2096,.T.);
#2098=CARTESIAN_POINT('',(49.5,-0.295,-35.000625));
#2099=VERTEX_POINT('',#2098);
#2100=CARTESIAN_POINT('',(49.5,-0.295,-35.000625));
#2101=DIRECTION('',(-0.,-0.,-1.));
#2102=VECTOR('',#2101,3.984375);
#2103=LINE('',#2100,#2102);
#2104=EDGE_CURVE('',#2099,#2091,#2103,.T.);
#2105=ORIENTED_EDGE('',*,*,#2104,.F.);
#2106=CARTESIAN_POINT('',(49.5,-4.295,-35.000625));
#2107=VERTEX_POINT('',#2106);
#2108=CARTESIAN_POINT('',(49.5,-4.295,-35.000625));
#2109=DIRECTION('',(0.,1.,0.));
#2110=VECTOR('',#2109,4.);
#2111=LINE('',#2108,#2110);
#2112=EDGE_CURVE('',#2107,#2099,#2111,.T.);
#2113=ORIENTED_EDGE('',*,*,#2112,.F.);
#2114=CARTESIAN_POINT('',(49.5,-4.295,-27.875));
#2115=VERTEX_POINT('',#2114);
#2116=CARTESIAN_POINT('',(49.5,-4.295,-27.875));
#2117=DIRECTION('',(-0.,-0.,-1.));
#2118=VECTOR('',#2117,7.125625);
#2119=LINE('',#2116,#2118);
#2120=EDGE_CURVE('',#2115,#2107,#2119,.T.);
#2121=ORIENTED_EDGE('',*,*,#2120,.F.);
#2122=CARTESIAN_POINT('',(49.5,-4.295,-27.875));
#2123=DIRECTION('',(0.,1.,0.));
#2124=VECTOR('',#2123,4.);
#2125=LINE('',#2122,#2124);
#2126=EDGE_CURVE('',#2115,#2037,#2125,.T.);
#2127=ORIENTED_EDGE('',*,*,#2126,.T.);
#2128=EDGE_LOOP('',(#2043,#2051,#2057,#2058,#2064,#2065,#2073,#2081,#2089,#2097,#2105,#2113,#2121,#2127));
#2129=FACE_BOUND('',#2128,.T.);
#2130=ADVANCED_FACE('',(#2129),#2033,.T.);
#2131=CARTESIAN_POINT('',(71.105423168,3.175,-65.953620671));
#2132=DIRECTION('',(-0.5,0.,-0.866025404));
#2133=DIRECTION('',(-0.866025404,0.,0.5));
#2134=AXIS2_PLACEMENT_3D('',#2131,#2132,#2133);
#2135=PLANE('',#2134);
#2136=CARTESIAN_POINT('',(75.222515436,-4.295,-68.330625));
#2137=VERTEX_POINT('',#2136);
#2138=CARTESIAN_POINT('',(75.222515436,-0.295,-68.330625));
#2139=VERTEX_POINT('',#2138);
#2140=CARTESIAN_POINT('',(75.222515436,-4.295,-68.330625));
#2141=DIRECTION('',(0.,1.,0.));
#2142=VECTOR('',#2141,4.);
#2143=LINE('',#2140,#2142);
#2144=EDGE_CURVE('',#2137,#2139,#2143,.T.);
#2145=ORIENTED_EDGE('',*,*,#2144,.T.);
#2146=CARTESIAN_POINT('',(82.123655374,-0.295,-72.315));
#2147=VERTEX_POINT('',#2146);
#2148=CARTESIAN_POINT('',(75.222515436,-0.295,-68.330625));
#2149=DIRECTION('',(0.866025404,-0.,-0.5));
#2150=VECTOR('',#2149,7.968750001);
#2151=LINE('',#2148,#2150);
#2152=EDGE_CURVE('',#2139,#2147,#2151,.T.);
#2153=ORIENTED_EDGE('',*,*,#2152,.T.);
#2154=CARTESIAN_POINT('',(82.123655374,-4.295,-72.315));
#2155=VERTEX_POINT('',#2154);
#2156=CARTESIAN_POINT('',(82.123655373,-4.295,-72.315));
#2157=DIRECTION('',(0.,1.,0.));
#2158=VECTOR('',#2157,4.);
#2159=LINE('',#2156,#2158);
#2160=EDGE_CURVE('',#2155,#2147,#2159,.T.);
#2161=ORIENTED_EDGE('',*,*,#2160,.F.);
#2162=CARTESIAN_POINT('',(82.123655374,-4.295,-72.315));
#2163=DIRECTION('',(0.866025404,-0.,-0.5));
#2164=VECTOR('',#2163,2.897906983);
#2165=LINE('',#2162,#2164);
#2166=EDGE_CURVE('',#2155,#1064,#2165,.T.);
#2167=ORIENTED_EDGE('',*,*,#2166,.T.);
#2168=ORIENTED_EDGE('',*,*,#1069,.F.);
#2169=CARTESIAN_POINT('',(60.312271895,3.175,-59.722191878));
#2170=DIRECTION('',(0.866025404,0.,-0.5));
#2171=VECTOR('',#2170,28.083523228);
#2172=LINE('',#2169,#2171);
#2173=EDGE_CURVE('',#1910,#1055,#2172,.T.);
#2174=ORIENTED_EDGE('',*,*,#2173,.F.);
#2175=ORIENTED_EDGE('',*,*,#1915,.T.);
#2176=CARTESIAN_POINT('',(62.880570901,-0.295,-61.205));
#2177=VERTEX_POINT('',#2176);
#2178=CARTESIAN_POINT('',(62.880570901,-0.295,-61.205));
#2179=DIRECTION('',(-0.866025404,0.,0.5));
#2180=VECTOR('',#2179,2.965616245);
#2181=LINE('',#2178,#2180);
#2182=EDGE_CURVE('',#2177,#1901,#2181,.T.);
#2183=ORIENTED_EDGE('',*,*,#2182,.F.);
#2184=CARTESIAN_POINT('',(62.880570899,-4.295,-61.205));
#2185=VERTEX_POINT('',#2184);
#2186=CARTESIAN_POINT('',(62.880570901,-4.295,-61.205));
#2187=DIRECTION('',(0.,1.,0.));
#2188=VECTOR('',#2187,4.);
#2189=LINE('',#2186,#2188);
#2190=EDGE_CURVE('',#2185,#2177,#2189,.T.);
#2191=ORIENTED_EDGE('',*,*,#2190,.F.);
#2192=CARTESIAN_POINT('',(62.880570899,-4.295,-61.205000001));
#2193=DIRECTION('',(0.866025404,-0.,-0.5));
#2194=VECTOR('',#2193,14.251250001);
#2195=LINE('',#2192,#2194);
#2196=EDGE_CURVE('',#2185,#2137,#2195,.T.);
#2197=ORIENTED_EDGE('',*,*,#2196,.T.);
#2198=EDGE_LOOP('',(#2145,#2153,#2161,#2167,#2168,#2174,#2175,#2183,#2191,#2197));
#2199=FACE_BOUND('',#2198,.T.);
#2200=ADVANCED_FACE('',(#2199),#2135,.F.);
#2201=CARTESIAN_POINT('',(88.435703737,-1.295,-23.368451345));
#2202=DIRECTION('',(-0.484863124,0.,0.874590047));
#2203=DIRECTION('',(0.874590047,0.,0.484863124));
#2204=AXIS2_PLACEMENT_3D('',#2201,#2202,#2203);
#2205=PLANE('',#2204);
#2206=CARTESIAN_POINT('',(90.191224608,-0.695,-22.395209839));
#2207=VERTEX_POINT('',#2206);
#2208=CARTESIAN_POINT('',(86.680182864,-0.695,-24.341692851));
#2209=VERTEX_POINT('',#2208);
#2210=CARTESIAN_POINT('',(90.191224609,-0.695,-22.395209839));
#2211=DIRECTION('',(-0.874590047,-0.,-0.484863124));
#2212=VECTOR('',#2211,4.0145);
#2213=LINE('',#2210,#2212);
#2214=EDGE_CURVE('',#2207,#2209,#2213,.T.);
#2215=ORIENTED_EDGE('',*,*,#2214,.T.);
#2216=CARTESIAN_POINT('',(86.680182864,-4.295,-24.341692851));
#2217=VERTEX_POINT('',#2216);
#2218=CARTESIAN_POINT('',(86.680182864,-0.695,-24.341692851));
#2219=DIRECTION('',(-0.,-1.,-0.));
#2220=VECTOR('',#2219,3.6);
#2221=LINE('',#2218,#2220);
#2222=EDGE_CURVE('',#2209,#2217,#2221,.T.);
#2223=ORIENTED_EDGE('',*,*,#2222,.T.);
#2224=CARTESIAN_POINT('',(90.191224609,-4.295,-22.395209839));
#2225=VERTEX_POINT('',#2224);
#2226=CARTESIAN_POINT('',(90.191224609,-4.295,-22.395209839));
#2227=DIRECTION('',(-0.874590047,0.,-0.484863124));
#2228=VECTOR('',#2227,4.0145);
#2229=LINE('',#2226,#2228);
#2230=EDGE_CURVE('',#2225,#2217,#2229,.T.);
#2231=ORIENTED_EDGE('',*,*,#2230,.F.);
#2232=CARTESIAN_POINT('',(90.191224608,-0.695,-22.395209839));
#2233=DIRECTION('',(-0.,-1.,-0.));
#2234=VECTOR('',#2233,3.6);
#2235=LINE('',#2232,#2234);
#2236=EDGE_CURVE('',#2207,#2225,#2235,.T.);
#2237=ORIENTED_EDGE('',*,*,#2236,.F.);
#2238=EDGE_LOOP('',(#2215,#2223,#2231,#2237));
#2239=FACE_BOUND('',#2238,.T.);
#2240=ADVANCED_FACE('',(#2239),#2205,.T.);
#2241=CARTESIAN_POINT('',(84.95957056,-1.295,-23.307987932));
#2242=DIRECTION('',(0.514985637,0.,0.857198807));
#2243=DIRECTION('',(0.857198807,0.,-0.514985637));
#2244=AXIS2_PLACEMENT_3D('',#2241,#2242,#2243);
#2245=PLANE('',#2244);
#2246=ORIENTED_EDGE('',*,*,#2222,.F.);
#2247=CARTESIAN_POINT('',(83.238958255,-0.695,-22.274283012));
#2248=VERTEX_POINT('',#2247);
#2249=CARTESIAN_POINT('',(86.680182864,-0.695,-24.341692851));
#2250=DIRECTION('',(-0.857198807,-0.,0.514985637));
#2251=VECTOR('',#2250,4.014500001);
#2252=LINE('',#2249,#2251);
#2253=EDGE_CURVE('',#2209,#2248,#2252,.T.);
#2254=ORIENTED_EDGE('',*,*,#2253,.T.);
#2255=CARTESIAN_POINT('',(83.238958255,-4.295,-22.274283012));
#2256=VERTEX_POINT('',#2255);
#2257=CARTESIAN_POINT('',(83.238958255,-0.695,-22.274283012));
#2258=DIRECTION('',(-0.,-1.,-0.));
#2259=VECTOR('',#2258,3.6);
#2260=LINE('',#2257,#2259);
#2261=EDGE_CURVE('',#2248,#2256,#2260,.T.);
#2262=ORIENTED_EDGE('',*,*,#2261,.T.);
#2263=CARTESIAN_POINT('',(86.680182864,-4.295,-24.341692851));
#2264=DIRECTION('',(-0.857198807,0.,0.514985637));
#2265=VECTOR('',#2264,4.0145);
#2266=LINE('',#2263,#2265);
#2267=EDGE_CURVE('',#2217,#2256,#2266,.T.);
#2268=ORIENTED_EDGE('',*,*,#2267,.F.);
#2269=EDGE_LOOP('',(#2246,#2254,#2262,#2268));
#2270=FACE_BOUND('',#2269,.T.);
#2271=ADVANCED_FACE('',(#2270),#2245,.T.);
#2272=CARTESIAN_POINT('',(13.511670508,-1.295,-23.338675));
#2273=DIRECTION('',(-0.5,0.,-0.866025404));
#2274=DIRECTION('',(-0.866025404,0.,0.5));
#2275=AXIS2_PLACEMENT_3D('',#2272,#2273,#2274);
#2276=PLANE('',#2275);
#2277=CARTESIAN_POINT('',(15.25,-0.695,-24.3423));
#2278=VERTEX_POINT('',#2277);
#2279=CARTESIAN_POINT('',(15.25,-4.295,-24.3423));
#2280=VERTEX_POINT('',#2279);
#2281=CARTESIAN_POINT('',(15.25,-0.695,-24.3423));
#2282=DIRECTION('',(-0.,-1.,-0.));
#2283=VECTOR('',#2282,3.6);
#2284=LINE('',#2281,#2283);
#2285=EDGE_CURVE('',#2278,#2280,#2284,.T.);
#2286=ORIENTED_EDGE('',*,*,#2285,.F.);
#2287=CARTESIAN_POINT('',(11.773341017,-0.695,-22.33505));
#2288=VERTEX_POINT('',#2287);
#2289=CARTESIAN_POINT('',(11.773341017,-0.695,-22.33505));
#2290=DIRECTION('',(0.866025404,0.,-0.5));
#2291=VECTOR('',#2290,4.014499999);
#2292=LINE('',#2289,#2291);
#2293=EDGE_CURVE('',#2288,#2278,#2292,.T.);
#2294=ORIENTED_EDGE('',*,*,#2293,.F.);
#2295=CARTESIAN_POINT('',(11.773341017,-4.295,-22.335050001));
#2296=VERTEX_POINT('',#2295);
#2297=CARTESIAN_POINT('',(11.773341017,-0.695,-22.335050001));
#2298=DIRECTION('',(-0.,-1.,-0.));
#2299=VECTOR('',#2298,3.6);
#2300=LINE('',#2297,#2299);
#2301=EDGE_CURVE('',#2288,#2296,#2300,.T.);
#2302=ORIENTED_EDGE('',*,*,#2301,.T.);
#2303=CARTESIAN_POINT('',(11.773341017,-4.295,-22.335050001));
#2304=DIRECTION('',(0.866025404,-0.,-0.5));
#2305=VECTOR('',#2304,4.014499999);
#2306=LINE('',#2303,#2305);
#2307=EDGE_CURVE('',#2296,#2280,#2306,.T.);
#2308=ORIENTED_EDGE('',*,*,#2307,.T.);
#2309=EDGE_LOOP('',(#2286,#2294,#2302,#2308));
#2310=FACE_BOUND('',#2309,.T.);
#2311=ADVANCED_FACE('',(#2310),#2276,.F.);
#2312=CARTESIAN_POINT('',(16.988329492,-1.295,-23.338675));
#2313=DIRECTION('',(0.5,0.,-0.866025404));
#2314=DIRECTION('',(-0.866025404,0.,-0.5));
#2315=AXIS2_PLACEMENT_3D('',#2312,#2313,#2314);
#2316=PLANE('',#2315);
#2317=CARTESIAN_POINT('',(18.726658983,-0.695,-22.33505));
#2318=VERTEX_POINT('',#2317);
#2319=CARTESIAN_POINT('',(18.726658983,-4.295,-22.33505));
#2320=VERTEX_POINT('',#2319);
#2321=CARTESIAN_POINT('',(18.726658983,-0.695,-22.33505));
#2322=DIRECTION('',(-0.,-1.,-0.));
#2323=VECTOR('',#2322,3.6);
#2324=LINE('',#2321,#2323);
#2325=EDGE_CURVE('',#2318,#2320,#2324,.T.);
#2326=ORIENTED_EDGE('',*,*,#2325,.F.);
#2327=CARTESIAN_POINT('',(15.25,-0.695,-24.3423));
#2328=DIRECTION('',(0.866025404,0.,0.5));
#2329=VECTOR('',#2328,4.0145);
#2330=LINE('',#2327,#2329);
#2331=EDGE_CURVE('',#2278,#2318,#2330,.T.);
#2332=ORIENTED_EDGE('',*,*,#2331,.F.);
#2333=ORIENTED_EDGE('',*,*,#2285,.T.);
#2334=CARTESIAN_POINT('',(15.25,-4.295,-24.3423));
#2335=DIRECTION('',(0.866025404,-0.,0.5));
#2336=VECTOR('',#2335,4.014499999);
#2337=LINE('',#2334,#2336);
#2338=EDGE_CURVE('',#2280,#2320,#2337,.T.);
#2339=ORIENTED_EDGE('',*,*,#2338,.T.);
#2340=EDGE_LOOP('',(#2326,#2332,#2333,#2339));
#2341=FACE_BOUND('',#2340,.T.);
#2342=ADVANCED_FACE('',(#2341),#2316,.F.);
#2343=CARTESIAN_POINT('',(0.,-4.295,-101.4125));
#2344=DIRECTION('',(0.,1.,0.));
#2345=DIRECTION('',(0.,0.,1.));
#2346=AXIS2_PLACEMENT_3D('',#2343,#2344,#2345);
#2347=PLANE('',#2346);
#2348=ORIENTED_EDGE('',*,*,#2230,.T.);
#2349=ORIENTED_EDGE('',*,*,#2267,.T.);
#2350=CARTESIAN_POINT('',(83.308775391,-4.295,-18.260390161));
#2351=VERTEX_POINT('',#2350);
#2352=CARTESIAN_POINT('',(83.238958255,-4.295,-22.274283012));
#2353=DIRECTION('',(0.017391241,0.,0.999848761));
#2354=VECTOR('',#2353,4.0145);
#2355=LINE('',#2352,#2354);
#2356=EDGE_CURVE('',#2256,#2351,#2355,.T.);
#2357=ORIENTED_EDGE('',*,*,#2356,.T.);
#2358=CARTESIAN_POINT('',(86.819817136,-4.295,-16.313907149));
#2359=VERTEX_POINT('',#2358);
#2360=CARTESIAN_POINT('',(83.308775391,-4.295,-18.260390161));
#2361=DIRECTION('',(0.874590047,0.,0.484863124));
#2362=VECTOR('',#2361,4.0145);
#2363=LINE('',#2360,#2362);
#2364=EDGE_CURVE('',#2351,#2359,#2363,.T.);
#2365=ORIENTED_EDGE('',*,*,#2364,.T.);
#2366=CARTESIAN_POINT('',(90.261041745,-4.295,-18.381316988));
#2367=VERTEX_POINT('',#2366);
#2368=CARTESIAN_POINT('',(86.819817136,-4.295,-16.313907149));
#2369=DIRECTION('',(0.857198807,0.,-0.514985637));
#2370=VECTOR('',#2369,4.0145);
#2371=LINE('',#2368,#2370);
#2372=EDGE_CURVE('',#2359,#2367,#2371,.T.);
#2373=ORIENTED_EDGE('',*,*,#2372,.T.);
#2374=CARTESIAN_POINT('',(90.261041745,-4.295,-18.381316988));
#2375=DIRECTION('',(-0.017391241,0.,-0.999848761));
#2376=VECTOR('',#2375,4.0145);
#2377=LINE('',#2374,#2376);
#2378=EDGE_CURVE('',#2367,#2225,#2377,.T.);
#2379=ORIENTED_EDGE('',*,*,#2378,.T.);
#2380=EDGE_LOOP('',(#2348,#2349,#2357,#2365,#2373,#2379));
#2381=FACE_BOUND('',#2380,.T.);
#2382=CARTESIAN_POINT('',(49.5,-4.295,-23.890625));
#2383=DIRECTION('',(-1.,-0.,0.));
#2384=VECTOR('',#2383,18.698657518);
#2385=LINE('',#2382,#2384);
#2386=EDGE_CURVE('',#2045,#1147,#2385,.T.);
#2387=ORIENTED_EDGE('',*,*,#2386,.T.);
#2388=ORIENTED_EDGE('',*,*,#1153,.F.);
#2389=ORIENTED_EDGE('',*,*,#2056,.T.);
#2390=EDGE_LOOP('',(#2387,#2388,#2389));
#2391=FACE_BOUND('',#2390,.T.);
#2392=CARTESIAN_POINT('',(71.198657518,-4.295,-23.890625));
#2393=DIRECTION('',(-1.,-0.,0.));
#2394=VECTOR('',#2393,18.698657518);
#2395=LINE('',#2392,#2394);
#2396=EDGE_CURVE('',#1030,#1935,#2395,.T.);
#2397=ORIENTED_EDGE('',*,*,#2396,.T.);
#2398=ORIENTED_EDGE('',*,*,#2024,.T.);
#2399=ORIENTED_EDGE('',*,*,#1044,.F.);
#2400=EDGE_LOOP('',(#2397,#2398,#2399));
#2401=FACE_BOUND('',#2400,.T.);
#2402=ORIENTED_EDGE('',*,*,#301,.T.);
#2403=ORIENTED_EDGE('',*,*,#1325,.T.);
#2404=CARTESIAN_POINT('',(102.,-4.295,-15.765));
#2405=VERTEX_POINT('',#2404);
#2406=CARTESIAN_POINT('',(102.,-4.295,-24.890625));
#2407=DIRECTION('',(0.,0.,1.));
#2408=VECTOR('',#2407,9.125625);
#2409=LINE('',#2406,#2408);
#2410=EDGE_CURVE('',#1314,#2405,#2409,.T.);
#2411=ORIENTED_EDGE('',*,*,#2410,.T.);
#2412=CARTESIAN_POINT('',(3.1663,-4.295,-15.765));
#2413=VERTEX_POINT('',#2412);
#2414=CARTESIAN_POINT('',(3.1663,-4.295,-15.765));
#2415=DIRECTION('',(1.,0.,-0.));
#2416=VECTOR('',#2415,98.8337);
#2417=LINE('',#2414,#2416);
#2418=EDGE_CURVE('',#2413,#2405,#2417,.T.);
#2419=ORIENTED_EDGE('',*,*,#2418,.F.);
#2420=CARTESIAN_POINT('',(3.1663,-4.295,-17.593533837));
#2421=VERTEX_POINT('',#2420);
#2422=CARTESIAN_POINT('',(3.1663,-4.295,-17.593533837));
#2423=DIRECTION('',(0.,0.,1.));
#2424=VECTOR('',#2423,1.828533837);
#2425=LINE('',#2422,#2424);
#2426=EDGE_CURVE('',#2421,#2413,#2425,.T.);
#2427=ORIENTED_EDGE('',*,*,#2426,.F.);
#2428=CARTESIAN_POINT('',(3.1663,-4.295,-17.593533837));
#2429=DIRECTION('',(-1.,-0.,0.));
#2430=VECTOR('',#2429,1.1663);
#2431=LINE('',#2428,#2430);
#2432=EDGE_CURVE('',#2421,#296,#2431,.T.);
#2433=ORIENTED_EDGE('',*,*,#2432,.T.);
#2434=EDGE_LOOP('',(#2402,#2403,#2411,#2419,#2427,#2433));
#2435=FACE_BOUND('',#2434,.T.);
#2436=ORIENTED_EDGE('',*,*,#2338,.F.);
#2437=ORIENTED_EDGE('',*,*,#2307,.F.);
#2438=CARTESIAN_POINT('',(11.773341017,-4.295,-18.32055));
#2439=VERTEX_POINT('',#2438);
#2440=CARTESIAN_POINT('',(11.773341017,-4.295,-18.32055));
#2441=DIRECTION('',(-0.,-0.,-1.));
#2442=VECTOR('',#2441,4.014500001);
#2443=LINE('',#2440,#2442);
#2444=EDGE_CURVE('',#2439,#2296,#2443,.T.);
#2445=ORIENTED_EDGE('',*,*,#2444,.F.);
#2446=CARTESIAN_POINT('',(15.25,-4.295,-16.3133));
#2447=VERTEX_POINT('',#2446);
#2448=CARTESIAN_POINT('',(15.25,-4.295,-16.3133));
#2449=DIRECTION('',(-0.866025404,-0.,-0.5));
#2450=VECTOR('',#2449,4.014499999);
#2451=LINE('',#2448,#2450);
#2452=EDGE_CURVE('',#2447,#2439,#2451,.T.);
#2453=ORIENTED_EDGE('',*,*,#2452,.F.);
#2454=CARTESIAN_POINT('',(18.726658983,-4.295,-18.320549999));
#2455=VERTEX_POINT('',#2454);
#2456=CARTESIAN_POINT('',(18.726658983,-4.295,-18.320549999));
#2457=DIRECTION('',(-0.866025404,-0.,0.5));
#2458=VECTOR('',#2457,4.014499999);
#2459=LINE('',#2456,#2458);
#2460=EDGE_CURVE('',#2455,#2447,#2459,.T.);
#2461=ORIENTED_EDGE('',*,*,#2460,.F.);
#2462=CARTESIAN_POINT('',(18.726658983,-4.295,-22.33505));
#2463=DIRECTION('',(-0.,-0.,1.));
#2464=VECTOR('',#2463,4.014500001);
#2465=LINE('',#2462,#2464);
#2466=EDGE_CURVE('',#2320,#2455,#2465,.T.);
#2467=ORIENTED_EDGE('',*,*,#2466,.F.);
#2468=EDGE_LOOP('',(#2436,#2437,#2445,#2453,#2461,#2467));
#2469=FACE_BOUND('',#2468,.T.);
#2470=ADVANCED_FACE('',(#2381,#2391,#2401,#2435,#2469),#2347,.F.);
#2471=CARTESIAN_POINT('',(0.,-4.295,0.));
#2472=DIRECTION('',(0.,-1.,0.));
#2473=DIRECTION('',(0.,0.,-1.));
#2474=AXIS2_PLACEMENT_3D('',#2471,#2472,#2473);
#2475=PLANE('',#2474);
#2476=ORIENTED_EDGE('',*,*,#1605,.T.);
#2477=CARTESIAN_POINT('',(102.,-4.295,-80.440625));
#2478=DIRECTION('',(-0.,-0.,1.));
#2479=VECTOR('',#2478,9.125625);
#2480=LINE('',#2477,#2479);
#2481=EDGE_CURVE('',#1594,#821,#2480,.T.);
#2482=ORIENTED_EDGE('',*,*,#2481,.T.);
#2483=ORIENTED_EDGE('',*,*,#826,.T.);
#2484=ORIENTED_EDGE('',*,*,#141,.T.);
#2485=EDGE_LOOP('',(#2476,#2482,#2483,#2484));
#2486=FACE_BOUND('',#2485,.T.);
#2487=CARTESIAN_POINT('',(19.876344627,-4.295,-72.315));
#2488=DIRECTION('',(-1.,-0.,0.));
#2489=VECTOR('',#2488,3.232615323);
#2490=LINE('',#2487,#2489);
#2491=EDGE_CURVE('',#741,#1114,#2490,.T.);
#2492=ORIENTED_EDGE('',*,*,#2491,.F.);
#2493=ORIENTED_EDGE('',*,*,#746,.T.);
#2494=ORIENTED_EDGE('',*,*,#1126,.F.);
#2495=EDGE_LOOP('',(#2492,#2493,#2494));
#2496=FACE_BOUND('',#2495,.T.);
#2497=CARTESIAN_POINT('',(80.969624756,-4.295,-79.440625));
#2498=VERTEX_POINT('',#2497);
#2499=CARTESIAN_POINT('',(21.030375244,-4.295,-79.440625));
#2500=VERTEX_POINT('',#2499);
#2501=CARTESIAN_POINT('',(80.969624756,-4.295,-79.440625));
#2502=DIRECTION('',(-1.,-0.,0.));
#2503=VECTOR('',#2502,59.939249512);
#2504=LINE('',#2501,#2503);
#2505=EDGE_CURVE('',#2498,#2500,#2504,.T.);
#2506=ORIENTED_EDGE('',*,*,#2505,.T.);
#2507=CARTESIAN_POINT('',(18.866683561,-4.295,-76.362029702));
#2508=VERTEX_POINT('',#2507);
#2509=CARTESIAN_POINT('',(51.,-4.295,-56.0778));
#2510=DIRECTION('',(0.,-1.,0.));
#2511=DIRECTION('',(0.,0.,-1.));
#2512=AXIS2_PLACEMENT_3D('',#2509,#2510,#2511);
#2513=CIRCLE('',#2512,38.);
#2514=EDGE_CURVE('',#2508,#2500,#2513,.T.);
#2515=ORIENTED_EDGE('',*,*,#2514,.F.);
#2516=CARTESIAN_POINT('',(25.876344626,-4.295,-72.315));
#2517=VERTEX_POINT('',#2516);
#2518=CARTESIAN_POINT('',(25.876344626,-4.295,-72.315));
#2519=DIRECTION('',(-0.866025404,-0.,-0.5));
#2520=VECTOR('',#2519,8.094059406);
#2521=LINE('',#2518,#2520);
#2522=EDGE_CURVE('',#2517,#2508,#2521,.T.);
#2523=ORIENTED_EDGE('',*,*,#2522,.F.);
#2524=CARTESIAN_POINT('',(76.123655373,-4.295,-72.315));
#2525=VERTEX_POINT('',#2524);
#2526=CARTESIAN_POINT('',(76.123655373,-4.295,-72.315));
#2527=DIRECTION('',(-1.,-0.,0.));
#2528=VECTOR('',#2527,50.247310747);
#2529=LINE('',#2526,#2528);
#2530=EDGE_CURVE('',#2525,#2517,#2529,.T.);
#2531=ORIENTED_EDGE('',*,*,#2530,.F.);
#2532=CARTESIAN_POINT('',(83.133316439,-4.295,-76.362029702));
#2533=VERTEX_POINT('',#2532);
#2534=CARTESIAN_POINT('',(76.123655373,-4.295,-72.315));
#2535=DIRECTION('',(0.866025404,0.,-0.5));
#2536=VECTOR('',#2535,8.094059406);
#2537=LINE('',#2534,#2536);
#2538=EDGE_CURVE('',#2525,#2533,#2537,.T.);
#2539=ORIENTED_EDGE('',*,*,#2538,.T.);
#2540=CARTESIAN_POINT('',(51.,-4.295,-56.0778));
#2541=DIRECTION('',(0.,-1.,0.));
#2542=DIRECTION('',(0.,0.,-1.));
#2543=AXIS2_PLACEMENT_3D('',#2540,#2541,#2542);
#2544=CIRCLE('',#2543,38.);
#2545=EDGE_CURVE('',#2498,#2533,#2544,.T.);
#2546=ORIENTED_EDGE('',*,*,#2545,.F.);
#2547=EDGE_LOOP('',(#2506,#2515,#2523,#2531,#2539,#2546));
#2548=FACE_BOUND('',#2547,.T.);
#2549=CARTESIAN_POINT('',(85.356270696,-4.295,-72.315));
#2550=DIRECTION('',(-1.,-0.,0.));
#2551=VECTOR('',#2550,3.232615322);
#2552=LINE('',#2549,#2551);
#2553=EDGE_CURVE('',#1072,#2155,#2552,.T.);
#2554=ORIENTED_EDGE('',*,*,#2553,.F.);
#2555=ORIENTED_EDGE('',*,*,#1078,.F.);
#2556=ORIENTED_EDGE('',*,*,#2166,.F.);
#2557=EDGE_LOOP('',(#2554,#2555,#2556));
#2558=FACE_BOUND('',#2557,.T.);
#2559=ADVANCED_FACE('',(#2486,#2496,#2548,#2558),#2475,.T.);
#2560=CARTESIAN_POINT('',(0.,-1.12,-96.65));
#2561=DIRECTION('',(0.,0.,-1.));
#2562=DIRECTION('',(1.,0.,0.));
#2563=AXIS2_PLACEMENT_3D('',#2560,#2561,#2562);
#2564=PLANE('',#2563);
#2565=ORIENTED_EDGE('',*,*,#84,.F.);
#2566=CARTESIAN_POINT('',(-11.8337,0.175,-96.65));
#2567=VERTEX_POINT('',#2566);
#2568=CARTESIAN_POINT('',(-11.8337,0.175,-96.65));
#2569=DIRECTION('',(1.,0.,-0.));
#2570=VECTOR('',#2569,13.8337);
#2571=LINE('',#2568,#2570);
#2572=EDGE_CURVE('',#2567,#71,#2571,.T.);
#2573=ORIENTED_EDGE('',*,*,#2572,.F.);
#2574=CARTESIAN_POINT('',(-11.8337,3.175,-96.65));
#2575=VERTEX_POINT('',#2574);
#2576=CARTESIAN_POINT('',(-11.8337,3.175,-96.65));
#2577=DIRECTION('',(-0.,-1.,-0.));
#2578=VECTOR('',#2577,3.);
#2579=LINE('',#2576,#2578);
#2580=EDGE_CURVE('',#2575,#2567,#2579,.T.);
#2581=ORIENTED_EDGE('',*,*,#2580,.F.);
#2582=CARTESIAN_POINT('',(20.,3.175,-96.65));
#2583=VERTEX_POINT('',#2582);
#2584=CARTESIAN_POINT('',(20.,3.175,-96.65));
#2585=DIRECTION('',(-1.,-0.,0.));
#2586=VECTOR('',#2585,31.8337);
#2587=LINE('',#2584,#2586);
#2588=EDGE_CURVE('',#2583,#2575,#2587,.T.);
#2589=ORIENTED_EDGE('',*,*,#2588,.F.);
#2590=CARTESIAN_POINT('',(20.,0.175,-96.65));
#2591=VERTEX_POINT('',#2590);
#2592=CARTESIAN_POINT('',(20.,3.175,-96.65));
#2593=DIRECTION('',(0.,-1.,0.));
#2594=VECTOR('',#2593,3.);
#2595=LINE('',#2592,#2594);
#2596=EDGE_CURVE('',#2583,#2591,#2595,.T.);
#2597=ORIENTED_EDGE('',*,*,#2596,.T.);
#2598=CARTESIAN_POINT('',(50.,0.175,-96.65));
#2599=VERTEX_POINT('',#2598);
#2600=CARTESIAN_POINT('',(50.,0.175,-96.65));
#2601=DIRECTION('',(-1.,-0.,0.));
#2602=VECTOR('',#2601,30.);
#2603=LINE('',#2600,#2602);
#2604=EDGE_CURVE('',#2599,#2591,#2603,.T.);
#2605=ORIENTED_EDGE('',*,*,#2604,.F.);
#2606=CARTESIAN_POINT('',(50.,3.175,-96.65));
#2607=VERTEX_POINT('',#2606);
#2608=CARTESIAN_POINT('',(50.,3.175,-96.65));
#2609=DIRECTION('',(0.,-1.,0.));
#2610=VECTOR('',#2609,3.);
#2611=LINE('',#2608,#2610);
#2612=EDGE_CURVE('',#2607,#2599,#2611,.T.);
#2613=ORIENTED_EDGE('',*,*,#2612,.F.);
#2614=CARTESIAN_POINT('',(108.4528,3.175,-96.65));
#2615=VERTEX_POINT('',#2614);
#2616=CARTESIAN_POINT('',(50.,3.175,-96.65));
#2617=DIRECTION('',(1.,0.,-0.));
#2618=VECTOR('',#2617,58.4528);
#2619=LINE('',#2616,#2618);
#2620=EDGE_CURVE('',#2607,#2615,#2619,.T.);
#2621=ORIENTED_EDGE('',*,*,#2620,.T.);
#2622=CARTESIAN_POINT('',(108.4528,0.175,-96.65));
#2623=VERTEX_POINT('',#2622);
#2624=CARTESIAN_POINT('',(108.4528,3.175,-96.65));
#2625=DIRECTION('',(0.,-1.,0.));
#2626=VECTOR('',#2625,3.);
#2627=LINE('',#2624,#2626);
#2628=EDGE_CURVE('',#2615,#2623,#2627,.T.);
#2629=ORIENTED_EDGE('',*,*,#2628,.T.);
#2630=CARTESIAN_POINT('',(102.,0.175,-96.65));
#2631=VERTEX_POINT('',#2630);
#2632=CARTESIAN_POINT('',(108.4528,0.175,-96.65));
#2633=DIRECTION('',(-1.,-0.,0.));
#2634=VECTOR('',#2633,6.4528);
#2635=LINE('',#2632,#2634);
#2636=EDGE_CURVE('',#2623,#2631,#2635,.T.);
#2637=ORIENTED_EDGE('',*,*,#2636,.T.);
#2638=CARTESIAN_POINT('',(102.,-4.295,-96.65));
#2639=VERTEX_POINT('',#2638);
#2640=CARTESIAN_POINT('',(102.,0.175,-96.65));
#2641=DIRECTION('',(0.,-1.,0.));
#2642=VECTOR('',#2641,4.47);
#2643=LINE('',#2640,#2642);
#2644=EDGE_CURVE('',#2631,#2639,#2643,.T.);
#2645=ORIENTED_EDGE('',*,*,#2644,.T.);
#2646=CARTESIAN_POINT('',(102.,-4.295,-96.65));
#2647=DIRECTION('',(-1.,-0.,0.));
#2648=VECTOR('',#2647,100.);
#2649=LINE('',#2646,#2648);
#2650=EDGE_CURVE('',#2639,#79,#2649,.T.);
#2651=ORIENTED_EDGE('',*,*,#2650,.T.);
#2652=EDGE_LOOP('',(#2565,#2573,#2581,#2589,#2597,#2605,#2613,#2621,#2629,#2637,#2645,#2651));
#2653=FACE_BOUND('',#2652,.T.);
#2654=ADVANCED_FACE('',(#2653),#2564,.T.);
#2655=CARTESIAN_POINT('',(3.1663,-5.1505,-87.6161));
#2656=DIRECTION('',(-1.,0.,0.));
#2657=DIRECTION('',(0.,0.,1.));
#2658=AXIS2_PLACEMENT_3D('',#2655,#2656,#2657);
#2659=CYLINDRICAL_SURFACE('',#2658,3.);
#2660=ORIENTED_EDGE('',*,*,#101,.F.);
#2661=CARTESIAN_POINT('',(3.1663,-4.295,-90.491533837));
#2662=VERTEX_POINT('',#2661);
#2663=CARTESIAN_POINT('',(3.1663,-4.295,-90.491533837));
#2664=DIRECTION('',(-1.,-0.,0.));
#2665=VECTOR('',#2664,1.1663);
#2666=LINE('',#2663,#2665);
#2667=EDGE_CURVE('',#2662,#87,#2666,.T.);
#2668=ORIENTED_EDGE('',*,*,#2667,.F.);
#2669=CARTESIAN_POINT('',(3.1663,-4.295,-84.740666163));
#2670=VERTEX_POINT('',#2669);
#2671=CARTESIAN_POINT('',(3.1663,-5.1505,-87.6161));
#2672=DIRECTION('',(-1.,0.,0.));
#2673=DIRECTION('',(0.,0.,1.));
#2674=AXIS2_PLACEMENT_3D('',#2671,#2672,#2673);
#2675=CIRCLE('',#2674,3.);
#2676=EDGE_CURVE('',#2670,#2662,#2675,.T.);
#2677=ORIENTED_EDGE('',*,*,#2676,.F.);
#2678=CARTESIAN_POINT('',(2.,-4.295,-84.740666163));
#2679=DIRECTION('',(1.,0.,-0.));
#2680=VECTOR('',#2679,1.1663);
#2681=LINE('',#2678,#2680);
#2682=EDGE_CURVE('',#95,#2670,#2681,.T.);
#2683=ORIENTED_EDGE('',*,*,#2682,.F.);
#2684=EDGE_LOOP('',(#2660,#2668,#2677,#2683));
#2685=FACE_BOUND('',#2684,.T.);
#2686=ADVANCED_FACE('',(#2685),#2659,.F.);
#2687=CARTESIAN_POINT('',(0.,-4.295,-101.4125));
#2688=DIRECTION('',(0.,1.,0.));
#2689=DIRECTION('',(0.,0.,1.));
#2690=AXIS2_PLACEMENT_3D('',#2687,#2688,#2689);
#2691=PLANE('',#2690);
#2692=ORIENTED_EDGE('',*,*,#318,.T.);
#2693=CARTESIAN_POINT('',(3.1663,-4.295,-11.842666163));
#2694=VERTEX_POINT('',#2693);
#2695=CARTESIAN_POINT('',(3.1663,-4.295,-11.842666163));
#2696=DIRECTION('',(-1.,0.,0.));
#2697=VECTOR('',#2696,1.1663);
#2698=LINE('',#2695,#2697);
#2699=EDGE_CURVE('',#2694,#304,#2698,.T.);
#2700=ORIENTED_EDGE('',*,*,#2699,.F.);
#2701=CARTESIAN_POINT('',(3.1663,-4.295,-13.780625));
#2702=VERTEX_POINT('',#2701);
#2703=CARTESIAN_POINT('',(3.1663,-4.295,-13.780625));
#2704=DIRECTION('',(0.,0.,1.));
#2705=VECTOR('',#2704,1.937958837);
#2706=LINE('',#2703,#2705);
#2707=EDGE_CURVE('',#2702,#2694,#2706,.T.);
#2708=ORIENTED_EDGE('',*,*,#2707,.F.);
#2709=CARTESIAN_POINT('',(102.,-4.295,-13.780625));
#2710=VERTEX_POINT('',#2709);
#2711=CARTESIAN_POINT('',(3.1663,-4.295,-13.780625));
#2712=DIRECTION('',(1.,0.,-0.));
#2713=VECTOR('',#2712,98.8337);
#2714=LINE('',#2711,#2713);
#2715=EDGE_CURVE('',#2702,#2710,#2714,.T.);
#2716=ORIENTED_EDGE('',*,*,#2715,.T.);
#2717=CARTESIAN_POINT('',(102.,-4.295,-9.7806));
#2718=VERTEX_POINT('',#2717);
#2719=CARTESIAN_POINT('',(102.,-4.295,-13.780625));
#2720=DIRECTION('',(0.,0.,1.));
#2721=VECTOR('',#2720,4.000025);
#2722=LINE('',#2719,#2721);
#2723=EDGE_CURVE('',#2710,#2718,#2722,.T.);
#2724=ORIENTED_EDGE('',*,*,#2723,.T.);
#2725=CARTESIAN_POINT('',(2.,-4.295,-9.7806));
#2726=DIRECTION('',(1.,0.,-0.));
#2727=VECTOR('',#2726,100.);
#2728=LINE('',#2725,#2727);
#2729=EDGE_CURVE('',#313,#2718,#2728,.T.);
#2730=ORIENTED_EDGE('',*,*,#2729,.F.);
#2731=EDGE_LOOP('',(#2692,#2700,#2708,#2716,#2724,#2730));
#2732=FACE_BOUND('',#2731,.T.);
#2733=CARTESIAN_POINT('',(91.7264,-4.295,-10.7806125));
#2734=VERTEX_POINT('',#2733);
#2735=CARTESIAN_POINT('',(91.7264,-4.295,-10.7806125));
#2736=DIRECTION('',(0.,0.,-1.));
#2737=VECTOR('',#2736,2.);
#2738=LINE('',#2735,#2737);
#2739=EDGE_CURVE('',#2734,#383,#2738,.T.);
#2740=ORIENTED_EDGE('',*,*,#2739,.T.);
#2741=ORIENTED_EDGE('',*,*,#390,.T.);
#2742=CARTESIAN_POINT('',(66.7264,-4.295,-12.7806));
#2743=VERTEX_POINT('',#2742);
#2744=CARTESIAN_POINT('',(82.,-4.295,-12.7806));
#2745=DIRECTION('',(-1.,0.,0.));
#2746=VECTOR('',#2745,15.2736);
#2747=LINE('',#2744,#2746);
#2748=EDGE_CURVE('',#385,#2743,#2747,.T.);
#2749=ORIENTED_EDGE('',*,*,#2748,.T.);
#2750=CARTESIAN_POINT('',(66.7264,-4.295,-10.7806));
#2751=VERTEX_POINT('',#2750);
#2752=CARTESIAN_POINT('',(66.7264,-4.295,-12.7806));
#2753=DIRECTION('',(0.,0.,1.));
#2754=VECTOR('',#2753,2.);
#2755=LINE('',#2752,#2754);
#2756=EDGE_CURVE('',#2743,#2751,#2755,.T.);
#2757=ORIENTED_EDGE('',*,*,#2756,.T.);
#2758=CARTESIAN_POINT('',(82.,-4.295,-10.78060625));
#2759=VERTEX_POINT('',#2758);
#2760=CARTESIAN_POINT('',(66.7264,-4.295,-10.7806));
#2761=DIRECTION('',(1.,0.,-0.));
#2762=VECTOR('',#2761,15.2736);
#2763=LINE('',#2760,#2762);
#2764=EDGE_CURVE('',#2751,#2759,#2763,.T.);
#2765=ORIENTED_EDGE('',*,*,#2764,.T.);
#2766=CARTESIAN_POINT('',(82.,-4.295,-10.7806125));
#2767=DIRECTION('',(1.,0.,-0.));
#2768=VECTOR('',#2767,9.7264);
#2769=LINE('',#2766,#2768);
#2770=EDGE_CURVE('',#2759,#2734,#2769,.T.);
#2771=ORIENTED_EDGE('',*,*,#2770,.T.);
#2772=EDGE_LOOP('',(#2740,#2741,#2749,#2757,#2765,#2771));
#2773=FACE_BOUND('',#2772,.T.);
#2774=CARTESIAN_POINT('',(7.,-4.295,-10.7806125));
#2775=VERTEX_POINT('',#2774);
#2776=CARTESIAN_POINT('',(7.,-4.295,-12.7806125));
#2777=DIRECTION('',(-0.,-0.,1.));
#2778=VECTOR('',#2777,2.);
#2779=LINE('',#2776,#2778);
#2780=EDGE_CURVE('',#343,#2775,#2779,.T.);
#2781=ORIENTED_EDGE('',*,*,#2780,.T.);
#2782=CARTESIAN_POINT('',(20.,-4.295,-10.78060625));
#2783=VERTEX_POINT('',#2782);
#2784=CARTESIAN_POINT('',(20.,-4.295,-10.7806125));
#2785=DIRECTION('',(-1.,-0.,0.));
#2786=VECTOR('',#2785,13.);
#2787=LINE('',#2784,#2786);
#2788=EDGE_CURVE('',#2783,#2775,#2787,.T.);
#2789=ORIENTED_EDGE('',*,*,#2788,.F.);
#2790=CARTESIAN_POINT('',(32.,-4.295,-10.7806));
#2791=VERTEX_POINT('',#2790);
#2792=CARTESIAN_POINT('',(20.,-4.295,-10.7806));
#2793=DIRECTION('',(1.,0.,-0.));
#2794=VECTOR('',#2793,12.);
#2795=LINE('',#2792,#2794);
#2796=EDGE_CURVE('',#2783,#2791,#2795,.T.);
#2797=ORIENTED_EDGE('',*,*,#2796,.T.);
#2798=CARTESIAN_POINT('',(32.,-4.295,-12.7806));
#2799=VERTEX_POINT('',#2798);
#2800=CARTESIAN_POINT('',(32.,-4.295,-10.7806));
#2801=DIRECTION('',(-0.,-0.,-1.));
#2802=VECTOR('',#2801,2.);
#2803=LINE('',#2800,#2802);
#2804=EDGE_CURVE('',#2791,#2799,#2803,.T.);
#2805=ORIENTED_EDGE('',*,*,#2804,.T.);
#2806=CARTESIAN_POINT('',(32.,-4.295,-12.7806));
#2807=DIRECTION('',(-1.,0.,0.));
#2808=VECTOR('',#2807,12.);
#2809=LINE('',#2806,#2808);
#2810=EDGE_CURVE('',#2799,#353,#2809,.T.);
#2811=ORIENTED_EDGE('',*,*,#2810,.T.);
#2812=ORIENTED_EDGE('',*,*,#358,.F.);
#2813=EDGE_LOOP('',(#2781,#2789,#2797,#2805,#2811,#2812));
#2814=FACE_BOUND('',#2813,.T.);
#2815=ADVANCED_FACE('',(#2732,#2773,#2814),#2691,.F.);
#2816=CARTESIAN_POINT('',(0.,-3.295,-13.780625));
#2817=DIRECTION('',(0.,0.,-1.));
#2818=DIRECTION('',(1.,0.,0.));
#2819=AXIS2_PLACEMENT_3D('',#2816,#2817,#2818);
#2820=PLANE('',#2819);
#2821=ORIENTED_EDGE('',*,*,#2715,.F.);
#2822=CARTESIAN_POINT('',(3.1663,-3.295,-13.780625));
#2823=VERTEX_POINT('',#2822);
#2824=CARTESIAN_POINT('',(3.1663,-4.295,-13.780625));
#2825=DIRECTION('',(-0.,1.,-0.));
#2826=VECTOR('',#2825,1.);
#2827=LINE('',#2824,#2826);
#2828=EDGE_CURVE('',#2702,#2823,#2827,.T.);
#2829=ORIENTED_EDGE('',*,*,#2828,.T.);
#2830=CARTESIAN_POINT('',(62.5025,-3.295,-13.780625));
#2831=VERTEX_POINT('',#2830);
#2832=CARTESIAN_POINT('',(3.1663,-3.295,-13.780625));
#2833=DIRECTION('',(1.,0.,-0.));
#2834=VECTOR('',#2833,59.3362);
#2835=LINE('',#2832,#2834);
#2836=EDGE_CURVE('',#2823,#2831,#2835,.T.);
#2837=ORIENTED_EDGE('',*,*,#2836,.T.);
#2838=CARTESIAN_POINT('',(62.5025,-1.12,-13.780625));
#2839=VERTEX_POINT('',#2838);
#2840=CARTESIAN_POINT('',(62.5025,-1.12,-13.780625));
#2841=DIRECTION('',(0.,-1.,0.));
#2842=VECTOR('',#2841,2.175);
#2843=LINE('',#2840,#2842);
#2844=EDGE_CURVE('',#2839,#2831,#2843,.T.);
#2845=ORIENTED_EDGE('',*,*,#2844,.F.);
#2846=CARTESIAN_POINT('',(102.,-1.12,-13.780625));
#2847=VERTEX_POINT('',#2846);
#2848=CARTESIAN_POINT('',(62.5025,-1.12,-13.780625));
#2849=DIRECTION('',(1.,0.,-0.));
#2850=VECTOR('',#2849,39.4975);
#2851=LINE('',#2848,#2850);
#2852=EDGE_CURVE('',#2839,#2847,#2851,.T.);
#2853=ORIENTED_EDGE('',*,*,#2852,.T.);
#2854=CARTESIAN_POINT('',(102.,-1.12,-13.780625));
#2855=DIRECTION('',(0.,-1.,0.));
#2856=VECTOR('',#2855,3.175);
#2857=LINE('',#2854,#2856);
#2858=EDGE_CURVE('',#2847,#2710,#2857,.T.);
#2859=ORIENTED_EDGE('',*,*,#2858,.T.);
#2860=EDGE_LOOP('',(#2821,#2829,#2837,#2845,#2853,#2859));
#2861=FACE_BOUND('',#2860,.T.);
#2862=ADVANCED_FACE('',(#2861),#2820,.T.);
#2863=CARTESIAN_POINT('',(0.,-3.295,-15.765));
#2864=DIRECTION('',(0.,0.,-1.));
#2865=DIRECTION('',(1.,0.,0.));
#2866=AXIS2_PLACEMENT_3D('',#2863,#2864,#2865);
#2867=PLANE('',#2866);
#2868=CARTESIAN_POINT('',(3.1663,-3.295,-15.765));
#2869=VERTEX_POINT('',#2868);
#2870=CARTESIAN_POINT('',(3.1663,-4.295,-15.765));
#2871=DIRECTION('',(-0.,1.,-0.));
#2872=VECTOR('',#2871,1.);
#2873=LINE('',#2870,#2872);
#2874=EDGE_CURVE('',#2413,#2869,#2873,.T.);
#2875=ORIENTED_EDGE('',*,*,#2874,.F.);
#2876=ORIENTED_EDGE('',*,*,#2418,.T.);
#2877=CARTESIAN_POINT('',(102.,-1.12,-15.765));
#2878=VERTEX_POINT('',#2877);
#2879=CARTESIAN_POINT('',(102.,-4.295,-15.765));
#2880=DIRECTION('',(-0.,1.,-0.));
#2881=VECTOR('',#2880,3.175);
#2882=LINE('',#2879,#2881);
#2883=EDGE_CURVE('',#2405,#2878,#2882,.T.);
#2884=ORIENTED_EDGE('',*,*,#2883,.T.);
#2885=CARTESIAN_POINT('',(62.5025,-1.12,-15.765));
#2886=VERTEX_POINT('',#2885);
#2887=CARTESIAN_POINT('',(62.5025,-1.12,-15.765));
#2888=DIRECTION('',(1.,0.,-0.));
#2889=VECTOR('',#2888,39.4975);
#2890=LINE('',#2887,#2889);
#2891=EDGE_CURVE('',#2886,#2878,#2890,.T.);
#2892=ORIENTED_EDGE('',*,*,#2891,.F.);
#2893=CARTESIAN_POINT('',(62.5025,-3.295,-15.765));
#2894=VERTEX_POINT('',#2893);
#2895=CARTESIAN_POINT('',(62.5025,-3.295,-15.765));
#2896=DIRECTION('',(-0.,1.,-0.));
#2897=VECTOR('',#2896,2.175);
#2898=LINE('',#2895,#2897);
#2899=EDGE_CURVE('',#2894,#2886,#2898,.T.);
#2900=ORIENTED_EDGE('',*,*,#2899,.F.);
#2901=CARTESIAN_POINT('',(3.1663,-3.295,-15.765));
#2902=DIRECTION('',(1.,0.,-0.));
#2903=VECTOR('',#2902,59.3362);
#2904=LINE('',#2901,#2903);
#2905=EDGE_CURVE('',#2869,#2894,#2904,.T.);
#2906=ORIENTED_EDGE('',*,*,#2905,.F.);
#2907=EDGE_LOOP('',(#2875,#2876,#2884,#2892,#2900,#2906));
#2908=FACE_BOUND('',#2907,.T.);
#2909=ADVANCED_FACE('',(#2908),#2867,.F.);
#2910=CARTESIAN_POINT('',(0.,-3.295,-101.4125));
#2911=DIRECTION('',(0.,-1.,0.));
#2912=DIRECTION('',(0.,0.,-1.));
#2913=AXIS2_PLACEMENT_3D('',#2910,#2911,#2912);
#2914=PLANE('',#2913);
#2915=ORIENTED_EDGE('',*,*,#2836,.F.);
#2916=CARTESIAN_POINT('',(3.1663,-3.295,-13.780625));
#2917=DIRECTION('',(0.,0.,-1.));
#2918=VECTOR('',#2917,1.984375);
#2919=LINE('',#2916,#2918);
#2920=EDGE_CURVE('',#2823,#2869,#2919,.T.);
#2921=ORIENTED_EDGE('',*,*,#2920,.T.);
#2922=ORIENTED_EDGE('',*,*,#2905,.T.);
#2923=CARTESIAN_POINT('',(62.5025,-3.295,-15.765));
#2924=DIRECTION('',(-0.,-0.,1.));
#2925=VECTOR('',#2924,1.984375);
#2926=LINE('',#2923,#2925);
#2927=EDGE_CURVE('',#2894,#2831,#2926,.T.);
#2928=ORIENTED_EDGE('',*,*,#2927,.T.);
#2929=EDGE_LOOP('',(#2915,#2921,#2922,#2928));
#2930=FACE_BOUND('',#2929,.T.);
#2931=ADVANCED_FACE('',(#2930),#2914,.T.);
#2932=CARTESIAN_POINT('',(102.,-1.12,-156.9625));
#2933=DIRECTION('',(-1.,0.,0.));
#2934=DIRECTION('',(0.,1.,0.));
#2935=AXIS2_PLACEMENT_3D('',#2932,#2933,#2934);
#2936=PLANE('',#2935);
#2937=CARTESIAN_POINT('',(102.,-2.295,-9.7806));
#2938=VERTEX_POINT('',#2937);
#2939=CARTESIAN_POINT('',(102.,-4.295,-9.7806));
#2940=DIRECTION('',(0.,1.,0.));
#2941=VECTOR('',#2940,2.);
#2942=LINE('',#2939,#2941);
#2943=EDGE_CURVE('',#2718,#2938,#2942,.T.);
#2944=ORIENTED_EDGE('',*,*,#2943,.F.);
#2945=ORIENTED_EDGE('',*,*,#2723,.F.);
#2946=ORIENTED_EDGE('',*,*,#2858,.F.);
#2947=CARTESIAN_POINT('',(102.,-1.12,-15.765));
#2948=DIRECTION('',(0.,0.,1.));
#2949=VECTOR('',#2948,1.984375);
#2950=LINE('',#2947,#2949);
#2951=EDGE_CURVE('',#2878,#2847,#2950,.T.);
#2952=ORIENTED_EDGE('',*,*,#2951,.F.);
#2953=ORIENTED_EDGE('',*,*,#2883,.F.);
#2954=ORIENTED_EDGE('',*,*,#2410,.F.);
#2955=ORIENTED_EDGE('',*,*,#1319,.F.);
#2956=ORIENTED_EDGE('',*,*,#1779,.F.);
#2957=ORIENTED_EDGE('',*,*,#1367,.F.);
#2958=CARTESIAN_POINT('',(102.,-4.295,-36.000625));
#2959=DIRECTION('',(0.,0.,1.));
#2960=VECTOR('',#2959,9.125625);
#2961=LINE('',#2958,#2960);
#2962=EDGE_CURVE('',#1394,#1356,#2961,.T.);
#2963=ORIENTED_EDGE('',*,*,#2962,.F.);
#2964=ORIENTED_EDGE('',*,*,#1399,.F.);
#2965=ORIENTED_EDGE('',*,*,#1757,.F.);
#2966=ORIENTED_EDGE('',*,*,#1447,.F.);
#2967=CARTESIAN_POINT('',(102.,-4.295,-47.110625));
#2968=DIRECTION('',(0.,0.,1.));
#2969=VECTOR('',#2968,9.125625);
#2970=LINE('',#2967,#2969);
#2971=EDGE_CURVE('',#1474,#1436,#2970,.T.);
#2972=ORIENTED_EDGE('',*,*,#2971,.F.);
#2973=ORIENTED_EDGE('',*,*,#1479,.F.);
#2974=ORIENTED_EDGE('',*,*,#1735,.F.);
#2975=ORIENTED_EDGE('',*,*,#1527,.F.);
#2976=CARTESIAN_POINT('',(102.,-4.295,-58.220625));
#2977=DIRECTION('',(0.,0.,1.));
#2978=VECTOR('',#2977,9.125625);
#2979=LINE('',#2976,#2978);
#2980=EDGE_CURVE('',#1554,#1516,#2979,.T.);
#2981=ORIENTED_EDGE('',*,*,#2980,.F.);
#2982=ORIENTED_EDGE('',*,*,#1559,.F.);
#2983=ORIENTED_EDGE('',*,*,#1713,.F.);
#2984=ORIENTED_EDGE('',*,*,#872,.F.);
#2985=CARTESIAN_POINT('',(102.,-4.295,-69.330625));
#2986=DIRECTION('',(-0.,-0.,1.));
#2987=VECTOR('',#2986,9.125625);
#2988=LINE('',#2985,#2987);
#2989=EDGE_CURVE('',#779,#861,#2988,.T.);
#2990=ORIENTED_EDGE('',*,*,#2989,.F.);
#2991=ORIENTED_EDGE('',*,*,#784,.F.);
#2992=ORIENTED_EDGE('',*,*,#1691,.F.);
#2993=ORIENTED_EDGE('',*,*,#832,.F.);
#2994=ORIENTED_EDGE('',*,*,#2481,.F.);
#2995=ORIENTED_EDGE('',*,*,#1599,.F.);
#2996=ORIENTED_EDGE('',*,*,#1669,.F.);
#2997=ORIENTED_EDGE('',*,*,#1647,.F.);
#2998=CARTESIAN_POINT('',(102.,-4.295,-96.65));
#2999=DIRECTION('',(0.,0.,1.));
#3000=VECTOR('',#2999,14.225);
#3001=LINE('',#2998,#3000);
#3002=EDGE_CURVE('',#2639,#1636,#3001,.T.);
#3003=ORIENTED_EDGE('',*,*,#3002,.F.);
#3004=ORIENTED_EDGE('',*,*,#2644,.F.);
#3005=CARTESIAN_POINT('',(102.,0.175,-4.765));
#3006=VERTEX_POINT('',#3005);
#3007=CARTESIAN_POINT('',(102.,0.175,-4.765));
#3008=DIRECTION('',(0.,0.,-1.));
#3009=VECTOR('',#3008,91.885);
#3010=LINE('',#3007,#3009);
#3011=EDGE_CURVE('',#3006,#2631,#3010,.T.);
#3012=ORIENTED_EDGE('',*,*,#3011,.F.);
#3013=CARTESIAN_POINT('',(102.,-2.295,-4.765));
#3014=VERTEX_POINT('',#3013);
#3015=CARTESIAN_POINT('',(102.,-2.295,-4.765));
#3016=DIRECTION('',(-0.,1.,-0.));
#3017=VECTOR('',#3016,2.47);
#3018=LINE('',#3015,#3017);
#3019=EDGE_CURVE('',#3014,#3006,#3018,.T.);
#3020=ORIENTED_EDGE('',*,*,#3019,.F.);
#3021=CARTESIAN_POINT('',(102.,-2.295,-9.7806));
#3022=DIRECTION('',(0.,0.,1.));
#3023=VECTOR('',#3022,5.0156);
#3024=LINE('',#3021,#3023);
#3025=EDGE_CURVE('',#2938,#3014,#3024,.T.);
#3026=ORIENTED_EDGE('',*,*,#3025,.F.);
#3027=EDGE_LOOP('',(#2944,#2945,#2946,#2952,#2953,#2954,#2955,#2956,#2957,#2963,#2964,#2965,#2966,#2972,#2973,#2974,#2975,#2981,#2982,#2983,#2984,#2990,#2991,#2992,#2993,#2994,
#2995,#2996,#2997,#3003,#3004,#3012,#3020,#3026));
#3028=FACE_BOUND('',#3027,.T.);
#3029=ADVANCED_FACE('',(#3028),#2936,.F.);
#3030=CARTESIAN_POINT('',(15.25,3.175,-91.8278));
#3031=DIRECTION('',(0.,-1.,0.));
#3032=DIRECTION('',(0.,0.,-1.));
#3033=AXIS2_PLACEMENT_3D('',#3030,#3031,#3032);
#3034=CYLINDRICAL_SURFACE('',#3033,2.25);
#3035=CARTESIAN_POINT('',(15.25,-0.795,-94.0778));
#3036=VERTEX_POINT('',#3035);
#3037=CARTESIAN_POINT('',(15.25,3.175,-94.0778));
#3038=VERTEX_POINT('',#3037);
#3039=CARTESIAN_POINT('',(15.25,-0.795,-94.0778));
#3040=DIRECTION('',(-0.,1.,-0.));
#3041=VECTOR('',#3040,3.97);
#3042=LINE('',#3039,#3041);
#3043=EDGE_CURVE('',#3036,#3038,#3042,.T.);
#3044=ORIENTED_EDGE('',*,*,#3043,.F.);
#3045=CARTESIAN_POINT('',(15.25,-0.795,-91.8278));
#3046=DIRECTION('',(0.,-1.,0.));
#3047=DIRECTION('',(0.,0.,-1.));
#3048=AXIS2_PLACEMENT_3D('',#3045,#3046,#3047);
#3049=CIRCLE('',#3048,2.25);
#3050=EDGE_CURVE('',#3036,#3036,#3049,.T.);
#3051=ORIENTED_EDGE('',*,*,#3050,.T.);
#3052=ORIENTED_EDGE('',*,*,#3043,.T.);
#3053=CARTESIAN_POINT('',(15.25,3.175,-91.8278));
#3054=DIRECTION('',(0.,-1.,0.));
#3055=DIRECTION('',(0.,0.,-1.));
#3056=AXIS2_PLACEMENT_3D('',#3053,#3054,#3055);
#3057=CIRCLE('',#3056,2.25);
#3058=EDGE_CURVE('',#3038,#3038,#3057,.T.);
#3059=ORIENTED_EDGE('',*,*,#3058,.F.);
#3060=EDGE_LOOP('',(#3044,#3051,#3052,#3059));
#3061=FACE_BOUND('',#3060,.T.);
#3062=ADVANCED_FACE('',(#3061),#3034,.F.);
#3063=CARTESIAN_POINT('',(0.,-4.295,-101.4125));
#3064=DIRECTION('',(0.,1.,0.));
#3065=DIRECTION('',(0.,0.,1.));
#3066=AXIS2_PLACEMENT_3D('',#3063,#3064,#3065);
#3067=PLANE('',#3066);
#3068=CARTESIAN_POINT('',(84.74275,-4.295,-95.304458983));
#3069=VERTEX_POINT('',#3068);
#3070=CARTESIAN_POINT('',(82.7355,-4.295,-91.8278));
#3071=VERTEX_POINT('',#3070);
#3072=CARTESIAN_POINT('',(84.74275,-4.295,-95.304458983));
#3073=DIRECTION('',(-0.500000001,0.,0.866025403));
#3074=VECTOR('',#3073,4.0145);
#3075=LINE('',#3072,#3074);
#3076=EDGE_CURVE('',#3069,#3071,#3075,.T.);
#3077=ORIENTED_EDGE('',*,*,#3076,.T.);
#3078=CARTESIAN_POINT('',(84.74275,-4.295,-88.351141017));
#3079=VERTEX_POINT('',#3078);
#3080=CARTESIAN_POINT('',(82.7355,-4.295,-91.8278));
#3081=DIRECTION('',(0.5,0.,0.866025404));
#3082=VECTOR('',#3081,4.014499999);
#3083=LINE('',#3080,#3082);
#3084=EDGE_CURVE('',#3071,#3079,#3083,.T.);
#3085=ORIENTED_EDGE('',*,*,#3084,.T.);
#3086=CARTESIAN_POINT('',(88.75725,-4.295,-88.351141017));
#3087=VERTEX_POINT('',#3086);
#3088=CARTESIAN_POINT('',(84.74275,-4.295,-88.351141017));
#3089=DIRECTION('',(1.,0.,-0.));
#3090=VECTOR('',#3089,4.0145);
#3091=LINE('',#3088,#3090);
#3092=EDGE_CURVE('',#3079,#3087,#3091,.T.);
#3093=ORIENTED_EDGE('',*,*,#3092,.T.);
#3094=CARTESIAN_POINT('',(90.7645,-4.295,-91.8278));
#3095=VERTEX_POINT('',#3094);
#3096=CARTESIAN_POINT('',(88.75725,-4.295,-88.351141017));
#3097=DIRECTION('',(0.5,0.,-0.866025404));
#3098=VECTOR('',#3097,4.0145);
#3099=LINE('',#3096,#3098);
#3100=EDGE_CURVE('',#3087,#3095,#3099,.T.);
#3101=ORIENTED_EDGE('',*,*,#3100,.T.);
#3102=CARTESIAN_POINT('',(88.75725,-4.295,-95.304458983));
#3103=VERTEX_POINT('',#3102);
#3104=CARTESIAN_POINT('',(90.7645,-4.295,-91.8278));
#3105=DIRECTION('',(-0.5,0.,-0.866025404));
#3106=VECTOR('',#3105,4.014499999);
#3107=LINE('',#3104,#3106);
#3108=EDGE_CURVE('',#3095,#3103,#3107,.T.);
#3109=ORIENTED_EDGE('',*,*,#3108,.T.);
#3110=CARTESIAN_POINT('',(88.75725,-4.295,-95.304458983));
#3111=DIRECTION('',(-1.,-0.,0.));
#3112=VECTOR('',#3111,4.0145);
#3113=LINE('',#3110,#3112);
#3114=EDGE_CURVE('',#3103,#3069,#3113,.T.);
#3115=ORIENTED_EDGE('',*,*,#3114,.T.);
#3116=EDGE_LOOP('',(#3077,#3085,#3093,#3101,#3109,#3115));
#3117=FACE_BOUND('',#3116,.T.);
#3118=CARTESIAN_POINT('',(51.,-4.295,-94.0778));
#3119=VERTEX_POINT('',#3118);
#3120=CARTESIAN_POINT('',(77.384287979,-4.295,-83.425));
#3121=VERTEX_POINT('',#3120);
#3122=CARTESIAN_POINT('',(51.,-4.295,-56.0778));
#3123=DIRECTION('',(0.,-1.,0.));
#3124=DIRECTION('',(0.,0.,-1.));
#3125=AXIS2_PLACEMENT_3D('',#3122,#3123,#3124);
#3126=CIRCLE('',#3125,38.);
#3127=EDGE_CURVE('',#3119,#3121,#3126,.T.);
#3128=ORIENTED_EDGE('',*,*,#3127,.F.);
#3129=CARTESIAN_POINT('',(24.615712021,-4.295,-83.425));
#3130=VERTEX_POINT('',#3129);
#3131=CARTESIAN_POINT('',(51.,-4.295,-56.0778));
#3132=DIRECTION('',(0.,-1.,0.));
#3133=DIRECTION('',(0.,0.,-1.));
#3134=AXIS2_PLACEMENT_3D('',#3131,#3132,#3133);
#3135=CIRCLE('',#3134,38.);
#3136=EDGE_CURVE('',#3130,#3119,#3135,.T.);
#3137=ORIENTED_EDGE('',*,*,#3136,.F.);
#3138=CARTESIAN_POINT('',(77.384287979,-4.295,-83.425));
#3139=DIRECTION('',(-1.,-0.,0.));
#3140=VECTOR('',#3139,52.768575958);
#3141=LINE('',#3138,#3140);
#3142=EDGE_CURVE('',#3121,#3130,#3141,.T.);
#3143=ORIENTED_EDGE('',*,*,#3142,.F.);
#3144=EDGE_LOOP('',(#3128,#3137,#3143));
#3145=FACE_BOUND('',#3144,.T.);
#3146=ORIENTED_EDGE('',*,*,#3002,.T.);
#3147=ORIENTED_EDGE('',*,*,#1641,.T.);
#3148=ORIENTED_EDGE('',*,*,#109,.T.);
#3149=ORIENTED_EDGE('',*,*,#2682,.T.);
#3150=CARTESIAN_POINT('',(3.1663,-4.295,-90.491533837));
#3151=DIRECTION('',(0.,0.,1.));
#3152=VECTOR('',#3151,5.750867674);
#3153=LINE('',#3150,#3152);
#3154=EDGE_CURVE('',#2662,#2670,#3153,.T.);
#3155=ORIENTED_EDGE('',*,*,#3154,.F.);
#3156=ORIENTED_EDGE('',*,*,#2667,.T.);
#3157=ORIENTED_EDGE('',*,*,#92,.T.);
#3158=ORIENTED_EDGE('',*,*,#2650,.F.);
#3159=EDGE_LOOP('',(#3146,#3147,#3148,#3149,#3155,#3156,#3157,#3158));
#3160=FACE_BOUND('',#3159,.T.);
#3161=CARTESIAN_POINT('',(17.25725,-4.295,-88.351141017));
#3162=VERTEX_POINT('',#3161);
#3163=CARTESIAN_POINT('',(13.242749999,-4.295,-88.351141017));
#3164=VERTEX_POINT('',#3163);
#3165=CARTESIAN_POINT('',(17.25725,-4.295,-88.351141017));
#3166=DIRECTION('',(-1.,-0.,0.));
#3167=VECTOR('',#3166,4.014500001);
#3168=LINE('',#3165,#3167);
#3169=EDGE_CURVE('',#3162,#3164,#3168,.T.);
#3170=ORIENTED_EDGE('',*,*,#3169,.F.);
#3171=CARTESIAN_POINT('',(19.2645,-4.295,-91.8278));
#3172=VERTEX_POINT('',#3171);
#3173=CARTESIAN_POINT('',(19.2645,-4.295,-91.8278));
#3174=DIRECTION('',(-0.5,-0.,0.866025404));
#3175=VECTOR('',#3174,4.014499999);
#3176=LINE('',#3173,#3175);
#3177=EDGE_CURVE('',#3172,#3162,#3176,.T.);
#3178=ORIENTED_EDGE('',*,*,#3177,.F.);
#3179=CARTESIAN_POINT('',(17.257250001,-4.295,-95.304458983));
#3180=VERTEX_POINT('',#3179);
#3181=CARTESIAN_POINT('',(17.257250001,-4.295,-95.304458983));
#3182=DIRECTION('',(0.5,-0.,0.866025404));
#3183=VECTOR('',#3182,4.014499999);
#3184=LINE('',#3181,#3183);
#3185=EDGE_CURVE('',#3180,#3172,#3184,.T.);
#3186=ORIENTED_EDGE('',*,*,#3185,.F.);
#3187=CARTESIAN_POINT('',(13.24275,-4.295,-95.304458983));
#3188=VERTEX_POINT('',#3187);
#3189=CARTESIAN_POINT('',(13.24275,-4.295,-95.304458983));
#3190=DIRECTION('',(1.,-0.,-0.));
#3191=VECTOR('',#3190,4.014500001);
#3192=LINE('',#3189,#3191);
#3193=EDGE_CURVE('',#3188,#3180,#3192,.T.);
#3194=ORIENTED_EDGE('',*,*,#3193,.F.);
#3195=CARTESIAN_POINT('',(11.2355,-4.295,-91.8278));
#3196=VERTEX_POINT('',#3195);
#3197=CARTESIAN_POINT('',(11.2355,-4.295,-91.8278));
#3198=DIRECTION('',(0.5,-0.,-0.866025404));
#3199=VECTOR('',#3198,4.014499999);
#3200=LINE('',#3197,#3199);
#3201=EDGE_CURVE('',#3196,#3188,#3200,.T.);
#3202=ORIENTED_EDGE('',*,*,#3201,.F.);
#3203=CARTESIAN_POINT('',(13.242749999,-4.295,-88.351141017));
#3204=DIRECTION('',(-0.5,-0.,-0.866025404));
#3205=VECTOR('',#3204,4.014499999);
#3206=LINE('',#3203,#3205);
#3207=EDGE_CURVE('',#3164,#3196,#3206,.T.);
#3208=ORIENTED_EDGE('',*,*,#3207,.F.);
#3209=EDGE_LOOP('',(#3170,#3178,#3186,#3194,#3202,#3208));
#3210=FACE_BOUND('',#3209,.T.);
#3211=ADVANCED_FACE('',(#3117,#3145,#3160,#3210),#3067,.F.);
#3212=CARTESIAN_POINT('',(0.,-4.295,0.));
#3213=DIRECTION('',(0.,-1.,0.));
#3214=DIRECTION('',(0.,0.,-1.));
#3215=AXIS2_PLACEMENT_3D('',#3212,#3213,#3214);
#3216=PLANE('',#3215);
#3217=ORIENTED_EDGE('',*,*,#2989,.T.);
#3218=ORIENTED_EDGE('',*,*,#866,.T.);
#3219=ORIENTED_EDGE('',*,*,#173,.T.);
#3220=ORIENTED_EDGE('',*,*,#790,.F.);
#3221=EDGE_LOOP('',(#3217,#3218,#3219,#3220));
#3222=FACE_BOUND('',#3221,.T.);
#3223=CARTESIAN_POINT('',(39.119429099,-4.295,-61.205));
#3224=DIRECTION('',(-1.,-0.,0.));
#3225=VECTOR('',#3224,25.771943227);
#3226=LINE('',#3223,#3225);
#3227=EDGE_CURVE('',#693,#1275,#3226,.T.);
#3228=ORIENTED_EDGE('',*,*,#3227,.F.);
#3229=ORIENTED_EDGE('',*,*,#698,.T.);
#3230=CARTESIAN_POINT('',(26.777484564,-4.295,-68.330625));
#3231=DIRECTION('',(-1.,-0.,0.));
#3232=VECTOR('',#3231,11.74786515);
#3233=LINE('',#3230,#3232);
#3234=EDGE_CURVE('',#685,#1095,#3233,.T.);
#3235=ORIENTED_EDGE('',*,*,#3234,.T.);
#3236=ORIENTED_EDGE('',*,*,#1287,.F.);
#3237=EDGE_LOOP('',(#3228,#3229,#3235,#3236));
#3238=FACE_BOUND('',#3237,.T.);
#3239=CARTESIAN_POINT('',(88.652514128,-4.295,-61.205));
#3240=DIRECTION('',(-1.,-0.,0.));
#3241=VECTOR('',#3240,25.771943229);
#3242=LINE('',#3239,#3241);
#3243=EDGE_CURVE('',#902,#2185,#3242,.T.);
#3244=ORIENTED_EDGE('',*,*,#3243,.F.);
#3245=ORIENTED_EDGE('',*,*,#908,.F.);
#3246=CARTESIAN_POINT('',(86.970380586,-4.295,-68.330625));
#3247=DIRECTION('',(-1.,-0.,0.));
#3248=VECTOR('',#3247,11.74786515);
#3249=LINE('',#3246,#3248);
#3250=EDGE_CURVE('',#894,#2137,#3249,.T.);
#3251=ORIENTED_EDGE('',*,*,#3250,.T.);
#3252=ORIENTED_EDGE('',*,*,#2196,.F.);
#3253=EDGE_LOOP('',(#3244,#3245,#3251,#3252));
#3254=FACE_BOUND('',#3253,.T.);
#3255=CARTESIAN_POINT('',(58.812271895,-4.295,-62.320268089));
#3256=VERTEX_POINT('',#3255);
#3257=CARTESIAN_POINT('',(69.222515436,-4.295,-68.330625));
#3258=VERTEX_POINT('',#3257);
#3259=CARTESIAN_POINT('',(58.812271895,-4.295,-62.320268089));
#3260=DIRECTION('',(0.866025404,0.,-0.5));
#3261=VECTOR('',#3260,12.020713822);
#3262=LINE('',#3259,#3261);
#3263=EDGE_CURVE('',#3256,#3258,#3262,.T.);
#3264=ORIENTED_EDGE('',*,*,#3263,.T.);
#3265=CARTESIAN_POINT('',(32.777484564,-4.295,-68.330625));
#3266=VERTEX_POINT('',#3265);
#3267=CARTESIAN_POINT('',(69.222515436,-4.295,-68.330625));
#3268=DIRECTION('',(-1.,-0.,0.));
#3269=VECTOR('',#3268,36.445030872);
#3270=LINE('',#3267,#3269);
#3271=EDGE_CURVE('',#3258,#3266,#3270,.T.);
#3272=ORIENTED_EDGE('',*,*,#3271,.T.);
#3273=CARTESIAN_POINT('',(43.187728106,-4.295,-62.32026809));
#3274=VERTEX_POINT('',#3273);
#3275=CARTESIAN_POINT('',(43.187728106,-4.295,-62.32026809));
#3276=DIRECTION('',(-0.866025404,-0.,-0.5));
#3277=VECTOR('',#3276,12.020713822);
#3278=LINE('',#3275,#3277);
#3279=EDGE_CURVE('',#3274,#3266,#3278,.T.);
#3280=ORIENTED_EDGE('',*,*,#3279,.F.);
#3281=CARTESIAN_POINT('',(51.,-4.295,-66.0778));
#3282=VERTEX_POINT('',#3281);
#3283=CARTESIAN_POINT('',(51.,-4.295,-56.0778));
#3284=DIRECTION('',(0.,-1.,0.));
#3285=DIRECTION('',(0.,0.,-1.));
#3286=AXIS2_PLACEMENT_3D('',#3283,#3284,#3285);
#3287=CIRCLE('',#3286,10.);
#3288=EDGE_CURVE('',#3274,#3282,#3287,.T.);
#3289=ORIENTED_EDGE('',*,*,#3288,.T.);
#3290=CARTESIAN_POINT('',(51.,-4.295,-56.0778));
#3291=DIRECTION('',(0.,-1.,0.));
#3292=DIRECTION('',(0.,0.,-1.));
#3293=AXIS2_PLACEMENT_3D('',#3290,#3291,#3292);
#3294=CIRCLE('',#3293,10.);
#3295=EDGE_CURVE('',#3282,#3256,#3294,.T.);
#3296=ORIENTED_EDGE('',*,*,#3295,.T.);
#3297=EDGE_LOOP('',(#3264,#3272,#3280,#3289,#3296));
#3298=FACE_BOUND('',#3297,.T.);
#3299=ADVANCED_FACE('',(#3222,#3238,#3254,#3298),#3216,.T.);
#3300=CARTESIAN_POINT('',(32.394576832,3.175,-68.551696882));
#3301=DIRECTION('',(-0.5,0.,0.866025404));
#3302=DIRECTION('',(0.866025404,0.,0.5));
#3303=AXIS2_PLACEMENT_3D('',#3300,#3301,#3302);
#3304=PLANE('',#3303);
#3305=CARTESIAN_POINT('',(32.777484564,-0.295,-68.330625));
#3306=VERTEX_POINT('',#3305);
#3307=CARTESIAN_POINT('',(32.777484564,-4.295,-68.330625));
#3308=DIRECTION('',(0.,1.,0.));
#3309=VECTOR('',#3308,4.);
#3310=LINE('',#3307,#3309);
#3311=EDGE_CURVE('',#3266,#3306,#3310,.T.);
#3312=ORIENTED_EDGE('',*,*,#3311,.T.);
#3313=CARTESIAN_POINT('',(25.876344626,-0.295,-72.315));
#3314=VERTEX_POINT('',#3313);
#3315=CARTESIAN_POINT('',(32.777484564,-0.295,-68.330625));
#3316=DIRECTION('',(-0.866025404,-0.,-0.5));
#3317=VECTOR('',#3316,7.968750001);
#3318=LINE('',#3315,#3317);
#3319=EDGE_CURVE('',#3306,#3314,#3318,.T.);
#3320=ORIENTED_EDGE('',*,*,#3319,.T.);
#3321=CARTESIAN_POINT('',(25.876344627,-4.295,-72.315));
#3322=DIRECTION('',(0.,1.,0.));
#3323=VECTOR('',#3322,4.);
#3324=LINE('',#3321,#3323);
#3325=EDGE_CURVE('',#2517,#3314,#3324,.T.);
#3326=ORIENTED_EDGE('',*,*,#3325,.F.);
#3327=ORIENTED_EDGE('',*,*,#2522,.T.);
#3328=CARTESIAN_POINT('',(18.866683561,3.175,-76.362029703));
#3329=VERTEX_POINT('',#3328);
#3330=CARTESIAN_POINT('',(18.866683561,3.175,-76.362029703));
#3331=DIRECTION('',(0.,-1.,0.));
#3332=VECTOR('',#3331,7.47);
#3333=LINE('',#3330,#3332);
#3334=EDGE_CURVE('',#3329,#2508,#3333,.T.);
#3335=ORIENTED_EDGE('',*,*,#3334,.F.);
#3336=CARTESIAN_POINT('',(43.187728105,3.175,-62.32026809));
#3337=VERTEX_POINT('',#3336);
#3338=CARTESIAN_POINT('',(43.187728105,3.175,-62.320268089));
#3339=DIRECTION('',(-0.866025404,0.,-0.5));
#3340=VECTOR('',#3339,28.083523229);
#3341=LINE('',#3338,#3340);
#3342=EDGE_CURVE('',#3337,#3329,#3341,.T.);
#3343=ORIENTED_EDGE('',*,*,#3342,.F.);
#3344=CARTESIAN_POINT('',(43.187728106,3.175,-62.32026809));
#3345=DIRECTION('',(-0.,-1.,-0.));
#3346=VECTOR('',#3345,7.47);
#3347=LINE('',#3344,#3346);
#3348=EDGE_CURVE('',#3337,#3274,#3347,.T.);
#3349=ORIENTED_EDGE('',*,*,#3348,.T.);
#3350=ORIENTED_EDGE('',*,*,#3279,.T.);
#3351=EDGE_LOOP('',(#3312,#3320,#3326,#3327,#3335,#3343,#3349,#3350));
#3352=FACE_BOUND('',#3351,.T.);
#3353=ADVANCED_FACE('',(#3352),#3304,.F.);
#3354=CARTESIAN_POINT('',(51.,11.705,-56.0778));
#3355=DIRECTION('',(0.,-1.,0.));
#3356=DIRECTION('',(0.,0.,-1.));
#3357=AXIS2_PLACEMENT_3D('',#3354,#3355,#3356);
#3358=CYLINDRICAL_SURFACE('',#3357,38.);
#3359=CARTESIAN_POINT('',(51.000000001,3.175,-94.0778));
#3360=VERTEX_POINT('',#3359);
#3361=CARTESIAN_POINT('',(51.,-4.295,-94.0778));
#3362=DIRECTION('',(-0.,1.,-0.));
#3363=VECTOR('',#3362,7.47);
#3364=LINE('',#3361,#3363);
#3365=EDGE_CURVE('',#3119,#3360,#3364,.T.);
#3366=ORIENTED_EDGE('',*,*,#3365,.F.);
#3367=ORIENTED_EDGE('',*,*,#3127,.T.);
#3368=CARTESIAN_POINT('',(77.384287979,-0.295,-83.425));
#3369=VERTEX_POINT('',#3368);
#3370=CARTESIAN_POINT('',(77.384287979,-0.295,-83.425));
#3371=DIRECTION('',(-0.,-1.,-0.));
#3372=VECTOR('',#3371,4.);
#3373=LINE('',#3370,#3372);
#3374=EDGE_CURVE('',#3369,#3121,#3373,.T.);
#3375=ORIENTED_EDGE('',*,*,#3374,.F.);
#3376=CARTESIAN_POINT('',(80.969624756,-0.295,-79.440625));
#3377=VERTEX_POINT('',#3376);
#3378=CARTESIAN_POINT('',(51.,-0.295,-56.0778));
#3379=DIRECTION('',(0.,-1.,0.));
#3380=DIRECTION('',(0.,0.,-1.));
#3381=AXIS2_PLACEMENT_3D('',#3378,#3379,#3380);
#3382=CIRCLE('',#3381,38.);
#3383=EDGE_CURVE('',#3369,#3377,#3382,.T.);
#3384=ORIENTED_EDGE('',*,*,#3383,.T.);
#3385=CARTESIAN_POINT('',(80.969624756,-0.295,-79.440625));
#3386=DIRECTION('',(0.,-1.,0.));
#3387=VECTOR('',#3386,4.);
#3388=LINE('',#3385,#3387);
#3389=EDGE_CURVE('',#3377,#2498,#3388,.T.);
#3390=ORIENTED_EDGE('',*,*,#3389,.T.);
#3391=ORIENTED_EDGE('',*,*,#2545,.T.);
#3392=CARTESIAN_POINT('',(83.13331644,3.175,-76.362029702));
#3393=VERTEX_POINT('',#3392);
#3394=CARTESIAN_POINT('',(83.13331644,3.175,-76.362029702));
#3395=DIRECTION('',(-0.,-1.,-0.));
#3396=VECTOR('',#3395,7.47);
#3397=LINE('',#3394,#3396);
#3398=EDGE_CURVE('',#3393,#2533,#3397,.T.);
#3399=ORIENTED_EDGE('',*,*,#3398,.F.);
#3400=CARTESIAN_POINT('',(51.,3.175,-56.0778));
#3401=DIRECTION('',(-0.,1.,-0.));
#3402=DIRECTION('',(0.,0.,-1.));
#3403=AXIS2_PLACEMENT_3D('',#3400,#3401,#3402);
#3404=CIRCLE('',#3403,38.);
#3405=EDGE_CURVE('',#3393,#3360,#3404,.T.);
#3406=ORIENTED_EDGE('',*,*,#3405,.T.);
#3407=EDGE_LOOP('',(#3366,#3367,#3375,#3384,#3390,#3391,#3399,#3406));
#3408=FACE_BOUND('',#3407,.T.);
#3409=ADVANCED_FACE('',(#3408),#3358,.F.);
#3410=CARTESIAN_POINT('',(51.,3.175,-56.0778));
#3411=DIRECTION('',(0.,-1.,0.));
#3412=DIRECTION('',(0.,0.,-1.));
#3413=AXIS2_PLACEMENT_3D('',#3410,#3411,#3412);
#3414=CYLINDRICAL_SURFACE('',#3413,10.);
#3415=CARTESIAN_POINT('',(51.,3.175,-66.0778));
#3416=VERTEX_POINT('',#3415);
#3417=CARTESIAN_POINT('',(51.,-4.295,-66.0778));
#3418=DIRECTION('',(-0.,1.,-0.));
#3419=VECTOR('',#3418,7.47);
#3420=LINE('',#3417,#3419);
#3421=EDGE_CURVE('',#3282,#3416,#3420,.T.);
#3422=ORIENTED_EDGE('',*,*,#3421,.T.);
#3423=CARTESIAN_POINT('',(58.812271894,3.175,-62.320268089));
#3424=VERTEX_POINT('',#3423);
#3425=CARTESIAN_POINT('',(51.,3.175,-56.0778));
#3426=DIRECTION('',(0.,-1.,0.));
#3427=DIRECTION('',(0.,0.,-1.));
#3428=AXIS2_PLACEMENT_3D('',#3425,#3426,#3427);
#3429=CIRCLE('',#3428,10.);
#3430=EDGE_CURVE('',#3416,#3424,#3429,.T.);
#3431=ORIENTED_EDGE('',*,*,#3430,.T.);
#3432=CARTESIAN_POINT('',(58.812271895,3.175,-62.320268089));
#3433=DIRECTION('',(0.,-1.,0.));
#3434=VECTOR('',#3433,7.47);
#3435=LINE('',#3432,#3434);
#3436=EDGE_CURVE('',#3424,#3256,#3435,.T.);
#3437=ORIENTED_EDGE('',*,*,#3436,.T.);
#3438=ORIENTED_EDGE('',*,*,#3295,.F.);
#3439=EDGE_LOOP('',(#3422,#3431,#3437,#3438));
#3440=FACE_BOUND('',#3439,.T.);
#3441=ADVANCED_FACE('',(#3440),#3414,.T.);
#3442=CARTESIAN_POINT('',(0.,-4.295,-101.4125));
#3443=DIRECTION('',(0.,1.,0.));
#3444=DIRECTION('',(0.,0.,1.));
#3445=AXIS2_PLACEMENT_3D('',#3442,#3443,#3444);
#3446=PLANE('',#3445);
#3447=ORIENTED_EDGE('',*,*,#1010,.F.);
#3448=CARTESIAN_POINT('',(82.618866109,-4.295,-35.000625));
#3449=DIRECTION('',(-1.,-0.,0.));
#3450=VECTOR('',#3449,30.118866109);
#3451=LINE('',#3448,#3450);
#3452=EDGE_CURVE('',#996,#1959,#3451,.T.);
#3453=ORIENTED_EDGE('',*,*,#3452,.T.);
#3454=ORIENTED_EDGE('',*,*,#1964,.T.);
#3455=CARTESIAN_POINT('',(76.467667191,-4.295,-27.875));
#3456=DIRECTION('',(-1.,-0.,0.));
#3457=VECTOR('',#3456,23.967667191);
#3458=LINE('',#3455,#3457);
#3459=EDGE_CURVE('',#1004,#1951,#3458,.T.);
#3460=ORIENTED_EDGE('',*,*,#3459,.F.);
#3461=EDGE_LOOP('',(#3447,#3453,#3454,#3460));
#3462=FACE_BOUND('',#3461,.T.);
#3463=ORIENTED_EDGE('',*,*,#1405,.T.);
#3464=ORIENTED_EDGE('',*,*,#2962,.T.);
#3465=ORIENTED_EDGE('',*,*,#1361,.F.);
#3466=ORIENTED_EDGE('',*,*,#269,.T.);
#3467=EDGE_LOOP('',(#3463,#3464,#3465,#3466));
#3468=FACE_BOUND('',#3467,.T.);
#3469=CARTESIAN_POINT('',(49.5,-4.295,-35.000625));
#3470=DIRECTION('',(-1.,-0.,0.));
#3471=VECTOR('',#3470,30.118866109);
#3472=LINE('',#3469,#3471);
#3473=EDGE_CURVE('',#2107,#1181,#3472,.T.);
#3474=ORIENTED_EDGE('',*,*,#3473,.T.);
#3475=ORIENTED_EDGE('',*,*,#1187,.F.);
#3476=CARTESIAN_POINT('',(49.5,-4.295,-27.875));
#3477=DIRECTION('',(-1.,-0.,0.));
#3478=VECTOR('',#3477,23.967667191);
#3479=LINE('',#3476,#3478);
#3480=EDGE_CURVE('',#2115,#1173,#3479,.T.);
#3481=ORIENTED_EDGE('',*,*,#3480,.F.);
#3482=ORIENTED_EDGE('',*,*,#2120,.T.);
#3483=EDGE_LOOP('',(#3474,#3475,#3481,#3482));
#3484=FACE_BOUND('',#3483,.T.);
#3485=ADVANCED_FACE('',(#3462,#3468,#3484),#3446,.F.);
#3486=CARTESIAN_POINT('',(0.,-4.295,-101.4125));
#3487=DIRECTION('',(0.,1.,0.));
#3488=DIRECTION('',(0.,0.,1.));
#3489=AXIS2_PLACEMENT_3D('',#3486,#3487,#3488);
#3490=PLANE('',#3489);
#3491=ORIENTED_EDGE('',*,*,#1441,.F.);
#3492=ORIENTED_EDGE('',*,*,#237,.T.);
#3493=ORIENTED_EDGE('',*,*,#1485,.T.);
#3494=ORIENTED_EDGE('',*,*,#2971,.T.);
#3495=EDGE_LOOP('',(#3491,#3492,#3493,#3494));
#3496=FACE_BOUND('',#3495,.T.);
#3497=CARTESIAN_POINT('',(84.938712235,-4.295,-38.985));
#3498=DIRECTION('',(-1.,-0.,0.));
#3499=VECTOR('',#3498,32.438712235);
#3500=LINE('',#3497,#3499);
#3501=EDGE_CURVE('',#970,#1983,#3500,.T.);
#3502=ORIENTED_EDGE('',*,*,#3501,.F.);
#3503=ORIENTED_EDGE('',*,*,#976,.F.);
#3504=CARTESIAN_POINT('',(87.669543528,-4.295,-46.110625));
#3505=DIRECTION('',(-1.,-0.,0.));
#3506=VECTOR('',#3505,35.169543528);
#3507=LINE('',#3504,#3506);
#3508=EDGE_CURVE('',#962,#1991,#3507,.T.);
#3509=ORIENTED_EDGE('',*,*,#3508,.T.);
#3510=ORIENTED_EDGE('',*,*,#1996,.T.);
#3511=EDGE_LOOP('',(#3502,#3503,#3509,#3510));
#3512=FACE_BOUND('',#3511,.T.);
#3513=ORIENTED_EDGE('',*,*,#1221,.F.);
#3514=CARTESIAN_POINT('',(49.5,-4.295,-38.985));
#3515=DIRECTION('',(-1.,-0.,0.));
#3516=VECTOR('',#3515,32.438712235);
#3517=LINE('',#3514,#3516);
#3518=EDGE_CURVE('',#2083,#1207,#3517,.T.);
#3519=ORIENTED_EDGE('',*,*,#3518,.F.);
#3520=ORIENTED_EDGE('',*,*,#2088,.T.);
#3521=CARTESIAN_POINT('',(49.5,-4.295,-46.110625));
#3522=DIRECTION('',(-1.,-0.,0.));
#3523=VECTOR('',#3522,35.169543528);
#3524=LINE('',#3521,#3523);
#3525=EDGE_CURVE('',#2075,#1215,#3524,.T.);
#3526=ORIENTED_EDGE('',*,*,#3525,.T.);
#3527=EDGE_LOOP('',(#3513,#3519,#3520,#3526));
#3528=FACE_BOUND('',#3527,.T.);
#3529=ADVANCED_FACE('',(#3496,#3512,#3528),#3490,.F.);
#3530=CARTESIAN_POINT('',(0.,-4.295,-101.4125));
#3531=DIRECTION('',(0.,1.,0.));
#3532=DIRECTION('',(0.,0.,1.));
#3533=AXIS2_PLACEMENT_3D('',#3530,#3531,#3532);
#3534=PLANE('',#3533);
#3535=ORIENTED_EDGE('',*,*,#205,.T.);
#3536=ORIENTED_EDGE('',*,*,#1565,.T.);
#3537=ORIENTED_EDGE('',*,*,#2980,.T.);
#3538=ORIENTED_EDGE('',*,*,#1521,.F.);
#3539=EDGE_LOOP('',(#3535,#3536,#3537,#3538));
#3540=FACE_BOUND('',#3539,.T.);
#3541=CARTESIAN_POINT('',(88.982811257,-4.295,-57.220625));
#3542=DIRECTION('',(-1.,-0.,0.));
#3543=VECTOR('',#3542,28.048328331);
#3544=LINE('',#3541,#3543);
#3545=EDGE_CURVE('',#928,#1884,#3544,.T.);
#3546=ORIENTED_EDGE('',*,*,#3545,.T.);
#3547=ORIENTED_EDGE('',*,*,#1890,.T.);
#3548=CARTESIAN_POINT('',(88.526072325,-4.295,-50.095));
#3549=DIRECTION('',(-1.,-0.,0.));
#3550=VECTOR('',#3549,29.513201169);
#3551=LINE('',#3548,#3550);
#3552=EDGE_CURVE('',#936,#1876,#3551,.T.);
#3553=ORIENTED_EDGE('',*,*,#3552,.F.);
#3554=ORIENTED_EDGE('',*,*,#942,.F.);
#3555=EDGE_LOOP('',(#3546,#3547,#3553,#3554));
#3556=FACE_BOUND('',#3555,.T.);
#3557=CARTESIAN_POINT('',(41.065517073,-4.295,-57.220625));
#3558=DIRECTION('',(-1.,-0.,0.));
#3559=VECTOR('',#3558,28.048328331);
#3560=LINE('',#3557,#3559);
#3561=EDGE_CURVE('',#1834,#1249,#3560,.T.);
#3562=ORIENTED_EDGE('',*,*,#3561,.T.);
#3563=ORIENTED_EDGE('',*,*,#1255,.F.);
#3564=CARTESIAN_POINT('',(42.987128844,-4.295,-50.095));
#3565=DIRECTION('',(-1.,-0.,0.));
#3566=VECTOR('',#3565,29.513201169);
#3567=LINE('',#3564,#3566);
#3568=EDGE_CURVE('',#1790,#1241,#3567,.T.);
#3569=ORIENTED_EDGE('',*,*,#3568,.F.);
#3570=ORIENTED_EDGE('',*,*,#1846,.T.);
#3571=EDGE_LOOP('',(#3562,#3563,#3569,#3570));
#3572=FACE_BOUND('',#3571,.T.);
#3573=ADVANCED_FACE('',(#3540,#3556,#3572),#3534,.F.);
#3574=CARTESIAN_POINT('',(20.,-1.12,-101.4125));
#3575=DIRECTION('',(1.,0.,0.));
#3576=DIRECTION('',(0.,0.,1.));
#3577=AXIS2_PLACEMENT_3D('',#3574,#3575,#3576);
#3578=PLANE('',#3577);
#3579=CARTESIAN_POINT('',(20.,0.175,-99.65));
#3580=VERTEX_POINT('',#3579);
#3581=CARTESIAN_POINT('',(20.,0.175,-96.65));
#3582=DIRECTION('',(-0.,-0.,-1.));
#3583=VECTOR('',#3582,3.);
#3584=LINE('',#3581,#3583);
#3585=EDGE_CURVE('',#2591,#3580,#3584,.T.);
#3586=ORIENTED_EDGE('',*,*,#3585,.F.);
#3587=ORIENTED_EDGE('',*,*,#2596,.F.);
#3588=CARTESIAN_POINT('',(20.,3.175,-99.65));
#3589=VERTEX_POINT('',#3588);
#3590=CARTESIAN_POINT('',(20.,3.175,-99.65));
#3591=DIRECTION('',(-0.,-0.,1.));
#3592=VECTOR('',#3591,3.);
#3593=LINE('',#3590,#3592);
#3594=EDGE_CURVE('',#3589,#2583,#3593,.T.);
#3595=ORIENTED_EDGE('',*,*,#3594,.F.);
#3596=CARTESIAN_POINT('',(20.,3.175,-99.65));
#3597=DIRECTION('',(0.,-1.,0.));
#3598=VECTOR('',#3597,3.);
#3599=LINE('',#3596,#3598);
#3600=EDGE_CURVE('',#3589,#3580,#3599,.T.);
#3601=ORIENTED_EDGE('',*,*,#3600,.T.);
#3602=EDGE_LOOP('',(#3586,#3587,#3595,#3601));
#3603=FACE_BOUND('',#3602,.T.);
#3604=ADVANCED_FACE('',(#3603),#3578,.F.);
#3605=CARTESIAN_POINT('',(0.,-1.12,-4.765));
#3606=DIRECTION('',(0.,0.,-1.));
#3607=DIRECTION('',(1.,0.,0.));
#3608=AXIS2_PLACEMENT_3D('',#3605,#3606,#3607);
#3609=PLANE('',#3608);
#3610=CARTESIAN_POINT('',(-11.8337,0.175,-4.765));
#3611=VERTEX_POINT('',#3610);
#3612=CARTESIAN_POINT('',(-11.8337,0.175,-4.765));
#3613=DIRECTION('',(1.,0.,-0.));
#3614=VECTOR('',#3613,13.8337);
#3615=LINE('',#3612,#3614);
#3616=EDGE_CURVE('',#3611,#61,#3615,.T.);
#3617=ORIENTED_EDGE('',*,*,#3616,.T.);
#3618=ORIENTED_EDGE('',*,*,#68,.T.);
#3619=CARTESIAN_POINT('',(102.,-2.295,-4.765));
#3620=DIRECTION('',(-1.,0.,0.));
#3621=VECTOR('',#3620,100.);
#3622=LINE('',#3619,#3621);
#3623=EDGE_CURVE('',#3014,#63,#3622,.T.);
#3624=ORIENTED_EDGE('',*,*,#3623,.F.);
#3625=ORIENTED_EDGE('',*,*,#3019,.T.);
#3626=CARTESIAN_POINT('',(108.4528,0.175,-4.765));
#3627=VERTEX_POINT('',#3626);
#3628=CARTESIAN_POINT('',(108.4528,0.175,-4.765));
#3629=DIRECTION('',(-1.,-0.,0.));
#3630=VECTOR('',#3629,6.4528);
#3631=LINE('',#3628,#3630);
#3632=EDGE_CURVE('',#3627,#3006,#3631,.T.);
#3633=ORIENTED_EDGE('',*,*,#3632,.F.);
#3634=CARTESIAN_POINT('',(108.4528,3.175,-4.765));
#3635=VERTEX_POINT('',#3634);
#3636=CARTESIAN_POINT('',(108.4528,3.175,-4.765));
#3637=DIRECTION('',(0.,-1.,0.));
#3638=VECTOR('',#3637,3.);
#3639=LINE('',#3636,#3638);
#3640=EDGE_CURVE('',#3635,#3627,#3639,.T.);
#3641=ORIENTED_EDGE('',*,*,#3640,.F.);
#3642=CARTESIAN_POINT('',(50.,3.175,-4.765));
#3643=VERTEX_POINT('',#3642);
#3644=CARTESIAN_POINT('',(50.,3.175,-4.765));
#3645=DIRECTION('',(1.,0.,-0.));
#3646=VECTOR('',#3645,58.4528);
#3647=LINE('',#3644,#3646);
#3648=EDGE_CURVE('',#3643,#3635,#3647,.T.);
#3649=ORIENTED_EDGE('',*,*,#3648,.F.);
#3650=CARTESIAN_POINT('',(50.,0.175,-4.765));
#3651=VERTEX_POINT('',#3650);
#3652=CARTESIAN_POINT('',(50.,3.175,-4.765));
#3653=DIRECTION('',(0.,-1.,0.));
#3654=VECTOR('',#3653,3.);
#3655=LINE('',#3652,#3654);
#3656=EDGE_CURVE('',#3643,#3651,#3655,.T.);
#3657=ORIENTED_EDGE('',*,*,#3656,.T.);
#3658=CARTESIAN_POINT('',(20.,0.175,-4.765));
#3659=VERTEX_POINT('',#3658);
#3660=CARTESIAN_POINT('',(50.,0.175,-4.765));
#3661=DIRECTION('',(-1.,-0.,0.));
#3662=VECTOR('',#3661,30.);
#3663=LINE('',#3660,#3662);
#3664=EDGE_CURVE('',#3651,#3659,#3663,.T.);
#3665=ORIENTED_EDGE('',*,*,#3664,.T.);
#3666=CARTESIAN_POINT('',(20.,3.175,-4.765));
#3667=VERTEX_POINT('',#3666);
#3668=CARTESIAN_POINT('',(20.,3.175,-4.765));
#3669=DIRECTION('',(0.,-1.,0.));
#3670=VECTOR('',#3669,3.);
#3671=LINE('',#3668,#3670);
#3672=EDGE_CURVE('',#3667,#3659,#3671,.T.);
#3673=ORIENTED_EDGE('',*,*,#3672,.F.);
#3674=CARTESIAN_POINT('',(-11.8337,3.175,-4.765));
#3675=VERTEX_POINT('',#3674);
#3676=CARTESIAN_POINT('',(-11.8337,3.175,-4.765));
#3677=DIRECTION('',(1.,0.,-0.));
#3678=VECTOR('',#3677,31.8337);
#3679=LINE('',#3676,#3678);
#3680=EDGE_CURVE('',#3675,#3667,#3679,.T.);
#3681=ORIENTED_EDGE('',*,*,#3680,.F.);
#3682=CARTESIAN_POINT('',(-11.8337,0.175,-4.765));
#3683=DIRECTION('',(0.,1.,0.));
#3684=VECTOR('',#3683,3.);
#3685=LINE('',#3682,#3684);
#3686=EDGE_CURVE('',#3611,#3675,#3685,.T.);
#3687=ORIENTED_EDGE('',*,*,#3686,.F.);
#3688=EDGE_LOOP('',(#3617,#3618,#3624,#3625,#3633,#3641,#3649,#3657,#3665,#3673,#3681,#3687));
#3689=FACE_BOUND('',#3688,.T.);
#3690=ADVANCED_FACE('',(#3689),#3609,.F.);
#3691=CARTESIAN_POINT('',(0.,-4.295,-1.7625));
#3692=DIRECTION('',(0.,0.,-1.));
#3693=DIRECTION('',(1.,0.,0.));
#3694=AXIS2_PLACEMENT_3D('',#3691,#3692,#3693);
#3695=PLANE('',#3694);
#3696=CARTESIAN_POINT('',(50.,0.175,-1.7625));
#3697=VERTEX_POINT('',#3696);
#3698=CARTESIAN_POINT('',(20.,0.175,-1.7625));
#3699=VERTEX_POINT('',#3698);
#3700=CARTESIAN_POINT('',(50.,0.175,-1.7625));
#3701=DIRECTION('',(-1.,-0.,0.));
#3702=VECTOR('',#3701,30.);
#3703=LINE('',#3700,#3702);
#3704=EDGE_CURVE('',#3697,#3699,#3703,.T.);
#3705=ORIENTED_EDGE('',*,*,#3704,.F.);
#3706=CARTESIAN_POINT('',(50.,3.175,-1.7625));
#3707=VERTEX_POINT('',#3706);
#3708=CARTESIAN_POINT('',(50.,3.175,-1.7625));
#3709=DIRECTION('',(0.,-1.,0.));
#3710=VECTOR('',#3709,3.);
#3711=LINE('',#3708,#3710);
#3712=EDGE_CURVE('',#3707,#3697,#3711,.T.);
#3713=ORIENTED_EDGE('',*,*,#3712,.F.);
#3714=CARTESIAN_POINT('',(20.,3.175,-1.7625));
#3715=VERTEX_POINT('',#3714);
#3716=CARTESIAN_POINT('',(50.,3.175,-1.7625));
#3717=DIRECTION('',(-1.,-0.,0.));
#3718=VECTOR('',#3717,30.);
#3719=LINE('',#3716,#3718);
#3720=EDGE_CURVE('',#3707,#3715,#3719,.T.);
#3721=ORIENTED_EDGE('',*,*,#3720,.T.);
#3722=CARTESIAN_POINT('',(20.,3.175,-1.7625));
#3723=DIRECTION('',(0.,-1.,0.));
#3724=VECTOR('',#3723,3.);
#3725=LINE('',#3722,#3724);
#3726=EDGE_CURVE('',#3715,#3699,#3725,.T.);
#3727=ORIENTED_EDGE('',*,*,#3726,.T.);
#3728=EDGE_LOOP('',(#3705,#3713,#3721,#3727));
#3729=FACE_BOUND('',#3728,.T.);
#3730=ADVANCED_FACE('',(#3729),#3695,.F.);
#3731=CARTESIAN_POINT('',(50.,-1.12,-1.4125));
#3732=DIRECTION('',(-1.,0.,0.));
#3733=DIRECTION('',(0.,0.,-1.));
#3734=AXIS2_PLACEMENT_3D('',#3731,#3732,#3733);
#3735=PLANE('',#3734);
#3736=CARTESIAN_POINT('',(50.,0.175,-4.765));
#3737=DIRECTION('',(0.,0.,1.));
#3738=VECTOR('',#3737,3.0025);
#3739=LINE('',#3736,#3738);
#3740=EDGE_CURVE('',#3651,#3697,#3739,.T.);
#3741=ORIENTED_EDGE('',*,*,#3740,.F.);
#3742=ORIENTED_EDGE('',*,*,#3656,.F.);
#3743=CARTESIAN_POINT('',(50.,3.175,-1.7625));
#3744=DIRECTION('',(0.,0.,-1.));
#3745=VECTOR('',#3744,3.0025);
#3746=LINE('',#3743,#3745);
#3747=EDGE_CURVE('',#3707,#3643,#3746,.T.);
#3748=ORIENTED_EDGE('',*,*,#3747,.F.);
#3749=ORIENTED_EDGE('',*,*,#3712,.T.);
#3750=EDGE_LOOP('',(#3741,#3742,#3748,#3749));
#3751=FACE_BOUND('',#3750,.T.);
#3752=ADVANCED_FACE('',(#3751),#3735,.F.);
#3753=CARTESIAN_POINT('',(-11.8337,-1.12,-101.4125));
#3754=DIRECTION('',(-1.,0.,0.));
#3755=DIRECTION('',(0.,1.,0.));
#3756=AXIS2_PLACEMENT_3D('',#3753,#3754,#3755);
#3757=PLANE('',#3756);
#3758=CARTESIAN_POINT('',(-11.8337,3.175,-35.7075));
#3759=VERTEX_POINT('',#3758);
#3760=CARTESIAN_POINT('',(-11.8337,3.175,-4.765));
#3761=DIRECTION('',(0.,0.,-1.));
#3762=VECTOR('',#3761,30.9425);
#3763=LINE('',#3760,#3762);
#3764=EDGE_CURVE('',#3675,#3759,#3763,.T.);
#3765=ORIENTED_EDGE('',*,*,#3764,.T.);
#3766=CARTESIAN_POINT('',(-11.8337,0.175,-35.7075));
#3767=VERTEX_POINT('',#3766);
#3768=CARTESIAN_POINT('',(-11.8337,3.175,-35.7075));
#3769=DIRECTION('',(-0.,-1.,-0.));
#3770=VECTOR('',#3769,3.);
#3771=LINE('',#3768,#3770);
#3772=EDGE_CURVE('',#3759,#3767,#3771,.T.);
#3773=ORIENTED_EDGE('',*,*,#3772,.T.);
#3774=CARTESIAN_POINT('',(-11.8337,0.175,-35.7075));
#3775=DIRECTION('',(-0.,-0.,1.));
#3776=VECTOR('',#3775,30.9425);
#3777=LINE('',#3774,#3776);
#3778=EDGE_CURVE('',#3767,#3611,#3777,.T.);
#3779=ORIENTED_EDGE('',*,*,#3778,.T.);
#3780=ORIENTED_EDGE('',*,*,#3686,.T.);
#3781=EDGE_LOOP('',(#3765,#3773,#3779,#3780));
#3782=FACE_BOUND('',#3781,.T.);
#3783=ADVANCED_FACE('',(#3782),#3757,.T.);
#3784=CARTESIAN_POINT('',(-11.8337,-1.12,-101.4125));
#3785=DIRECTION('',(-1.,0.,0.));
#3786=DIRECTION('',(0.,1.,0.));
#3787=AXIS2_PLACEMENT_3D('',#3784,#3785,#3786);
#3788=PLANE('',#3787);
#3789=CARTESIAN_POINT('',(-11.8337,0.175,-65.7075));
#3790=VERTEX_POINT('',#3789);
#3791=CARTESIAN_POINT('',(-11.8337,0.175,-96.65));
#3792=DIRECTION('',(-0.,-0.,1.));
#3793=VECTOR('',#3792,30.9425);
#3794=LINE('',#3791,#3793);
#3795=EDGE_CURVE('',#2567,#3790,#3794,.T.);
#3796=ORIENTED_EDGE('',*,*,#3795,.T.);
#3797=CARTESIAN_POINT('',(-11.8337,3.175,-65.7075));
#3798=VERTEX_POINT('',#3797);
#3799=CARTESIAN_POINT('',(-11.8337,0.175,-65.7075));
#3800=DIRECTION('',(0.,1.,0.));
#3801=VECTOR('',#3800,3.);
#3802=LINE('',#3799,#3801);
#3803=EDGE_CURVE('',#3790,#3798,#3802,.T.);
#3804=ORIENTED_EDGE('',*,*,#3803,.T.);
#3805=CARTESIAN_POINT('',(-11.8337,3.175,-65.7075));
#3806=DIRECTION('',(0.,0.,-1.));
#3807=VECTOR('',#3806,30.9425);
#3808=LINE('',#3805,#3807);
#3809=EDGE_CURVE('',#3798,#2575,#3808,.T.);
#3810=ORIENTED_EDGE('',*,*,#3809,.T.);
#3811=ORIENTED_EDGE('',*,*,#2580,.T.);
#3812=EDGE_LOOP('',(#3796,#3804,#3810,#3811));
#3813=FACE_BOUND('',#3812,.T.);
#3814=ADVANCED_FACE('',(#3813),#3788,.T.);
#3815=CARTESIAN_POINT('',(108.4528,1.675,-4.765));
#3816=DIRECTION('',(1.,0.,0.));
#3817=DIRECTION('',(0.,0.,1.));
#3818=AXIS2_PLACEMENT_3D('',#3815,#3816,#3817);
#3819=PLANE('',#3818);
#3820=ORIENTED_EDGE('',*,*,#2628,.F.);
#3821=CARTESIAN_POINT('',(108.4528,3.175,-4.765));
#3822=DIRECTION('',(0.,0.,-1.));
#3823=VECTOR('',#3822,91.885);
#3824=LINE('',#3821,#3823);
#3825=EDGE_CURVE('',#3635,#2615,#3824,.T.);
#3826=ORIENTED_EDGE('',*,*,#3825,.F.);
#3827=ORIENTED_EDGE('',*,*,#3640,.T.);
#3828=CARTESIAN_POINT('',(108.4528,0.175,-4.765));
#3829=DIRECTION('',(-0.,-0.,-1.));
#3830=VECTOR('',#3829,91.885);
#3831=LINE('',#3828,#3830);
#3832=EDGE_CURVE('',#3627,#2623,#3831,.T.);
#3833=ORIENTED_EDGE('',*,*,#3832,.T.);
#3834=EDGE_LOOP('',(#3820,#3826,#3827,#3833));
#3835=FACE_BOUND('',#3834,.T.);
#3836=ADVANCED_FACE('',(#3835),#3819,.T.);
#3837=CARTESIAN_POINT('',(105.2264,0.175,-4.765));
#3838=DIRECTION('',(0.,-1.,0.));
#3839=DIRECTION('',(0.,0.,-1.));
#3840=AXIS2_PLACEMENT_3D('',#3837,#3838,#3839);
#3841=PLANE('',#3840);
#3842=ORIENTED_EDGE('',*,*,#2636,.F.);
#3843=ORIENTED_EDGE('',*,*,#3832,.F.);
#3844=ORIENTED_EDGE('',*,*,#3632,.T.);
#3845=ORIENTED_EDGE('',*,*,#3011,.T.);
#3846=EDGE_LOOP('',(#3842,#3843,#3844,#3845));
#3847=FACE_BOUND('',#3846,.T.);
#3848=ADVANCED_FACE('',(#3847),#3841,.T.);
#3849=CARTESIAN_POINT('',(62.5025,5.705,-6.175));
#3850=DIRECTION('',(-1.,0.,0.));
#3851=DIRECTION('',(0.,0.,-1.));
#3852=AXIS2_PLACEMENT_3D('',#3849,#3850,#3851);
#3853=PLANE('',#3852);
#3854=CARTESIAN_POINT('',(62.5025,-1.12,-13.780625));
#3855=DIRECTION('',(-0.,-0.,-1.));
#3856=VECTOR('',#3855,1.984375);
#3857=LINE('',#3854,#3856);
#3858=EDGE_CURVE('',#2839,#2886,#3857,.T.);
#3859=ORIENTED_EDGE('',*,*,#3858,.F.);
#3860=ORIENTED_EDGE('',*,*,#2844,.T.);
#3861=ORIENTED_EDGE('',*,*,#2927,.F.);
#3862=ORIENTED_EDGE('',*,*,#2899,.T.);
#3863=EDGE_LOOP('',(#3859,#3860,#3861,#3862));
#3864=FACE_BOUND('',#3863,.T.);
#3865=ADVANCED_FACE('',(#3864),#3853,.F.);
#3866=CARTESIAN_POINT('',(50.,-1.12,-101.4125));
#3867=DIRECTION('',(-1.,0.,0.));
#3868=DIRECTION('',(0.,0.,-1.));
#3869=AXIS2_PLACEMENT_3D('',#3866,#3867,#3868);
#3870=PLANE('',#3869);
#3871=ORIENTED_EDGE('',*,*,#2612,.T.);
#3872=CARTESIAN_POINT('',(50.,0.175,-99.65));
#3873=VERTEX_POINT('',#3872);
#3874=CARTESIAN_POINT('',(50.,0.175,-96.65));
#3875=DIRECTION('',(0.,0.,-1.));
#3876=VECTOR('',#3875,3.);
#3877=LINE('',#3874,#3876);
#3878=EDGE_CURVE('',#2599,#3873,#3877,.T.);
#3879=ORIENTED_EDGE('',*,*,#3878,.T.);
#3880=CARTESIAN_POINT('',(50.,3.175,-99.65));
#3881=VERTEX_POINT('',#3880);
#3882=CARTESIAN_POINT('',(50.,3.175,-99.65));
#3883=DIRECTION('',(0.,-1.,0.));
#3884=VECTOR('',#3883,3.);
#3885=LINE('',#3882,#3884);
#3886=EDGE_CURVE('',#3881,#3873,#3885,.T.);
#3887=ORIENTED_EDGE('',*,*,#3886,.F.);
#3888=CARTESIAN_POINT('',(50.,3.175,-96.65));
#3889=DIRECTION('',(0.,0.,-1.));
#3890=VECTOR('',#3889,3.);
#3891=LINE('',#3888,#3890);
#3892=EDGE_CURVE('',#2607,#3881,#3891,.T.);
#3893=ORIENTED_EDGE('',*,*,#3892,.F.);
#3894=EDGE_LOOP('',(#3871,#3879,#3887,#3893));
#3895=FACE_BOUND('',#3894,.T.);
#3896=ADVANCED_FACE('',(#3895),#3870,.F.);
#3897=CARTESIAN_POINT('',(20.,-1.12,-1.4125));
#3898=DIRECTION('',(1.,0.,0.));
#3899=DIRECTION('',(0.,0.,1.));
#3900=AXIS2_PLACEMENT_3D('',#3897,#3898,#3899);
#3901=PLANE('',#3900);
#3902=ORIENTED_EDGE('',*,*,#3672,.T.);
#3903=CARTESIAN_POINT('',(20.,0.175,-4.765));
#3904=DIRECTION('',(0.,0.,1.));
#3905=VECTOR('',#3904,3.0025);
#3906=LINE('',#3903,#3905);
#3907=EDGE_CURVE('',#3659,#3699,#3906,.T.);
#3908=ORIENTED_EDGE('',*,*,#3907,.T.);
#3909=ORIENTED_EDGE('',*,*,#3726,.F.);
#3910=CARTESIAN_POINT('',(20.,3.175,-4.765));
#3911=DIRECTION('',(-0.,-0.,1.));
#3912=VECTOR('',#3911,3.0025);
#3913=LINE('',#3910,#3912);
#3914=EDGE_CURVE('',#3667,#3715,#3913,.T.);
#3915=ORIENTED_EDGE('',*,*,#3914,.F.);
#3916=EDGE_LOOP('',(#3902,#3908,#3909,#3915));
#3917=FACE_BOUND('',#3916,.T.);
#3918=ADVANCED_FACE('',(#3917),#3901,.F.);
#3919=CARTESIAN_POINT('',(20.,-2.7075,-99.65));
#3920=DIRECTION('',(0.,0.,1.));
#3921=DIRECTION('',(0.,-1.,0.));
#3922=AXIS2_PLACEMENT_3D('',#3919,#3920,#3921);
#3923=PLANE('',#3922);
#3924=ORIENTED_EDGE('',*,*,#3886,.T.);
#3925=CARTESIAN_POINT('',(50.,0.175,-99.65));
#3926=DIRECTION('',(-1.,-0.,0.));
#3927=VECTOR('',#3926,30.);
#3928=LINE('',#3925,#3927);
#3929=EDGE_CURVE('',#3873,#3580,#3928,.T.);
#3930=ORIENTED_EDGE('',*,*,#3929,.T.);
#3931=ORIENTED_EDGE('',*,*,#3600,.F.);
#3932=CARTESIAN_POINT('',(20.,3.175,-99.65));
#3933=DIRECTION('',(1.,0.,-0.));
#3934=VECTOR('',#3933,30.);
#3935=LINE('',#3932,#3934);
#3936=EDGE_CURVE('',#3589,#3881,#3935,.T.);
#3937=ORIENTED_EDGE('',*,*,#3936,.T.);
#3938=EDGE_LOOP('',(#3924,#3930,#3931,#3937));
#3939=FACE_BOUND('',#3938,.T.);
#3940=ADVANCED_FACE('',(#3939),#3923,.F.);
#3941=CARTESIAN_POINT('',(59.2,-1.12,-14.7728));
#3942=DIRECTION('',(0.,1.,0.));
#3943=DIRECTION('',(0.,0.,1.));
#3944=AXIS2_PLACEMENT_3D('',#3941,#3942,#3943);
#3945=PLANE('',#3944);
#3946=ORIENTED_EDGE('',*,*,#2852,.F.);
#3947=ORIENTED_EDGE('',*,*,#3858,.T.);
#3948=ORIENTED_EDGE('',*,*,#2891,.T.);
#3949=ORIENTED_EDGE('',*,*,#2951,.T.);
#3950=EDGE_LOOP('',(#3946,#3947,#3948,#3949));
#3951=FACE_BOUND('',#3950,.T.);
#3952=ADVANCED_FACE('',(#3951),#3945,.F.);
#3953=CARTESIAN_POINT('',(-14.8337,1.675,-65.7075));
#3954=DIRECTION('',(0.,0.,-1.));
#3955=DIRECTION('',(1.,0.,0.));
#3956=AXIS2_PLACEMENT_3D('',#3953,#3954,#3955);
#3957=PLANE('',#3956);
#3958=ORIENTED_EDGE('',*,*,#3803,.F.);
#3959=CARTESIAN_POINT('',(-14.8337,0.175,-65.7075));
#3960=VERTEX_POINT('',#3959);
#3961=CARTESIAN_POINT('',(-14.8337,0.175,-65.7075));
#3962=DIRECTION('',(1.,0.,-0.));
#3963=VECTOR('',#3962,3.);
#3964=LINE('',#3961,#3963);
#3965=EDGE_CURVE('',#3960,#3790,#3964,.T.);
#3966=ORIENTED_EDGE('',*,*,#3965,.F.);
#3967=CARTESIAN_POINT('',(-14.8337,3.175,-65.7075));
#3968=VERTEX_POINT('',#3967);
#3969=CARTESIAN_POINT('',(-14.8337,0.175,-65.7075));
#3970=DIRECTION('',(-0.,1.,-0.));
#3971=VECTOR('',#3970,3.);
#3972=LINE('',#3969,#3971);
#3973=EDGE_CURVE('',#3960,#3968,#3972,.T.);
#3974=ORIENTED_EDGE('',*,*,#3973,.T.);
#3975=CARTESIAN_POINT('',(-14.8337,3.175,-65.7075));
#3976=DIRECTION('',(1.,0.,-0.));
#3977=VECTOR('',#3976,3.);
#3978=LINE('',#3975,#3977);
#3979=EDGE_CURVE('',#3968,#3798,#3978,.T.);
#3980=ORIENTED_EDGE('',*,*,#3979,.T.);
#3981=EDGE_LOOP('',(#3958,#3966,#3974,#3980));
#3982=FACE_BOUND('',#3981,.T.);
#3983=ADVANCED_FACE('',(#3982),#3957,.T.);
#3984=CARTESIAN_POINT('',(-14.8337,1.675,-35.7075));
#3985=DIRECTION('',(0.,0.,1.));
#3986=DIRECTION('',(-1.,0.,0.));
#3987=AXIS2_PLACEMENT_3D('',#3984,#3985,#3986);
#3988=PLANE('',#3987);
#3989=ORIENTED_EDGE('',*,*,#3772,.F.);
#3990=CARTESIAN_POINT('',(-14.8337,3.175,-35.7075));
#3991=VERTEX_POINT('',#3990);
#3992=CARTESIAN_POINT('',(-14.8337,3.175,-35.7075));
#3993=DIRECTION('',(1.,0.,-0.));
#3994=VECTOR('',#3993,3.);
#3995=LINE('',#3992,#3994);
#3996=EDGE_CURVE('',#3991,#3759,#3995,.T.);
#3997=ORIENTED_EDGE('',*,*,#3996,.F.);
#3998=CARTESIAN_POINT('',(-14.8337,0.175,-35.7075));
#3999=VERTEX_POINT('',#3998);
#4000=CARTESIAN_POINT('',(-14.8337,3.175,-35.7075));
#4001=DIRECTION('',(0.,-1.,0.));
#4002=VECTOR('',#4001,3.);
#4003=LINE('',#4000,#4002);
#4004=EDGE_CURVE('',#3991,#3999,#4003,.T.);
#4005=ORIENTED_EDGE('',*,*,#4004,.T.);
#4006=CARTESIAN_POINT('',(-14.8337,0.175,-35.7075));
#4007=DIRECTION('',(1.,-0.,-0.));
#4008=VECTOR('',#4007,3.);
#4009=LINE('',#4006,#4008);
#4010=EDGE_CURVE('',#3999,#3767,#4009,.T.);
#4011=ORIENTED_EDGE('',*,*,#4010,.T.);
#4012=EDGE_LOOP('',(#3989,#3997,#4005,#4011));
#4013=FACE_BOUND('',#4012,.T.);
#4014=ADVANCED_FACE('',(#4013),#3988,.T.);
#4015=CARTESIAN_POINT('',(-14.8337,-1.12,-101.4125));
#4016=DIRECTION('',(-1.,0.,0.));
#4017=DIRECTION('',(0.,1.,0.));
#4018=AXIS2_PLACEMENT_3D('',#4015,#4016,#4017);
#4019=PLANE('',#4018);
#4020=CARTESIAN_POINT('',(-14.8337,3.175,-65.7075));
#4021=DIRECTION('',(-0.,-0.,1.));
#4022=VECTOR('',#4021,30.);
#4023=LINE('',#4020,#4022);
#4024=EDGE_CURVE('',#3968,#3991,#4023,.T.);
#4025=ORIENTED_EDGE('',*,*,#4024,.F.);
#4026=ORIENTED_EDGE('',*,*,#3973,.F.);
#4027=CARTESIAN_POINT('',(-14.8337,0.175,-35.7075));
#4028=DIRECTION('',(-0.,-0.,-1.));
#4029=VECTOR('',#4028,30.);
#4030=LINE('',#4027,#4029);
#4031=EDGE_CURVE('',#3999,#3960,#4030,.T.);
#4032=ORIENTED_EDGE('',*,*,#4031,.F.);
#4033=ORIENTED_EDGE('',*,*,#4004,.F.);
#4034=EDGE_LOOP('',(#4025,#4026,#4032,#4033));
#4035=FACE_BOUND('',#4034,.T.);
#4036=ADVANCED_FACE('',(#4035),#4019,.T.);
#4037=CARTESIAN_POINT('',(35.,0.175,-4.765));
#4038=DIRECTION('',(0.,1.,0.));
#4039=DIRECTION('',(0.,0.,1.));
#4040=AXIS2_PLACEMENT_3D('',#4037,#4038,#4039);
#4041=PLANE('',#4040);
#4042=ORIENTED_EDGE('',*,*,#3704,.T.);
#4043=ORIENTED_EDGE('',*,*,#3907,.F.);
#4044=ORIENTED_EDGE('',*,*,#3664,.F.);
#4045=ORIENTED_EDGE('',*,*,#3740,.T.);
#4046=EDGE_LOOP('',(#4042,#4043,#4044,#4045));
#4047=FACE_BOUND('',#4046,.T.);
#4048=ADVANCED_FACE('',(#4047),#4041,.F.);
#4049=CARTESIAN_POINT('',(51.,-2.295,-9.7806));
#4050=DIRECTION('',(0.,1.,0.));
#4051=DIRECTION('',(-1.,0.,0.));
#4052=AXIS2_PLACEMENT_3D('',#4049,#4050,#4051);
#4053=PLANE('',#4052);
#4054=ORIENTED_EDGE('',*,*,#3623,.T.);
#4055=ORIENTED_EDGE('',*,*,#332,.F.);
#4056=CARTESIAN_POINT('',(102.,-2.295,-9.7806));
#4057=DIRECTION('',(-1.,-0.,0.));
#4058=VECTOR('',#4057,100.);
#4059=LINE('',#4056,#4058);
#4060=EDGE_CURVE('',#2938,#321,#4059,.T.);
#4061=ORIENTED_EDGE('',*,*,#4060,.F.);
#4062=ORIENTED_EDGE('',*,*,#3025,.T.);
#4063=EDGE_LOOP('',(#4054,#4055,#4061,#4062));
#4064=FACE_BOUND('',#4063,.T.);
#4065=ADVANCED_FACE('',(#4064),#4053,.F.);
#4066=CARTESIAN_POINT('',(0.,0.,-9.7806));
#4067=DIRECTION('',(0.,0.,1.));
#4068=DIRECTION('',(1.,0.,0.));
#4069=AXIS2_PLACEMENT_3D('',#4066,#4067,#4068);
#4070=PLANE('',#4069);
#4071=ORIENTED_EDGE('',*,*,#326,.T.);
#4072=ORIENTED_EDGE('',*,*,#2729,.T.);
#4073=ORIENTED_EDGE('',*,*,#2943,.T.);
#4074=ORIENTED_EDGE('',*,*,#4060,.T.);
#4075=EDGE_LOOP('',(#4071,#4072,#4073,#4074));
#4076=FACE_BOUND('',#4075,.T.);
#4077=ADVANCED_FACE('',(#4076),#4070,.T.);
#4078=CARTESIAN_POINT('',(35.,0.175,-96.65));
#4079=DIRECTION('',(0.,-1.,0.));
#4080=DIRECTION('',(1.,0.,0.));
#4081=AXIS2_PLACEMENT_3D('',#4078,#4079,#4080);
#4082=PLANE('',#4081);
#4083=ORIENTED_EDGE('',*,*,#3929,.F.);
#4084=ORIENTED_EDGE('',*,*,#3878,.F.);
#4085=ORIENTED_EDGE('',*,*,#2604,.T.);
#4086=ORIENTED_EDGE('',*,*,#3585,.T.);
#4087=EDGE_LOOP('',(#4083,#4084,#4085,#4086));
#4088=FACE_BOUND('',#4087,.T.);
#4089=ADVANCED_FACE('',(#4088),#4082,.T.);
#4090=CARTESIAN_POINT('',(69.605423168,3.175,-68.551696882));
#4091=DIRECTION('',(-0.5,0.,-0.866025404));
#4092=DIRECTION('',(-0.866025404,0.,0.5));
#4093=AXIS2_PLACEMENT_3D('',#4090,#4091,#4092);
#4094=PLANE('',#4093);
#4095=CARTESIAN_POINT('',(69.222515436,-0.295,-68.330625));
#4096=VERTEX_POINT('',#4095);
#4097=CARTESIAN_POINT('',(76.123655373,-0.295,-72.315));
#4098=VERTEX_POINT('',#4097);
#4099=CARTESIAN_POINT('',(69.222515436,-0.295,-68.330625));
#4100=DIRECTION('',(0.866025404,0.,-0.5));
#4101=VECTOR('',#4100,7.968750001);
#4102=LINE('',#4099,#4101);
#4103=EDGE_CURVE('',#4096,#4098,#4102,.T.);
#4104=ORIENTED_EDGE('',*,*,#4103,.F.);
#4105=CARTESIAN_POINT('',(69.222515436,-4.295,-68.330625));
#4106=DIRECTION('',(0.,1.,0.));
#4107=VECTOR('',#4106,4.);
#4108=LINE('',#4105,#4107);
#4109=EDGE_CURVE('',#3258,#4096,#4108,.T.);
#4110=ORIENTED_EDGE('',*,*,#4109,.F.);
#4111=ORIENTED_EDGE('',*,*,#3263,.F.);
#4112=ORIENTED_EDGE('',*,*,#3436,.F.);
#4113=CARTESIAN_POINT('',(58.812271894,3.175,-62.32026809));
#4114=DIRECTION('',(0.866025404,-0.,-0.5));
#4115=VECTOR('',#4114,28.083523229);
#4116=LINE('',#4113,#4115);
#4117=EDGE_CURVE('',#3424,#3393,#4116,.T.);
#4118=ORIENTED_EDGE('',*,*,#4117,.T.);
#4119=ORIENTED_EDGE('',*,*,#3398,.T.);
#4120=ORIENTED_EDGE('',*,*,#2538,.F.);
#4121=CARTESIAN_POINT('',(76.123655373,-4.295,-72.314999999));
#4122=DIRECTION('',(0.,1.,0.));
#4123=VECTOR('',#4122,4.);
#4124=LINE('',#4121,#4123);
#4125=EDGE_CURVE('',#2525,#4098,#4124,.T.);
#4126=ORIENTED_EDGE('',*,*,#4125,.T.);
#4127=EDGE_LOOP('',(#4104,#4110,#4111,#4112,#4118,#4119,#4120,#4126));
#4128=FACE_BOUND('',#4127,.T.);
#4129=ADVANCED_FACE('',(#4128),#4094,.T.);
#4130=CARTESIAN_POINT('',(90.226133177,-1.295,-20.388263413));
#4131=DIRECTION('',(-0.999848761,0.,0.017391241));
#4132=DIRECTION('',(0.017391241,0.,0.999848761));
#4133=AXIS2_PLACEMENT_3D('',#4130,#4131,#4132);
#4134=PLANE('',#4133);
#4135=ORIENTED_EDGE('',*,*,#2378,.F.);
#4136=CARTESIAN_POINT('',(90.261041745,-0.695,-18.381316988));
#4137=VERTEX_POINT('',#4136);
#4138=CARTESIAN_POINT('',(90.261041745,-0.695,-18.381316988));
#4139=DIRECTION('',(-0.,-1.,-0.));
#4140=VECTOR('',#4139,3.6);
#4141=LINE('',#4138,#4140);
#4142=EDGE_CURVE('',#4137,#2367,#4141,.T.);
#4143=ORIENTED_EDGE('',*,*,#4142,.F.);
#4144=CARTESIAN_POINT('',(90.261041745,-0.695,-18.381316988));
#4145=DIRECTION('',(-0.017391241,-0.,-0.999848761));
#4146=VECTOR('',#4145,4.014500001);
#4147=LINE('',#4144,#4146);
#4148=EDGE_CURVE('',#4137,#2207,#4147,.T.);
#4149=ORIENTED_EDGE('',*,*,#4148,.T.);
#4150=ORIENTED_EDGE('',*,*,#2236,.T.);
#4151=EDGE_LOOP('',(#4135,#4143,#4149,#4150));
#4152=FACE_BOUND('',#4151,.T.);
#4153=ADVANCED_FACE('',(#4152),#4134,.T.);
#4154=CARTESIAN_POINT('',(88.54042944,-1.295,-17.347612068));
#4155=DIRECTION('',(-0.514985637,0.,-0.857198807));
#4156=DIRECTION('',(-0.857198807,0.,0.514985637));
#4157=AXIS2_PLACEMENT_3D('',#4154,#4155,#4156);
#4158=PLANE('',#4157);
#4159=ORIENTED_EDGE('',*,*,#2372,.F.);
#4160=CARTESIAN_POINT('',(86.819817136,-0.695,-16.313907149));
#4161=VERTEX_POINT('',#4160);
#4162=CARTESIAN_POINT('',(86.819817136,-0.695,-16.313907149));
#4163=DIRECTION('',(-0.,-1.,-0.));
#4164=VECTOR('',#4163,3.6);
#4165=LINE('',#4162,#4164);
#4166=EDGE_CURVE('',#4161,#2359,#4165,.T.);
#4167=ORIENTED_EDGE('',*,*,#4166,.F.);
#4168=CARTESIAN_POINT('',(86.819817136,-0.695,-16.313907149));
#4169=DIRECTION('',(0.857198807,-0.,-0.514985637));
#4170=VECTOR('',#4169,4.014500001);
#4171=LINE('',#4168,#4170);
#4172=EDGE_CURVE('',#4161,#4137,#4171,.T.);
#4173=ORIENTED_EDGE('',*,*,#4172,.T.);
#4174=ORIENTED_EDGE('',*,*,#4142,.T.);
#4175=EDGE_LOOP('',(#4159,#4167,#4173,#4174));
#4176=FACE_BOUND('',#4175,.T.);
#4177=ADVANCED_FACE('',(#4176),#4158,.T.);
#4178=CARTESIAN_POINT('',(85.064296263,-1.295,-17.287148655));
#4179=DIRECTION('',(0.484863124,0.,-0.874590047));
#4180=DIRECTION('',(-0.874590047,0.,-0.484863124));
#4181=AXIS2_PLACEMENT_3D('',#4178,#4179,#4180);
#4182=PLANE('',#4181);
#4183=ORIENTED_EDGE('',*,*,#2364,.F.);
#4184=CARTESIAN_POINT('',(83.308775392,-0.695,-18.260390161));
#4185=VERTEX_POINT('',#4184);
#4186=CARTESIAN_POINT('',(83.308775392,-0.695,-18.260390161));
#4187=DIRECTION('',(-0.,-1.,-0.));
#4188=VECTOR('',#4187,3.6);
#4189=LINE('',#4186,#4188);
#4190=EDGE_CURVE('',#4185,#2351,#4189,.T.);
#4191=ORIENTED_EDGE('',*,*,#4190,.F.);
#4192=CARTESIAN_POINT('',(83.308775391,-0.695,-18.260390161));
#4193=DIRECTION('',(0.874590047,-0.,0.484863124));
#4194=VECTOR('',#4193,4.0145);
#4195=LINE('',#4192,#4194);
#4196=EDGE_CURVE('',#4185,#4161,#4195,.T.);
#4197=ORIENTED_EDGE('',*,*,#4196,.T.);
#4198=ORIENTED_EDGE('',*,*,#4166,.T.);
#4199=EDGE_LOOP('',(#4183,#4191,#4197,#4198));
#4200=FACE_BOUND('',#4199,.T.);
#4201=ADVANCED_FACE('',(#4200),#4182,.T.);
#4202=CARTESIAN_POINT('',(83.273866823,-1.295,-20.267336587));
#4203=DIRECTION('',(0.999848761,0.,-0.017391241));
#4204=DIRECTION('',(-0.017391241,0.,-0.999848761));
#4205=AXIS2_PLACEMENT_3D('',#4202,#4203,#4204);
#4206=PLANE('',#4205);
#4207=ORIENTED_EDGE('',*,*,#2356,.F.);
#4208=ORIENTED_EDGE('',*,*,#2261,.F.);
#4209=CARTESIAN_POINT('',(83.238958255,-0.695,-22.274283012));
#4210=DIRECTION('',(0.017391241,-0.,0.999848761));
#4211=VECTOR('',#4210,4.014500001);
#4212=LINE('',#4209,#4211);
#4213=EDGE_CURVE('',#2248,#4185,#4212,.T.);
#4214=ORIENTED_EDGE('',*,*,#4213,.T.);
#4215=ORIENTED_EDGE('',*,*,#4190,.T.);
#4216=EDGE_LOOP('',(#4207,#4208,#4214,#4215));
#4217=FACE_BOUND('',#4216,.T.);
#4218=ADVANCED_FACE('',(#4217),#4206,.T.);
#4219=CARTESIAN_POINT('',(18.726658983,-1.295,-20.3278));
#4220=DIRECTION('',(1.,0.,0.));
#4221=DIRECTION('',(0.,0.,-1.));
#4222=AXIS2_PLACEMENT_3D('',#4219,#4220,#4221);
#4223=PLANE('',#4222);
#4224=ORIENTED_EDGE('',*,*,#2466,.T.);
#4225=CARTESIAN_POINT('',(18.726658983,-0.695,-18.32055));
#4226=VERTEX_POINT('',#4225);
#4227=CARTESIAN_POINT('',(18.726658983,-0.695,-18.320549999));
#4228=DIRECTION('',(-0.,-1.,-0.));
#4229=VECTOR('',#4228,3.6);
#4230=LINE('',#4227,#4229);
#4231=EDGE_CURVE('',#4226,#2455,#4230,.T.);
#4232=ORIENTED_EDGE('',*,*,#4231,.F.);
#4233=CARTESIAN_POINT('',(18.726658983,-0.695,-22.33505));
#4234=DIRECTION('',(-0.,-0.,1.));
#4235=VECTOR('',#4234,4.0145);
#4236=LINE('',#4233,#4235);
#4237=EDGE_CURVE('',#2318,#4226,#4236,.T.);
#4238=ORIENTED_EDGE('',*,*,#4237,.F.);
#4239=ORIENTED_EDGE('',*,*,#2325,.T.);
#4240=EDGE_LOOP('',(#4224,#4232,#4238,#4239));
#4241=FACE_BOUND('',#4240,.T.);
#4242=ADVANCED_FACE('',(#4241),#4223,.F.);
#4243=CARTESIAN_POINT('',(16.988329492,-1.295,-17.316925));
#4244=DIRECTION('',(0.5,0.,0.866025404));
#4245=DIRECTION('',(0.866025404,0.,-0.5));
#4246=AXIS2_PLACEMENT_3D('',#4243,#4244,#4245);
#4247=PLANE('',#4246);
#4248=ORIENTED_EDGE('',*,*,#2460,.T.);
#4249=CARTESIAN_POINT('',(15.25,-0.695,-16.3133));
#4250=VERTEX_POINT('',#4249);
#4251=CARTESIAN_POINT('',(15.25,-0.695,-16.3133));
#4252=DIRECTION('',(-0.,-1.,-0.));
#4253=VECTOR('',#4252,3.6);
#4254=LINE('',#4251,#4253);
#4255=EDGE_CURVE('',#4250,#2447,#4254,.T.);
#4256=ORIENTED_EDGE('',*,*,#4255,.F.);
#4257=CARTESIAN_POINT('',(18.726658983,-0.695,-18.32055));
#4258=DIRECTION('',(-0.866025404,0.,0.5));
#4259=VECTOR('',#4258,4.014499999);
#4260=LINE('',#4257,#4259);
#4261=EDGE_CURVE('',#4226,#4250,#4260,.T.);
#4262=ORIENTED_EDGE('',*,*,#4261,.F.);
#4263=ORIENTED_EDGE('',*,*,#4231,.T.);
#4264=EDGE_LOOP('',(#4248,#4256,#4262,#4263));
#4265=FACE_BOUND('',#4264,.T.);
#4266=ADVANCED_FACE('',(#4265),#4247,.F.);
#4267=CARTESIAN_POINT('',(13.511670508,-1.295,-17.316925));
#4268=DIRECTION('',(-0.5,0.,0.866025404));
#4269=DIRECTION('',(0.866025404,0.,0.5));
#4270=AXIS2_PLACEMENT_3D('',#4267,#4268,#4269);
#4271=PLANE('',#4270);
#4272=ORIENTED_EDGE('',*,*,#2452,.T.);
#4273=CARTESIAN_POINT('',(11.773341017,-0.695,-18.32055));
#4274=VERTEX_POINT('',#4273);
#4275=CARTESIAN_POINT('',(11.773341017,-0.695,-18.32055));
#4276=DIRECTION('',(-0.,-1.,-0.));
#4277=VECTOR('',#4276,3.6);
#4278=LINE('',#4275,#4277);
#4279=EDGE_CURVE('',#4274,#2439,#4278,.T.);
#4280=ORIENTED_EDGE('',*,*,#4279,.F.);
#4281=CARTESIAN_POINT('',(15.25,-0.695,-16.3133));
#4282=DIRECTION('',(-0.866025404,0.,-0.5));
#4283=VECTOR('',#4282,4.0145);
#4284=LINE('',#4281,#4283);
#4285=EDGE_CURVE('',#4250,#4274,#4284,.T.);
#4286=ORIENTED_EDGE('',*,*,#4285,.F.);
#4287=ORIENTED_EDGE('',*,*,#4255,.T.);
#4288=EDGE_LOOP('',(#4272,#4280,#4286,#4287));
#4289=FACE_BOUND('',#4288,.T.);
#4290=ADVANCED_FACE('',(#4289),#4271,.F.);
#4291=CARTESIAN_POINT('',(11.773341017,-1.295,-20.3278));
#4292=DIRECTION('',(-1.,0.,0.));
#4293=DIRECTION('',(0.,0.,1.));
#4294=AXIS2_PLACEMENT_3D('',#4291,#4292,#4293);
#4295=PLANE('',#4294);
#4296=ORIENTED_EDGE('',*,*,#2444,.T.);
#4297=ORIENTED_EDGE('',*,*,#2301,.F.);
#4298=CARTESIAN_POINT('',(11.773341017,-0.695,-18.32055));
#4299=DIRECTION('',(0.,0.,-1.));
#4300=VECTOR('',#4299,4.0145);
#4301=LINE('',#4298,#4300);
#4302=EDGE_CURVE('',#4274,#2288,#4301,.T.);
#4303=ORIENTED_EDGE('',*,*,#4302,.F.);
#4304=ORIENTED_EDGE('',*,*,#4279,.T.);
#4305=EDGE_LOOP('',(#4296,#4297,#4303,#4304));
#4306=FACE_BOUND('',#4305,.T.);
#4307=ADVANCED_FACE('',(#4306),#4295,.F.);
#4308=CARTESIAN_POINT('',(10.,3.705,-10.7806125));
#4309=DIRECTION('',(0.,0.,1.));
#4310=DIRECTION('',(0.,-1.,0.));
#4311=AXIS2_PLACEMENT_3D('',#4308,#4309,#4310);
#4312=PLANE('',#4311);
#4313=ORIENTED_EDGE('',*,*,#2788,.T.);
#4314=CARTESIAN_POINT('',(7.,3.175,-10.7806125));
#4315=VERTEX_POINT('',#4314);
#4316=CARTESIAN_POINT('',(7.,-4.295,-10.7806125));
#4317=DIRECTION('',(-0.,1.,-0.));
#4318=VECTOR('',#4317,7.47);
#4319=LINE('',#4316,#4318);
#4320=EDGE_CURVE('',#2775,#4315,#4319,.T.);
#4321=ORIENTED_EDGE('',*,*,#4320,.T.);
#4322=CARTESIAN_POINT('',(20.,3.175,-10.78060625));
#4323=VERTEX_POINT('',#4322);
#4324=CARTESIAN_POINT('',(20.,3.175,-10.7806125));
#4325=DIRECTION('',(-1.,0.,0.));
#4326=VECTOR('',#4325,13.);
#4327=LINE('',#4324,#4326);
#4328=EDGE_CURVE('',#4323,#4315,#4327,.T.);
#4329=ORIENTED_EDGE('',*,*,#4328,.F.);
#4330=CARTESIAN_POINT('',(20.,3.175,-10.7806125));
#4331=DIRECTION('',(0.,-1.,0.));
#4332=VECTOR('',#4331,7.47);
#4333=LINE('',#4330,#4332);
#4334=EDGE_CURVE('',#4323,#2783,#4333,.T.);
#4335=ORIENTED_EDGE('',*,*,#4334,.T.);
#4336=EDGE_LOOP('',(#4313,#4321,#4329,#4335));
#4337=FACE_BOUND('',#4336,.T.);
#4338=ADVANCED_FACE('',(#4337),#4312,.F.);
#4339=CARTESIAN_POINT('',(86.75,3.175,-91.8278));
#4340=DIRECTION('',(0.,-1.,0.));
#4341=DIRECTION('',(0.,0.,-1.));
#4342=AXIS2_PLACEMENT_3D('',#4339,#4340,#4341);
#4343=CYLINDRICAL_SURFACE('',#4342,2.25);
#4344=CARTESIAN_POINT('',(86.75,-0.795,-94.0778));
#4345=VERTEX_POINT('',#4344);
#4346=CARTESIAN_POINT('',(86.75,3.175,-94.0778));
#4347=VERTEX_POINT('',#4346);
#4348=CARTESIAN_POINT('',(86.75,-0.795,-94.0778));
#4349=DIRECTION('',(-0.,1.,-0.));
#4350=VECTOR('',#4349,3.97);
#4351=LINE('',#4348,#4350);
#4352=EDGE_CURVE('',#4345,#4347,#4351,.T.);
#4353=ORIENTED_EDGE('',*,*,#4352,.F.);
#4354=CARTESIAN_POINT('',(86.75,-0.795,-91.8278));
#4355=DIRECTION('',(0.,-1.,0.));
#4356=DIRECTION('',(0.,0.,-1.));
#4357=AXIS2_PLACEMENT_3D('',#4354,#4355,#4356);
#4358=CIRCLE('',#4357,2.25);
#4359=EDGE_CURVE('',#4345,#4345,#4358,.T.);
#4360=ORIENTED_EDGE('',*,*,#4359,.T.);
#4361=ORIENTED_EDGE('',*,*,#4352,.T.);
#4362=CARTESIAN_POINT('',(86.75,3.175,-91.8278));
#4363=DIRECTION('',(0.,-1.,0.));
#4364=DIRECTION('',(0.,0.,-1.));
#4365=AXIS2_PLACEMENT_3D('',#4362,#4363,#4364);
#4366=CIRCLE('',#4365,2.25);
#4367=EDGE_CURVE('',#4347,#4347,#4366,.T.);
#4368=ORIENTED_EDGE('',*,*,#4367,.F.);
#4369=EDGE_LOOP('',(#4353,#4360,#4361,#4368));
#4370=FACE_BOUND('',#4369,.T.);
#4371=ADVANCED_FACE('',(#4370),#4343,.F.);
#4372=CARTESIAN_POINT('',(84.649898658,-0.795,-95.143635742));
#4373=DIRECTION('',(0.866025404,0.,0.5));
#4374=DIRECTION('',(0.5,0.,-0.866025404));
#4375=AXIS2_PLACEMENT_3D('',#4372,#4373,#4374);
#4376=PLANE('',#4375);
#4377=CARTESIAN_POINT('',(82.7355,-0.795,-91.8278));
#4378=VERTEX_POINT('',#4377);
#4379=CARTESIAN_POINT('',(82.7355,-0.795,-91.8278));
#4380=DIRECTION('',(-0.,-1.,-0.));
#4381=VECTOR('',#4380,3.5);
#4382=LINE('',#4379,#4381);
#4383=EDGE_CURVE('',#4378,#3071,#4382,.T.);
#4384=ORIENTED_EDGE('',*,*,#4383,.T.);
#4385=ORIENTED_EDGE('',*,*,#3076,.F.);
#4386=CARTESIAN_POINT('',(84.74275,-0.795,-95.304458983));
#4387=VERTEX_POINT('',#4386);
#4388=CARTESIAN_POINT('',(84.74275,-0.795,-95.304458983));
#4389=DIRECTION('',(-0.,-1.,-0.));
#4390=VECTOR('',#4389,3.5);
#4391=LINE('',#4388,#4390);
#4392=EDGE_CURVE('',#4387,#3069,#4391,.T.);
#4393=ORIENTED_EDGE('',*,*,#4392,.F.);
#4394=CARTESIAN_POINT('',(84.74275,-0.795,-95.304458983));
#4395=DIRECTION('',(-0.5,-0.,0.866025404));
#4396=VECTOR('',#4395,4.014499999);
#4397=LINE('',#4394,#4396);
#4398=EDGE_CURVE('',#4387,#4378,#4397,.T.);
#4399=ORIENTED_EDGE('',*,*,#4398,.T.);
#4400=EDGE_LOOP('',(#4384,#4385,#4393,#4399));
#4401=FACE_BOUND('',#4400,.T.);
#4402=ADVANCED_FACE('',(#4401),#4376,.T.);
#4403=CARTESIAN_POINT('',(0.,-0.795,0.));
#4404=DIRECTION('',(0.,-1.,0.));
#4405=DIRECTION('',(0.,0.,-1.));
#4406=AXIS2_PLACEMENT_3D('',#4403,#4404,#4405);
#4407=PLANE('',#4406);
#4408=ORIENTED_EDGE('',*,*,#4359,.F.);
#4409=EDGE_LOOP('',(#4408));
#4410=FACE_BOUND('',#4409,.T.);
#4411=ORIENTED_EDGE('',*,*,#4398,.F.);
#4412=CARTESIAN_POINT('',(88.757250001,-0.795,-95.304458983));
#4413=VERTEX_POINT('',#4412);
#4414=CARTESIAN_POINT('',(88.757250001,-0.795,-95.304458983));
#4415=DIRECTION('',(-1.,-0.,0.));
#4416=VECTOR('',#4415,4.014500001);
#4417=LINE('',#4414,#4416);
#4418=EDGE_CURVE('',#4413,#4387,#4417,.T.);
#4419=ORIENTED_EDGE('',*,*,#4418,.F.);
#4420=CARTESIAN_POINT('',(90.7645,-0.795,-91.8278));
#4421=VERTEX_POINT('',#4420);
#4422=CARTESIAN_POINT('',(90.7645,-0.795,-91.8278));
#4423=DIRECTION('',(-0.5,-0.,-0.866025404));
#4424=VECTOR('',#4423,4.014499999);
#4425=LINE('',#4422,#4424);
#4426=EDGE_CURVE('',#4421,#4413,#4425,.T.);
#4427=ORIENTED_EDGE('',*,*,#4426,.F.);
#4428=CARTESIAN_POINT('',(88.75725,-0.795,-88.351141017));
#4429=VERTEX_POINT('',#4428);
#4430=CARTESIAN_POINT('',(88.75725,-0.795,-88.351141017));
#4431=DIRECTION('',(0.5,-0.,-0.866025404));
#4432=VECTOR('',#4431,4.0145);
#4433=LINE('',#4430,#4432);
#4434=EDGE_CURVE('',#4429,#4421,#4433,.T.);
#4435=ORIENTED_EDGE('',*,*,#4434,.F.);
#4436=CARTESIAN_POINT('',(84.74275,-0.795,-88.351141017));
#4437=VERTEX_POINT('',#4436);
#4438=CARTESIAN_POINT('',(84.74275,-0.795,-88.351141017));
#4439=DIRECTION('',(1.,0.,-0.));
#4440=VECTOR('',#4439,4.0145);
#4441=LINE('',#4438,#4440);
#4442=EDGE_CURVE('',#4437,#4429,#4441,.T.);
#4443=ORIENTED_EDGE('',*,*,#4442,.F.);
#4444=CARTESIAN_POINT('',(82.7355,-0.795,-91.8278));
#4445=DIRECTION('',(0.5,-0.,0.866025404));
#4446=VECTOR('',#4445,4.014499999);
#4447=LINE('',#4444,#4446);
#4448=EDGE_CURVE('',#4378,#4437,#4447,.T.);
#4449=ORIENTED_EDGE('',*,*,#4448,.F.);
#4450=EDGE_LOOP('',(#4411,#4419,#4427,#4435,#4443,#4449));
#4451=FACE_BOUND('',#4450,.T.);
#4452=ADVANCED_FACE('',(#4410,#4451),#4407,.T.);
#4453=CARTESIAN_POINT('',(88.402154458,-0.795,-88.351141017));
#4454=DIRECTION('',(0.,0.,-1.));
#4455=DIRECTION('',(0.,1.,0.));
#4456=AXIS2_PLACEMENT_3D('',#4453,#4454,#4455);
#4457=PLANE('',#4456);
#4458=ORIENTED_EDGE('',*,*,#3092,.F.);
#4459=CARTESIAN_POINT('',(84.74275,-0.795,-88.351141017));
#4460=DIRECTION('',(-0.,-1.,-0.));
#4461=VECTOR('',#4460,3.5);
#4462=LINE('',#4459,#4461);
#4463=EDGE_CURVE('',#4437,#3079,#4462,.T.);
#4464=ORIENTED_EDGE('',*,*,#4463,.F.);
#4465=ORIENTED_EDGE('',*,*,#4442,.T.);
#4466=CARTESIAN_POINT('',(88.75725,-0.795,-88.351141017));
#4467=DIRECTION('',(-0.,-1.,-0.));
#4468=VECTOR('',#4467,3.5);
#4469=LINE('',#4466,#4468);
#4470=EDGE_CURVE('',#4429,#3087,#4469,.T.);
#4471=ORIENTED_EDGE('',*,*,#4470,.T.);
#4472=EDGE_LOOP('',(#4458,#4464,#4465,#4471));
#4473=FACE_BOUND('',#4472,.T.);
#4474=ADVANCED_FACE('',(#4473),#4457,.T.);
#4475=CARTESIAN_POINT('',(83.396652661,-0.795,-90.68265));
#4476=DIRECTION('',(0.866025404,0.,-0.5));
#4477=DIRECTION('',(-0.5,0.,-0.866025404));
#4478=AXIS2_PLACEMENT_3D('',#4475,#4476,#4477);
#4479=PLANE('',#4478);
#4480=ORIENTED_EDGE('',*,*,#3084,.F.);
#4481=ORIENTED_EDGE('',*,*,#4383,.F.);
#4482=ORIENTED_EDGE('',*,*,#4448,.T.);
#4483=ORIENTED_EDGE('',*,*,#4463,.T.);
#4484=EDGE_LOOP('',(#4480,#4481,#4482,#4483));
#4485=FACE_BOUND('',#4484,.T.);
#4486=ADVANCED_FACE('',(#4485),#4479,.T.);
#4487=CARTESIAN_POINT('',(86.75,-0.795,-95.304458983));
#4488=DIRECTION('',(0.,0.,1.));
#4489=DIRECTION('',(1.,0.,0.));
#4490=AXIS2_PLACEMENT_3D('',#4487,#4488,#4489);
#4491=PLANE('',#4490);
#4492=ORIENTED_EDGE('',*,*,#3114,.F.);
#4493=CARTESIAN_POINT('',(88.757250001,-0.795,-95.304458983));
#4494=DIRECTION('',(-0.,-1.,-0.));
#4495=VECTOR('',#4494,3.5);
#4496=LINE('',#4493,#4495);
#4497=EDGE_CURVE('',#4413,#3103,#4496,.T.);
#4498=ORIENTED_EDGE('',*,*,#4497,.F.);
#4499=ORIENTED_EDGE('',*,*,#4418,.T.);
#4500=ORIENTED_EDGE('',*,*,#4392,.T.);
#4501=EDGE_LOOP('',(#4492,#4498,#4499,#4500));
#4502=FACE_BOUND('',#4501,.T.);
#4503=ADVANCED_FACE('',(#4502),#4491,.T.);
#4504=CARTESIAN_POINT('',(89.760875,-0.795,-93.566129492));
#4505=DIRECTION('',(-0.866025404,0.,0.5));
#4506=DIRECTION('',(0.5,0.,0.866025404));
#4507=AXIS2_PLACEMENT_3D('',#4504,#4505,#4506);
#4508=PLANE('',#4507);
#4509=ORIENTED_EDGE('',*,*,#3108,.F.);
#4510=CARTESIAN_POINT('',(90.7645,-0.795,-91.8278));
#4511=DIRECTION('',(-0.,-1.,-0.));
#4512=VECTOR('',#4511,3.5);
#4513=LINE('',#4510,#4512);
#4514=EDGE_CURVE('',#4421,#3095,#4513,.T.);
#4515=ORIENTED_EDGE('',*,*,#4514,.F.);
#4516=ORIENTED_EDGE('',*,*,#4426,.T.);
#4517=ORIENTED_EDGE('',*,*,#4497,.T.);
#4518=EDGE_LOOP('',(#4509,#4515,#4516,#4517));
#4519=FACE_BOUND('',#4518,.T.);
#4520=ADVANCED_FACE('',(#4519),#4508,.T.);
#4521=CARTESIAN_POINT('',(89.099722339,-0.795,-88.944320508));
#4522=DIRECTION('',(-0.866025404,0.,-0.5));
#4523=DIRECTION('',(-0.5,0.,0.866025404));
#4524=AXIS2_PLACEMENT_3D('',#4521,#4522,#4523);
#4525=PLANE('',#4524);
#4526=ORIENTED_EDGE('',*,*,#3100,.F.);
#4527=ORIENTED_EDGE('',*,*,#4470,.F.);
#4528=ORIENTED_EDGE('',*,*,#4434,.T.);
#4529=ORIENTED_EDGE('',*,*,#4514,.T.);
#4530=EDGE_LOOP('',(#4526,#4527,#4528,#4529));
#4531=FACE_BOUND('',#4530,.T.);
#4532=ADVANCED_FACE('',(#4531),#4525,.T.);
#4533=CARTESIAN_POINT('',(18.260875,-0.795,-90.089470508));
#4534=DIRECTION('',(0.866025404,0.,0.5));
#4535=DIRECTION('',(0.5,0.,-0.866025404));
#4536=AXIS2_PLACEMENT_3D('',#4533,#4534,#4535);
#4537=PLANE('',#4536);
#4538=ORIENTED_EDGE('',*,*,#3177,.T.);
#4539=CARTESIAN_POINT('',(17.25725,-0.795,-88.351141017));
#4540=VERTEX_POINT('',#4539);
#4541=CARTESIAN_POINT('',(17.25725,-0.795,-88.351141017));
#4542=DIRECTION('',(0.,-1.,0.));
#4543=VECTOR('',#4542,3.5);
#4544=LINE('',#4541,#4543);
#4545=EDGE_CURVE('',#4540,#3162,#4544,.T.);
#4546=ORIENTED_EDGE('',*,*,#4545,.F.);
#4547=CARTESIAN_POINT('',(19.2645,-0.795,-91.8278));
#4548=VERTEX_POINT('',#4547);
#4549=CARTESIAN_POINT('',(19.2645,-0.795,-91.8278));
#4550=DIRECTION('',(-0.5,0.,0.866025404));
#4551=VECTOR('',#4550,4.0145);
#4552=LINE('',#4549,#4551);
#4553=EDGE_CURVE('',#4548,#4540,#4552,.T.);
#4554=ORIENTED_EDGE('',*,*,#4553,.F.);
#4555=CARTESIAN_POINT('',(19.2645,-0.795,-91.8278));
#4556=DIRECTION('',(-0.,-1.,-0.));
#4557=VECTOR('',#4556,3.5);
#4558=LINE('',#4555,#4557);
#4559=EDGE_CURVE('',#4548,#3172,#4558,.T.);
#4560=ORIENTED_EDGE('',*,*,#4559,.T.);
#4561=EDGE_LOOP('',(#4538,#4546,#4554,#4560));
#4562=FACE_BOUND('',#4561,.T.);
#4563=ADVANCED_FACE('',(#4562),#4537,.F.);
#4564=CARTESIAN_POINT('',(14.594714098,-0.795,-88.351141017));
#4565=DIRECTION('',(0.,0.,1.));
#4566=DIRECTION('',(0.,-1.,0.));
#4567=AXIS2_PLACEMENT_3D('',#4564,#4565,#4566);
#4568=PLANE('',#4567);
#4569=ORIENTED_EDGE('',*,*,#3169,.T.);
#4570=CARTESIAN_POINT('',(13.24275,-0.795,-88.351141017));
#4571=VERTEX_POINT('',#4570);
#4572=CARTESIAN_POINT('',(13.242749999,-0.795,-88.351141017));
#4573=DIRECTION('',(-0.,-1.,-0.));
#4574=VECTOR('',#4573,3.5);
#4575=LINE('',#4572,#4574);
#4576=EDGE_CURVE('',#4571,#3164,#4575,.T.);
#4577=ORIENTED_EDGE('',*,*,#4576,.F.);
#4578=CARTESIAN_POINT('',(17.25725,-0.795,-88.351141017));
#4579=DIRECTION('',(-1.,-0.,0.));
#4580=VECTOR('',#4579,4.0145);
#4581=LINE('',#4578,#4580);
#4582=EDGE_CURVE('',#4540,#4571,#4581,.T.);
#4583=ORIENTED_EDGE('',*,*,#4582,.F.);
#4584=ORIENTED_EDGE('',*,*,#4545,.T.);
#4585=EDGE_LOOP('',(#4569,#4577,#4583,#4584));
#4586=FACE_BOUND('',#4585,.T.);
#4587=ADVANCED_FACE('',(#4586),#4568,.F.);
#4588=CARTESIAN_POINT('',(12.239125,-0.795,-90.089470508));
#4589=DIRECTION('',(-0.866025404,0.,0.5));
#4590=DIRECTION('',(0.5,0.,0.866025404));
#4591=AXIS2_PLACEMENT_3D('',#4588,#4589,#4590);
#4592=PLANE('',#4591);
#4593=ORIENTED_EDGE('',*,*,#3207,.T.);
#4594=CARTESIAN_POINT('',(11.2355,-0.795,-91.8278));
#4595=VERTEX_POINT('',#4594);
#4596=CARTESIAN_POINT('',(11.2355,-0.795,-91.8278));
#4597=DIRECTION('',(-0.,-1.,-0.));
#4598=VECTOR('',#4597,3.5);
#4599=LINE('',#4596,#4598);
#4600=EDGE_CURVE('',#4595,#3196,#4599,.T.);
#4601=ORIENTED_EDGE('',*,*,#4600,.F.);
#4602=CARTESIAN_POINT('',(13.24275,-0.795,-88.351141017));
#4603=DIRECTION('',(-0.5,0.,-0.866025404));
#4604=VECTOR('',#4603,4.014499999);
#4605=LINE('',#4602,#4604);
#4606=EDGE_CURVE('',#4571,#4595,#4605,.T.);
#4607=ORIENTED_EDGE('',*,*,#4606,.F.);
#4608=ORIENTED_EDGE('',*,*,#4576,.T.);
#4609=EDGE_LOOP('',(#4593,#4601,#4607,#4608));
#4610=FACE_BOUND('',#4609,.T.);
#4611=ADVANCED_FACE('',(#4610),#4592,.F.);
#4612=CARTESIAN_POINT('',(12.239125,-0.795,-93.566129492));
#4613=DIRECTION('',(-0.866025404,0.,-0.5));
#4614=DIRECTION('',(-0.5,0.,0.866025404));
#4615=AXIS2_PLACEMENT_3D('',#4612,#4613,#4614);
#4616=PLANE('',#4615);
#4617=ORIENTED_EDGE('',*,*,#3201,.T.);
#4618=CARTESIAN_POINT('',(13.24275,-0.795,-95.304458983));
#4619=VERTEX_POINT('',#4618);
#4620=CARTESIAN_POINT('',(13.24275,-0.795,-95.304458983));
#4621=DIRECTION('',(-0.,-1.,-0.));
#4622=VECTOR('',#4621,3.5);
#4623=LINE('',#4620,#4622);
#4624=EDGE_CURVE('',#4619,#3188,#4623,.T.);
#4625=ORIENTED_EDGE('',*,*,#4624,.F.);
#4626=CARTESIAN_POINT('',(11.2355,-0.795,-91.8278));
#4627=DIRECTION('',(0.5,0.,-0.866025404));
#4628=VECTOR('',#4627,4.0145);
#4629=LINE('',#4626,#4628);
#4630=EDGE_CURVE('',#4595,#4619,#4629,.T.);
#4631=ORIENTED_EDGE('',*,*,#4630,.F.);
#4632=ORIENTED_EDGE('',*,*,#4600,.T.);
#4633=EDGE_LOOP('',(#4617,#4625,#4631,#4632));
#4634=FACE_BOUND('',#4633,.T.);
#4635=ADVANCED_FACE('',(#4634),#4616,.F.);
#4636=CARTESIAN_POINT('',(15.25,-0.795,-95.304458983));
#4637=DIRECTION('',(0.,0.,-1.));
#4638=DIRECTION('',(-1.,0.,0.));
#4639=AXIS2_PLACEMENT_3D('',#4636,#4637,#4638);
#4640=PLANE('',#4639);
#4641=ORIENTED_EDGE('',*,*,#3193,.T.);
#4642=CARTESIAN_POINT('',(17.25725,-0.795,-95.304458983));
#4643=VERTEX_POINT('',#4642);
#4644=CARTESIAN_POINT('',(17.257250001,-0.795,-95.304458983));
#4645=DIRECTION('',(-0.,-1.,-0.));
#4646=VECTOR('',#4645,3.5);
#4647=LINE('',#4644,#4646);
#4648=EDGE_CURVE('',#4643,#3180,#4647,.T.);
#4649=ORIENTED_EDGE('',*,*,#4648,.F.);
#4650=CARTESIAN_POINT('',(13.24275,-0.795,-95.304458983));
#4651=DIRECTION('',(1.,0.,-0.));
#4652=VECTOR('',#4651,4.0145);
#4653=LINE('',#4650,#4652);
#4654=EDGE_CURVE('',#4619,#4643,#4653,.T.);
#4655=ORIENTED_EDGE('',*,*,#4654,.F.);
#4656=ORIENTED_EDGE('',*,*,#4624,.T.);
#4657=EDGE_LOOP('',(#4641,#4649,#4655,#4656));
#4658=FACE_BOUND('',#4657,.T.);
#4659=ADVANCED_FACE('',(#4658),#4640,.F.);
#4660=CARTESIAN_POINT('',(18.260875,-0.795,-93.566129492));
#4661=DIRECTION('',(0.866025404,0.,-0.5));
#4662=DIRECTION('',(-0.5,0.,-0.866025404));
#4663=AXIS2_PLACEMENT_3D('',#4660,#4661,#4662);
#4664=PLANE('',#4663);
#4665=ORIENTED_EDGE('',*,*,#3185,.T.);
#4666=ORIENTED_EDGE('',*,*,#4559,.F.);
#4667=CARTESIAN_POINT('',(17.25725,-0.795,-95.304458983));
#4668=DIRECTION('',(0.5,0.,0.866025404));
#4669=VECTOR('',#4668,4.014499999);
#4670=LINE('',#4667,#4669);
#4671=EDGE_CURVE('',#4643,#4548,#4670,.T.);
#4672=ORIENTED_EDGE('',*,*,#4671,.F.);
#4673=ORIENTED_EDGE('',*,*,#4648,.T.);
#4674=EDGE_LOOP('',(#4665,#4666,#4672,#4673));
#4675=FACE_BOUND('',#4674,.T.);
#4676=ADVANCED_FACE('',(#4675),#4664,.F.);
#4677=CARTESIAN_POINT('',(0.,-0.795,0.));
#4678=DIRECTION('',(0.,-1.,0.));
#4679=DIRECTION('',(0.,0.,-1.));
#4680=AXIS2_PLACEMENT_3D('',#4677,#4678,#4679);
#4681=PLANE('',#4680);
#4682=ORIENTED_EDGE('',*,*,#4553,.T.);
#4683=ORIENTED_EDGE('',*,*,#4582,.T.);
#4684=ORIENTED_EDGE('',*,*,#4606,.T.);
#4685=ORIENTED_EDGE('',*,*,#4630,.T.);
#4686=ORIENTED_EDGE('',*,*,#4654,.T.);
#4687=ORIENTED_EDGE('',*,*,#4671,.T.);
#4688=EDGE_LOOP('',(#4682,#4683,#4684,#4685,#4686,#4687));
#4689=FACE_BOUND('',#4688,.T.);
#4690=ORIENTED_EDGE('',*,*,#3050,.F.);
#4691=EDGE_LOOP('',(#4690));
#4692=FACE_BOUND('',#4691,.T.);
#4693=ADVANCED_FACE('',(#4689,#4692),#4681,.T.);
#4694=CARTESIAN_POINT('',(92.,3.175,-10.7806125));
#4695=DIRECTION('',(0.,0.,-1.));
#4696=DIRECTION('',(-1.,0.,0.));
#4697=AXIS2_PLACEMENT_3D('',#4694,#4695,#4696);
#4698=PLANE('',#4697);
#4699=CARTESIAN_POINT('',(91.7264,3.175,-10.7806125));
#4700=VERTEX_POINT('',#4699);
#4701=CARTESIAN_POINT('',(91.7264,-4.295,-10.7806125));
#4702=DIRECTION('',(0.,1.,0.));
#4703=VECTOR('',#4702,7.47);
#4704=LINE('',#4701,#4703);
#4705=EDGE_CURVE('',#2734,#4700,#4704,.T.);
#4706=ORIENTED_EDGE('',*,*,#4705,.F.);
#4707=ORIENTED_EDGE('',*,*,#2770,.F.);
#4708=CARTESIAN_POINT('',(82.,3.175,-10.78060625));
#4709=VERTEX_POINT('',#4708);
#4710=CARTESIAN_POINT('',(82.,3.175,-10.7806125));
#4711=DIRECTION('',(-0.,-1.,-0.));
#4712=VECTOR('',#4711,7.47);
#4713=LINE('',#4710,#4712);
#4714=EDGE_CURVE('',#4709,#2759,#4713,.T.);
#4715=ORIENTED_EDGE('',*,*,#4714,.F.);
#4716=CARTESIAN_POINT('',(82.,3.175,-10.7806125));
#4717=DIRECTION('',(1.,-0.,-0.));
#4718=VECTOR('',#4717,9.7264);
#4719=LINE('',#4716,#4718);
#4720=EDGE_CURVE('',#4709,#4700,#4719,.T.);
#4721=ORIENTED_EDGE('',*,*,#4720,.T.);
#4722=EDGE_LOOP('',(#4706,#4707,#4715,#4721));
#4723=FACE_BOUND('',#4722,.T.);
#4724=ADVANCED_FACE('',(#4723),#4698,.T.);
#4725=CARTESIAN_POINT('',(19.5,-4.295,-10.7806));
#4726=DIRECTION('',(0.,0.,1.));
#4727=DIRECTION('',(1.,0.,0.));
#4728=AXIS2_PLACEMENT_3D('',#4725,#4726,#4727);
#4729=PLANE('',#4728);
#4730=CARTESIAN_POINT('',(32.,3.175,-10.7806));
#4731=VERTEX_POINT('',#4730);
#4732=CARTESIAN_POINT('',(20.,3.175,-10.7806));
#4733=DIRECTION('',(1.,0.,-0.));
#4734=VECTOR('',#4733,12.);
#4735=LINE('',#4732,#4734);
#4736=EDGE_CURVE('',#4323,#4731,#4735,.T.);
#4737=ORIENTED_EDGE('',*,*,#4736,.T.);
#4738=CARTESIAN_POINT('',(32.,-4.295,-10.7806));
#4739=DIRECTION('',(0.,1.,0.));
#4740=VECTOR('',#4739,7.47);
#4741=LINE('',#4738,#4740);
#4742=EDGE_CURVE('',#2791,#4731,#4741,.T.);
#4743=ORIENTED_EDGE('',*,*,#4742,.F.);
#4744=ORIENTED_EDGE('',*,*,#2796,.F.);
#4745=ORIENTED_EDGE('',*,*,#4334,.F.);
#4746=EDGE_LOOP('',(#4737,#4743,#4744,#4745));
#4747=FACE_BOUND('',#4746,.T.);
#4748=ADVANCED_FACE('',(#4747),#4729,.F.);
#4749=CARTESIAN_POINT('',(32.,-4.295,-11.2806));
#4750=DIRECTION('',(1.,0.,0.));
#4751=DIRECTION('',(0.,0.,-1.));
#4752=AXIS2_PLACEMENT_3D('',#4749,#4750,#4751);
#4753=PLANE('',#4752);
#4754=CARTESIAN_POINT('',(32.,3.175,-12.7806));
#4755=VERTEX_POINT('',#4754);
#4756=CARTESIAN_POINT('',(32.,3.175,-10.7806));
#4757=DIRECTION('',(0.,0.,-1.));
#4758=VECTOR('',#4757,2.);
#4759=LINE('',#4756,#4758);
#4760=EDGE_CURVE('',#4731,#4755,#4759,.T.);
#4761=ORIENTED_EDGE('',*,*,#4760,.T.);
#4762=CARTESIAN_POINT('',(32.,-4.295,-12.7806));
#4763=DIRECTION('',(0.,1.,0.));
#4764=VECTOR('',#4763,7.47);
#4765=LINE('',#4762,#4764);
#4766=EDGE_CURVE('',#2799,#4755,#4765,.T.);
#4767=ORIENTED_EDGE('',*,*,#4766,.F.);
#4768=ORIENTED_EDGE('',*,*,#2804,.F.);
#4769=ORIENTED_EDGE('',*,*,#4742,.T.);
#4770=EDGE_LOOP('',(#4761,#4767,#4768,#4769));
#4771=FACE_BOUND('',#4770,.T.);
#4772=ADVANCED_FACE('',(#4771),#4753,.F.);
#4773=CARTESIAN_POINT('',(19.5,-4.295,-12.7806));
#4774=DIRECTION('',(0.,0.,-1.));
#4775=DIRECTION('',(-1.,0.,0.));
#4776=AXIS2_PLACEMENT_3D('',#4773,#4774,#4775);
#4777=PLANE('',#4776);
#4778=ORIENTED_EDGE('',*,*,#366,.T.);
#4779=ORIENTED_EDGE('',*,*,#2810,.F.);
#4780=ORIENTED_EDGE('',*,*,#4766,.T.);
#4781=CARTESIAN_POINT('',(32.,3.175,-12.7806));
#4782=DIRECTION('',(-1.,0.,0.));
#4783=VECTOR('',#4782,12.);
#4784=LINE('',#4781,#4783);
#4785=EDGE_CURVE('',#4755,#361,#4784,.T.);
#4786=ORIENTED_EDGE('',*,*,#4785,.T.);
#4787=EDGE_LOOP('',(#4778,#4779,#4780,#4786));
#4788=FACE_BOUND('',#4787,.T.);
#4789=ADVANCED_FACE('',(#4788),#4777,.F.);
#4790=CARTESIAN_POINT('',(79.2264,-4.295,-12.7806));
#4791=DIRECTION('',(0.,0.,-1.));
#4792=DIRECTION('',(-1.,0.,0.));
#4793=AXIS2_PLACEMENT_3D('',#4790,#4791,#4792);
#4794=PLANE('',#4793);
#4795=CARTESIAN_POINT('',(66.7264,3.175,-12.7806));
#4796=VERTEX_POINT('',#4795);
#4797=CARTESIAN_POINT('',(82.,3.175,-12.7806));
#4798=DIRECTION('',(-1.,0.,0.));
#4799=VECTOR('',#4798,15.2736);
#4800=LINE('',#4797,#4799);
#4801=EDGE_CURVE('',#401,#4796,#4800,.T.);
#4802=ORIENTED_EDGE('',*,*,#4801,.T.);
#4803=CARTESIAN_POINT('',(66.7264,-4.295,-12.7806));
#4804=DIRECTION('',(0.,1.,0.));
#4805=VECTOR('',#4804,7.47);
#4806=LINE('',#4803,#4805);
#4807=EDGE_CURVE('',#2743,#4796,#4806,.T.);
#4808=ORIENTED_EDGE('',*,*,#4807,.F.);
#4809=ORIENTED_EDGE('',*,*,#2748,.F.);
#4810=ORIENTED_EDGE('',*,*,#412,.F.);
#4811=EDGE_LOOP('',(#4802,#4808,#4809,#4810));
#4812=FACE_BOUND('',#4811,.T.);
#4813=ADVANCED_FACE('',(#4812),#4794,.F.);
#4814=CARTESIAN_POINT('',(79.2264,-4.295,-10.7806));
#4815=DIRECTION('',(0.,0.,1.));
#4816=DIRECTION('',(1.,0.,0.));
#4817=AXIS2_PLACEMENT_3D('',#4814,#4815,#4816);
#4818=PLANE('',#4817);
#4819=CARTESIAN_POINT('',(66.7264,3.175,-10.7806));
#4820=VERTEX_POINT('',#4819);
#4821=CARTESIAN_POINT('',(66.7264,3.175,-10.7806));
#4822=DIRECTION('',(1.,0.,-0.));
#4823=VECTOR('',#4822,15.2736);
#4824=LINE('',#4821,#4823);
#4825=EDGE_CURVE('',#4820,#4709,#4824,.T.);
#4826=ORIENTED_EDGE('',*,*,#4825,.T.);
#4827=ORIENTED_EDGE('',*,*,#4714,.T.);
#4828=ORIENTED_EDGE('',*,*,#2764,.F.);
#4829=CARTESIAN_POINT('',(66.7264,-4.295,-10.7806));
#4830=DIRECTION('',(0.,1.,0.));
#4831=VECTOR('',#4830,7.47);
#4832=LINE('',#4829,#4831);
#4833=EDGE_CURVE('',#2751,#4820,#4832,.T.);
#4834=ORIENTED_EDGE('',*,*,#4833,.T.);
#4835=EDGE_LOOP('',(#4826,#4827,#4828,#4834));
#4836=FACE_BOUND('',#4835,.T.);
#4837=ADVANCED_FACE('',(#4836),#4818,.F.);
#4838=CARTESIAN_POINT('',(66.7264,-4.295,-11.7806));
#4839=DIRECTION('',(-1.,0.,0.));
#4840=DIRECTION('',(0.,0.,1.));
#4841=AXIS2_PLACEMENT_3D('',#4838,#4839,#4840);
#4842=PLANE('',#4841);
#4843=CARTESIAN_POINT('',(66.7264,3.175,-12.7806));
#4844=DIRECTION('',(0.,0.,1.));
#4845=VECTOR('',#4844,2.);
#4846=LINE('',#4843,#4845);
#4847=EDGE_CURVE('',#4796,#4820,#4846,.T.);
#4848=ORIENTED_EDGE('',*,*,#4847,.T.);
#4849=ORIENTED_EDGE('',*,*,#4833,.F.);
#4850=ORIENTED_EDGE('',*,*,#2756,.F.);
#4851=ORIENTED_EDGE('',*,*,#4807,.T.);
#4852=EDGE_LOOP('',(#4848,#4849,#4850,#4851));
#4853=FACE_BOUND('',#4852,.T.);
#4854=ADVANCED_FACE('',(#4853),#4842,.F.);
#4855=CARTESIAN_POINT('',(3.1663,-5.1505,-14.7181));
#4856=DIRECTION('',(-1.,0.,0.));
#4857=DIRECTION('',(0.,0.,1.));
#4858=AXIS2_PLACEMENT_3D('',#4855,#4856,#4857);
#4859=CYLINDRICAL_SURFACE('',#4858,3.);
#4860=CARTESIAN_POINT('',(3.1663,-5.1505,-14.7181));
#4861=DIRECTION('',(-1.,0.,0.));
#4862=DIRECTION('',(0.,0.,1.));
#4863=AXIS2_PLACEMENT_3D('',#4860,#4861,#4862);
#4864=CIRCLE('',#4863,3.);
#4865=EDGE_CURVE('',#2694,#2421,#4864,.T.);
#4866=ORIENTED_EDGE('',*,*,#4865,.F.);
#4867=ORIENTED_EDGE('',*,*,#2699,.T.);
#4868=ORIENTED_EDGE('',*,*,#310,.T.);
#4869=ORIENTED_EDGE('',*,*,#2432,.F.);
#4870=EDGE_LOOP('',(#4866,#4867,#4868,#4869));
#4871=FACE_BOUND('',#4870,.T.);
#4872=ADVANCED_FACE('',(#4871),#4859,.F.);
#4873=CARTESIAN_POINT('',(3.1663,0.,0.));
#4874=DIRECTION('',(-1.,0.,0.));
#4875=DIRECTION('',(0.,-1.,0.));
#4876=AXIS2_PLACEMENT_3D('',#4873,#4874,#4875);
#4877=PLANE('',#4876);
#4878=ORIENTED_EDGE('',*,*,#2426,.T.);
#4879=ORIENTED_EDGE('',*,*,#2874,.T.);
#4880=ORIENTED_EDGE('',*,*,#2920,.F.);
#4881=ORIENTED_EDGE('',*,*,#2828,.F.);
#4882=ORIENTED_EDGE('',*,*,#2707,.T.);
#4883=ORIENTED_EDGE('',*,*,#4865,.T.);
#4884=EDGE_LOOP('',(#4878,#4879,#4880,#4881,#4882,#4883));
#4885=FACE_BOUND('',#4884,.T.);
#4886=ADVANCED_FACE('',(#4885),#4877,.T.);
#4887=CARTESIAN_POINT('',(3.1663,0.,0.));
#4888=DIRECTION('',(-1.,0.,0.));
#4889=DIRECTION('',(0.,-1.,0.));
#4890=AXIS2_PLACEMENT_3D('',#4887,#4888,#4889);
#4891=PLANE('',#4890);
#4892=ORIENTED_EDGE('',*,*,#3154,.T.);
#4893=ORIENTED_EDGE('',*,*,#2676,.T.);
#4894=EDGE_LOOP('',(#4892,#4893));
#4895=FACE_BOUND('',#4894,.T.);
#4896=ADVANCED_FACE('',(#4895),#4891,.T.);
#4897=CARTESIAN_POINT('',(92.,-3.295,-72.315));
#4898=DIRECTION('',(0.,0.,1.));
#4899=DIRECTION('',(1.,0.,0.));
#4900=AXIS2_PLACEMENT_3D('',#4897,#4898,#4899);
#4901=PLANE('',#4900);
#4902=ORIENTED_EDGE('',*,*,#2530,.T.);
#4903=ORIENTED_EDGE('',*,*,#3325,.T.);
#4904=CARTESIAN_POINT('',(76.123655373,-0.295,-72.315));
#4905=DIRECTION('',(-1.,-0.,0.));
#4906=VECTOR('',#4905,50.247310747);
#4907=LINE('',#4904,#4906);
#4908=EDGE_CURVE('',#4098,#3314,#4907,.T.);
#4909=ORIENTED_EDGE('',*,*,#4908,.F.);
#4910=ORIENTED_EDGE('',*,*,#4125,.F.);
#4911=EDGE_LOOP('',(#4902,#4903,#4909,#4910));
#4912=FACE_BOUND('',#4911,.T.);
#4913=ADVANCED_FACE('',(#4912),#4901,.F.);
#4914=CARTESIAN_POINT('',(92.,-3.295,-68.330625));
#4915=DIRECTION('',(0.,0.,1.));
#4916=DIRECTION('',(1.,0.,0.));
#4917=AXIS2_PLACEMENT_3D('',#4914,#4915,#4916);
#4918=PLANE('',#4917);
#4919=ORIENTED_EDGE('',*,*,#3311,.F.);
#4920=ORIENTED_EDGE('',*,*,#3271,.F.);
#4921=ORIENTED_EDGE('',*,*,#4109,.T.);
#4922=CARTESIAN_POINT('',(69.222515436,-0.295,-68.330625));
#4923=DIRECTION('',(-1.,-0.,0.));
#4924=VECTOR('',#4923,36.445030872);
#4925=LINE('',#4922,#4924);
#4926=EDGE_CURVE('',#4096,#3306,#4925,.T.);
#4927=ORIENTED_EDGE('',*,*,#4926,.T.);
#4928=EDGE_LOOP('',(#4919,#4920,#4921,#4927));
#4929=FACE_BOUND('',#4928,.T.);
#4930=ADVANCED_FACE('',(#4929),#4918,.T.);
#4931=CARTESIAN_POINT('',(92.,-3.295,-72.315));
#4932=DIRECTION('',(0.,0.,1.));
#4933=DIRECTION('',(1.,0.,0.));
#4934=AXIS2_PLACEMENT_3D('',#4931,#4932,#4933);
#4935=PLANE('',#4934);
#4936=ORIENTED_EDGE('',*,*,#2160,.T.);
#4937=CARTESIAN_POINT('',(85.356270696,-0.295,-72.315));
#4938=DIRECTION('',(-1.,-0.,0.));
#4939=VECTOR('',#4938,3.232615322);
#4940=LINE('',#4937,#4939);
#4941=EDGE_CURVE('',#883,#2147,#4940,.T.);
#4942=ORIENTED_EDGE('',*,*,#4941,.F.);
#4943=ORIENTED_EDGE('',*,*,#1084,.T.);
#4944=ORIENTED_EDGE('',*,*,#2553,.T.);
#4945=EDGE_LOOP('',(#4936,#4942,#4943,#4944));
#4946=FACE_BOUND('',#4945,.T.);
#4947=ADVANCED_FACE('',(#4946),#4935,.F.);
#4948=CARTESIAN_POINT('',(92.,-3.295,-68.330625));
#4949=DIRECTION('',(0.,0.,1.));
#4950=DIRECTION('',(1.,0.,0.));
#4951=AXIS2_PLACEMENT_3D('',#4948,#4949,#4950);
#4952=PLANE('',#4951);
#4953=ORIENTED_EDGE('',*,*,#899,.F.);
#4954=CARTESIAN_POINT('',(86.970380586,-0.295,-68.330625));
#4955=DIRECTION('',(-1.,-0.,0.));
#4956=VECTOR('',#4955,11.74786515);
#4957=LINE('',#4954,#4956);
#4958=EDGE_CURVE('',#885,#2139,#4957,.T.);
#4959=ORIENTED_EDGE('',*,*,#4958,.T.);
#4960=ORIENTED_EDGE('',*,*,#2144,.F.);
#4961=ORIENTED_EDGE('',*,*,#3250,.F.);
#4962=EDGE_LOOP('',(#4953,#4959,#4960,#4961));
#4963=FACE_BOUND('',#4962,.T.);
#4964=ADVANCED_FACE('',(#4963),#4952,.T.);
#4965=CARTESIAN_POINT('',(92.,-3.295,-46.110625));
#4966=DIRECTION('',(0.,0.,1.));
#4967=DIRECTION('',(1.,0.,0.));
#4968=AXIS2_PLACEMENT_3D('',#4965,#4966,#4967);
#4969=PLANE('',#4968);
#4970=ORIENTED_EDGE('',*,*,#1229,.F.);
#4971=ORIENTED_EDGE('',*,*,#3525,.F.);
#4972=ORIENTED_EDGE('',*,*,#2080,.T.);
#4973=CARTESIAN_POINT('',(49.5,-0.295,-46.110625));
#4974=DIRECTION('',(-1.,-0.,0.));
#4975=VECTOR('',#4974,35.169543528);
#4976=LINE('',#4973,#4975);
#4977=EDGE_CURVE('',#2067,#1224,#4976,.T.);
#4978=ORIENTED_EDGE('',*,*,#4977,.T.);
#4979=EDGE_LOOP('',(#4970,#4971,#4972,#4978));
#4980=FACE_BOUND('',#4979,.T.);
#4981=ADVANCED_FACE('',(#4980),#4969,.T.);
#4982=CARTESIAN_POINT('',(92.,-3.295,-50.095));
#4983=DIRECTION('',(0.,0.,1.));
#4984=DIRECTION('',(1.,0.,0.));
#4985=AXIS2_PLACEMENT_3D('',#4982,#4983,#4984);
#4986=PLANE('',#4985);
#4987=ORIENTED_EDGE('',*,*,#3568,.T.);
#4988=ORIENTED_EDGE('',*,*,#1246,.T.);
#4989=CARTESIAN_POINT('',(42.987128844,-0.295,-50.095));
#4990=DIRECTION('',(-1.,-0.,0.));
#4991=VECTOR('',#4990,29.513201169);
#4992=LINE('',#4989,#4991);
#4993=EDGE_CURVE('',#1792,#1232,#4992,.T.);
#4994=ORIENTED_EDGE('',*,*,#4993,.F.);
#4995=ORIENTED_EDGE('',*,*,#1797,.F.);
#4996=EDGE_LOOP('',(#4987,#4988,#4994,#4995));
#4997=FACE_BOUND('',#4996,.T.);
#4998=ADVANCED_FACE('',(#4997),#4986,.F.);
#4999=CARTESIAN_POINT('',(92.,-3.295,-27.875));
#5000=DIRECTION('',(0.,0.,1.));
#5001=DIRECTION('',(1.,0.,0.));
#5002=AXIS2_PLACEMENT_3D('',#4999,#5000,#5001);
#5003=PLANE('',#5002);
#5004=ORIENTED_EDGE('',*,*,#3480,.T.);
#5005=ORIENTED_EDGE('',*,*,#1178,.T.);
#5006=CARTESIAN_POINT('',(49.5,-0.295,-27.875));
#5007=DIRECTION('',(-1.,-0.,0.));
#5008=VECTOR('',#5007,23.967667191);
#5009=LINE('',#5006,#5008);
#5010=EDGE_CURVE('',#2037,#1164,#5009,.T.);
#5011=ORIENTED_EDGE('',*,*,#5010,.F.);
#5012=ORIENTED_EDGE('',*,*,#2126,.F.);
#5013=EDGE_LOOP('',(#5004,#5005,#5011,#5012));
#5014=FACE_BOUND('',#5013,.T.);
#5015=ADVANCED_FACE('',(#5014),#5003,.F.);
#5016=CARTESIAN_POINT('',(92.,-3.295,-23.890625));
#5017=DIRECTION('',(0.,0.,1.));
#5018=DIRECTION('',(1.,0.,0.));
#5019=AXIS2_PLACEMENT_3D('',#5016,#5017,#5018);
#5020=PLANE('',#5019);
#5021=ORIENTED_EDGE('',*,*,#1161,.F.);
#5022=ORIENTED_EDGE('',*,*,#2386,.F.);
#5023=ORIENTED_EDGE('',*,*,#2050,.T.);
#5024=CARTESIAN_POINT('',(49.5,-0.295,-23.890625));
#5025=DIRECTION('',(-1.,-0.,0.));
#5026=VECTOR('',#5025,18.698657518);
#5027=LINE('',#5024,#5026);
#5028=EDGE_CURVE('',#2035,#1156,#5027,.T.);
#5029=ORIENTED_EDGE('',*,*,#5028,.T.);
#5030=EDGE_LOOP('',(#5021,#5022,#5023,#5029));
#5031=FACE_BOUND('',#5030,.T.);
#5032=ADVANCED_FACE('',(#5031),#5020,.T.);
#5033=CARTESIAN_POINT('',(92.,-3.295,-38.985));
#5034=DIRECTION('',(0.,0.,1.));
#5035=DIRECTION('',(1.,0.,0.));
#5036=AXIS2_PLACEMENT_3D('',#5033,#5034,#5035);
#5037=PLANE('',#5036);
#5038=ORIENTED_EDGE('',*,*,#3518,.T.);
#5039=ORIENTED_EDGE('',*,*,#1212,.T.);
#5040=CARTESIAN_POINT('',(49.5,-0.295,-38.985));
#5041=DIRECTION('',(-1.,-0.,0.));
#5042=VECTOR('',#5041,32.438712235);
#5043=LINE('',#5040,#5042);
#5044=EDGE_CURVE('',#2091,#1198,#5043,.T.);
#5045=ORIENTED_EDGE('',*,*,#5044,.F.);
#5046=ORIENTED_EDGE('',*,*,#2096,.F.);
#5047=EDGE_LOOP('',(#5038,#5039,#5045,#5046));
#5048=FACE_BOUND('',#5047,.T.);
#5049=ADVANCED_FACE('',(#5048),#5037,.F.);
#5050=CARTESIAN_POINT('',(92.,-3.295,-35.000625));
#5051=DIRECTION('',(0.,0.,1.));
#5052=DIRECTION('',(1.,0.,0.));
#5053=AXIS2_PLACEMENT_3D('',#5050,#5051,#5052);
#5054=PLANE('',#5053);
#5055=ORIENTED_EDGE('',*,*,#1195,.F.);
#5056=ORIENTED_EDGE('',*,*,#3473,.F.);
#5057=ORIENTED_EDGE('',*,*,#2112,.T.);
#5058=CARTESIAN_POINT('',(49.5,-0.295,-35.000625));
#5059=DIRECTION('',(-1.,-0.,0.));
#5060=VECTOR('',#5059,30.118866109);
#5061=LINE('',#5058,#5060);
#5062=EDGE_CURVE('',#2099,#1190,#5061,.T.);
#5063=ORIENTED_EDGE('',*,*,#5062,.T.);
#5064=EDGE_LOOP('',(#5055,#5056,#5057,#5063));
#5065=FACE_BOUND('',#5064,.T.);
#5066=ADVANCED_FACE('',(#5065),#5054,.T.);
#5067=CARTESIAN_POINT('',(92.,-3.295,-50.095));
#5068=DIRECTION('',(0.,0.,1.));
#5069=DIRECTION('',(1.,0.,0.));
#5070=AXIS2_PLACEMENT_3D('',#5067,#5068,#5069);
#5071=PLANE('',#5070);
#5072=ORIENTED_EDGE('',*,*,#1881,.F.);
#5073=CARTESIAN_POINT('',(88.526072325,-0.295,-50.095));
#5074=DIRECTION('',(-1.,-0.,0.));
#5075=VECTOR('',#5074,29.513201169);
#5076=LINE('',#5073,#5075);
#5077=EDGE_CURVE('',#945,#1867,#5076,.T.);
#5078=ORIENTED_EDGE('',*,*,#5077,.F.);
#5079=ORIENTED_EDGE('',*,*,#950,.T.);
#5080=ORIENTED_EDGE('',*,*,#3552,.T.);
#5081=EDGE_LOOP('',(#5072,#5078,#5079,#5080));
#5082=FACE_BOUND('',#5081,.T.);
#5083=ADVANCED_FACE('',(#5082),#5071,.F.);
#5084=CARTESIAN_POINT('',(92.,-3.295,-46.110625));
#5085=DIRECTION('',(0.,0.,1.));
#5086=DIRECTION('',(1.,0.,0.));
#5087=AXIS2_PLACEMENT_3D('',#5084,#5085,#5086);
#5088=PLANE('',#5087);
#5089=ORIENTED_EDGE('',*,*,#967,.F.);
#5090=CARTESIAN_POINT('',(87.669543528,-0.295,-46.110625));
#5091=DIRECTION('',(-1.,-0.,0.));
#5092=VECTOR('',#5091,35.169543528);
#5093=LINE('',#5090,#5092);
#5094=EDGE_CURVE('',#953,#1999,#5093,.T.);
#5095=ORIENTED_EDGE('',*,*,#5094,.T.);
#5096=ORIENTED_EDGE('',*,*,#2004,.T.);
#5097=ORIENTED_EDGE('',*,*,#3508,.F.);
#5098=EDGE_LOOP('',(#5089,#5095,#5096,#5097));
#5099=FACE_BOUND('',#5098,.T.);
#5100=ADVANCED_FACE('',(#5099),#5088,.T.);
#5101=CARTESIAN_POINT('',(92.,-3.295,-27.875));
#5102=DIRECTION('',(0.,0.,1.));
#5103=DIRECTION('',(1.,0.,0.));
#5104=AXIS2_PLACEMENT_3D('',#5101,#5102,#5103);
#5105=PLANE('',#5104);
#5106=ORIENTED_EDGE('',*,*,#1956,.F.);
#5107=CARTESIAN_POINT('',(76.467667191,-0.295,-27.875));
#5108=DIRECTION('',(-1.,-0.,0.));
#5109=VECTOR('',#5108,23.967667191);
#5110=LINE('',#5107,#5109);
#5111=EDGE_CURVE('',#1013,#1943,#5110,.T.);
#5112=ORIENTED_EDGE('',*,*,#5111,.F.);
#5113=ORIENTED_EDGE('',*,*,#1018,.T.);
#5114=ORIENTED_EDGE('',*,*,#3459,.T.);
#5115=EDGE_LOOP('',(#5106,#5112,#5113,#5114));
#5116=FACE_BOUND('',#5115,.T.);
#5117=ADVANCED_FACE('',(#5116),#5105,.F.);
#5118=CARTESIAN_POINT('',(92.,-3.295,-23.890625));
#5119=DIRECTION('',(0.,0.,1.));
#5120=DIRECTION('',(1.,0.,0.));
#5121=AXIS2_PLACEMENT_3D('',#5118,#5119,#5120);
#5122=PLANE('',#5121);
#5123=ORIENTED_EDGE('',*,*,#1035,.F.);
#5124=CARTESIAN_POINT('',(71.198657518,-0.295,-23.890625));
#5125=DIRECTION('',(-1.,-0.,0.));
#5126=VECTOR('',#5125,18.698657518);
#5127=LINE('',#5124,#5126);
#5128=EDGE_CURVE('',#1021,#1933,#5127,.T.);
#5129=ORIENTED_EDGE('',*,*,#5128,.T.);
#5130=ORIENTED_EDGE('',*,*,#1940,.T.);
#5131=ORIENTED_EDGE('',*,*,#2396,.F.);
#5132=EDGE_LOOP('',(#5123,#5129,#5130,#5131));
#5133=FACE_BOUND('',#5132,.T.);
#5134=ADVANCED_FACE('',(#5133),#5122,.T.);
#5135=CARTESIAN_POINT('',(92.,-3.295,-35.000625));
#5136=DIRECTION('',(0.,0.,1.));
#5137=DIRECTION('',(1.,0.,0.));
#5138=AXIS2_PLACEMENT_3D('',#5135,#5136,#5137);
#5139=PLANE('',#5138);
#5140=ORIENTED_EDGE('',*,*,#1001,.F.);
#5141=CARTESIAN_POINT('',(82.618866109,-0.295,-35.000625));
#5142=DIRECTION('',(-1.,-0.,0.));
#5143=VECTOR('',#5142,30.118866109);
#5144=LINE('',#5141,#5143);
#5145=EDGE_CURVE('',#987,#1967,#5144,.T.);
#5146=ORIENTED_EDGE('',*,*,#5145,.T.);
#5147=ORIENTED_EDGE('',*,*,#1972,.T.);
#5148=ORIENTED_EDGE('',*,*,#3452,.F.);
#5149=EDGE_LOOP('',(#5140,#5146,#5147,#5148));
#5150=FACE_BOUND('',#5149,.T.);
#5151=ADVANCED_FACE('',(#5150),#5139,.T.);
#5152=CARTESIAN_POINT('',(92.,-3.295,-38.985));
#5153=DIRECTION('',(0.,0.,1.));
#5154=DIRECTION('',(1.,0.,0.));
#5155=AXIS2_PLACEMENT_3D('',#5152,#5153,#5154);
#5156=PLANE('',#5155);
#5157=ORIENTED_EDGE('',*,*,#1988,.F.);
#5158=CARTESIAN_POINT('',(84.938712235,-0.295,-38.985));
#5159=DIRECTION('',(-1.,-0.,0.));
#5160=VECTOR('',#5159,32.438712235);
#5161=LINE('',#5158,#5160);
#5162=EDGE_CURVE('',#979,#1975,#5161,.T.);
#5163=ORIENTED_EDGE('',*,*,#5162,.F.);
#5164=ORIENTED_EDGE('',*,*,#984,.T.);
#5165=ORIENTED_EDGE('',*,*,#3501,.T.);
#5166=EDGE_LOOP('',(#5157,#5163,#5164,#5165));
#5167=FACE_BOUND('',#5166,.T.);
#5168=ADVANCED_FACE('',(#5167),#5156,.F.);
#5169=CARTESIAN_POINT('',(92.,-3.295,-83.425));
#5170=DIRECTION('',(0.,0.,1.));
#5171=DIRECTION('',(1.,0.,0.));
#5172=AXIS2_PLACEMENT_3D('',#5169,#5170,#5171);
#5173=PLANE('',#5172);
#5174=ORIENTED_EDGE('',*,*,#3142,.T.);
#5175=CARTESIAN_POINT('',(24.615712021,-0.295,-83.425));
#5176=VERTEX_POINT('',#5175);
#5177=CARTESIAN_POINT('',(24.615712021,-4.295,-83.425));
#5178=DIRECTION('',(0.,1.,0.));
#5179=VECTOR('',#5178,4.);
#5180=LINE('',#5177,#5179);
#5181=EDGE_CURVE('',#3130,#5176,#5180,.T.);
#5182=ORIENTED_EDGE('',*,*,#5181,.T.);
#5183=CARTESIAN_POINT('',(77.384287979,-0.295,-83.425));
#5184=DIRECTION('',(-1.,-0.,0.));
#5185=VECTOR('',#5184,52.768575958);
#5186=LINE('',#5183,#5185);
#5187=EDGE_CURVE('',#3369,#5176,#5186,.T.);
#5188=ORIENTED_EDGE('',*,*,#5187,.F.);
#5189=ORIENTED_EDGE('',*,*,#3374,.T.);
#5190=EDGE_LOOP('',(#5174,#5182,#5188,#5189));
#5191=FACE_BOUND('',#5190,.T.);
#5192=ADVANCED_FACE('',(#5191),#5173,.F.);
#5193=CARTESIAN_POINT('',(92.,-3.295,-79.440625));
#5194=DIRECTION('',(0.,0.,1.));
#5195=DIRECTION('',(1.,0.,0.));
#5196=AXIS2_PLACEMENT_3D('',#5193,#5194,#5195);
#5197=PLANE('',#5196);
#5198=CARTESIAN_POINT('',(21.030375244,-0.295,-79.440625));
#5199=VERTEX_POINT('',#5198);
#5200=CARTESIAN_POINT('',(21.030375244,-4.295,-79.440625));
#5201=DIRECTION('',(-0.,1.,-0.));
#5202=VECTOR('',#5201,4.);
#5203=LINE('',#5200,#5202);
#5204=EDGE_CURVE('',#2500,#5199,#5203,.T.);
#5205=ORIENTED_EDGE('',*,*,#5204,.F.);
#5206=ORIENTED_EDGE('',*,*,#2505,.F.);
#5207=ORIENTED_EDGE('',*,*,#3389,.F.);
#5208=CARTESIAN_POINT('',(80.969624756,-0.295,-79.440625));
#5209=DIRECTION('',(-1.,-0.,0.));
#5210=VECTOR('',#5209,59.939249512);
#5211=LINE('',#5208,#5210);
#5212=EDGE_CURVE('',#3377,#5199,#5211,.T.);
#5213=ORIENTED_EDGE('',*,*,#5212,.T.);
#5214=EDGE_LOOP('',(#5205,#5206,#5207,#5213));
#5215=FACE_BOUND('',#5214,.T.);
#5216=ADVANCED_FACE('',(#5215),#5197,.T.);
#5217=CARTESIAN_POINT('',(92.,-3.295,-68.330625));
#5218=DIRECTION('',(0.,0.,1.));
#5219=DIRECTION('',(1.,0.,0.));
#5220=AXIS2_PLACEMENT_3D('',#5217,#5218,#5219);
#5221=PLANE('',#5220);
#5222=ORIENTED_EDGE('',*,*,#3234,.F.);
#5223=ORIENTED_EDGE('',*,*,#690,.T.);
#5224=CARTESIAN_POINT('',(26.777484564,-0.295,-68.330625));
#5225=DIRECTION('',(-1.,-0.,0.));
#5226=VECTOR('',#5225,11.74786515);
#5227=LINE('',#5224,#5226);
#5228=EDGE_CURVE('',#675,#1097,#5227,.T.);
#5229=ORIENTED_EDGE('',*,*,#5228,.T.);
#5230=ORIENTED_EDGE('',*,*,#1102,.F.);
#5231=EDGE_LOOP('',(#5222,#5223,#5229,#5230));
#5232=FACE_BOUND('',#5231,.T.);
#5233=ADVANCED_FACE('',(#5232),#5221,.T.);
#5234=CARTESIAN_POINT('',(92.,-3.295,-72.315));
#5235=DIRECTION('',(0.,0.,1.));
#5236=DIRECTION('',(1.,0.,0.));
#5237=AXIS2_PLACEMENT_3D('',#5234,#5235,#5236);
#5238=PLANE('',#5237);
#5239=ORIENTED_EDGE('',*,*,#752,.F.);
#5240=ORIENTED_EDGE('',*,*,#2491,.T.);
#5241=ORIENTED_EDGE('',*,*,#1119,.T.);
#5242=CARTESIAN_POINT('',(19.876344627,-0.295,-72.315));
#5243=DIRECTION('',(-1.,-0.,0.));
#5244=VECTOR('',#5243,3.232615323);
#5245=LINE('',#5242,#5244);
#5246=EDGE_CURVE('',#677,#1105,#5245,.T.);
#5247=ORIENTED_EDGE('',*,*,#5246,.F.);
#5248=EDGE_LOOP('',(#5239,#5240,#5241,#5247));
#5249=FACE_BOUND('',#5248,.T.);
#5250=ADVANCED_FACE('',(#5249),#5238,.F.);
#5251=CARTESIAN_POINT('',(92.,-3.295,-61.205));
#5252=DIRECTION('',(0.,0.,1.));
#5253=DIRECTION('',(1.,0.,0.));
#5254=AXIS2_PLACEMENT_3D('',#5251,#5252,#5253);
#5255=PLANE('',#5254);
#5256=ORIENTED_EDGE('',*,*,#2190,.T.);
#5257=CARTESIAN_POINT('',(88.652514128,-0.295,-61.205));
#5258=DIRECTION('',(-1.,-0.,0.));
#5259=VECTOR('',#5258,25.771943227);
#5260=LINE('',#5257,#5259);
#5261=EDGE_CURVE('',#911,#2177,#5260,.T.);
#5262=ORIENTED_EDGE('',*,*,#5261,.F.);
#5263=ORIENTED_EDGE('',*,*,#916,.T.);
#5264=ORIENTED_EDGE('',*,*,#3243,.T.);
#5265=EDGE_LOOP('',(#5256,#5262,#5263,#5264));
#5266=FACE_BOUND('',#5265,.T.);
#5267=ADVANCED_FACE('',(#5266),#5255,.F.);
#5268=CARTESIAN_POINT('',(92.,-3.295,-57.220625));
#5269=DIRECTION('',(0.,0.,1.));
#5270=DIRECTION('',(1.,0.,0.));
#5271=AXIS2_PLACEMENT_3D('',#5268,#5269,#5270);
#5272=PLANE('',#5271);
#5273=ORIENTED_EDGE('',*,*,#933,.F.);
#5274=CARTESIAN_POINT('',(88.982811257,-0.295,-57.220625));
#5275=DIRECTION('',(-1.,-0.,0.));
#5276=VECTOR('',#5275,28.048328331);
#5277=LINE('',#5274,#5276);
#5278=EDGE_CURVE('',#919,#1893,#5277,.T.);
#5279=ORIENTED_EDGE('',*,*,#5278,.T.);
#5280=ORIENTED_EDGE('',*,*,#1898,.T.);
#5281=ORIENTED_EDGE('',*,*,#3545,.F.);
#5282=EDGE_LOOP('',(#5273,#5279,#5280,#5281));
#5283=FACE_BOUND('',#5282,.T.);
#5284=ADVANCED_FACE('',(#5283),#5272,.T.);
#5285=CARTESIAN_POINT('',(92.,-3.295,-57.220625));
#5286=DIRECTION('',(0.,0.,1.));
#5287=DIRECTION('',(1.,0.,0.));
#5288=AXIS2_PLACEMENT_3D('',#5285,#5286,#5287);
#5289=PLANE('',#5288);
#5290=ORIENTED_EDGE('',*,*,#1263,.F.);
#5291=ORIENTED_EDGE('',*,*,#3561,.F.);
#5292=ORIENTED_EDGE('',*,*,#1839,.T.);
#5293=CARTESIAN_POINT('',(41.065517073,-0.295,-57.220625));
#5294=DIRECTION('',(-1.,-0.,0.));
#5295=VECTOR('',#5294,28.048328331);
#5296=LINE('',#5293,#5295);
#5297=EDGE_CURVE('',#1825,#1258,#5296,.T.);
#5298=ORIENTED_EDGE('',*,*,#5297,.T.);
#5299=EDGE_LOOP('',(#5290,#5291,#5292,#5298));
#5300=FACE_BOUND('',#5299,.T.);
#5301=ADVANCED_FACE('',(#5300),#5289,.T.);
#5302=CARTESIAN_POINT('',(92.,-3.295,-61.205));
#5303=DIRECTION('',(0.,0.,1.));
#5304=DIRECTION('',(1.,0.,0.));
#5305=AXIS2_PLACEMENT_3D('',#5302,#5303,#5304);
#5306=PLANE('',#5305);
#5307=ORIENTED_EDGE('',*,*,#706,.F.);
#5308=ORIENTED_EDGE('',*,*,#3227,.T.);
#5309=ORIENTED_EDGE('',*,*,#1280,.T.);
#5310=CARTESIAN_POINT('',(39.119429101,-0.295,-61.205));
#5311=DIRECTION('',(-1.,-0.,0.));
#5312=VECTOR('',#5311,25.771943229);
#5313=LINE('',#5310,#5312);
#5314=EDGE_CURVE('',#701,#1266,#5313,.T.);
#5315=ORIENTED_EDGE('',*,*,#5314,.F.);
#5316=EDGE_LOOP('',(#5307,#5308,#5309,#5315));
#5317=FACE_BOUND('',#5316,.T.);
#5318=ADVANCED_FACE('',(#5317),#5306,.F.);
#5319=CARTESIAN_POINT('',(92.,-0.295,-70.3228125));
#5320=DIRECTION('',(0.,1.,0.));
#5321=DIRECTION('',(0.,0.,1.));
#5322=AXIS2_PLACEMENT_3D('',#5319,#5320,#5321);
#5323=PLANE('',#5322);
#5324=ORIENTED_EDGE('',*,*,#3319,.F.);
#5325=ORIENTED_EDGE('',*,*,#4926,.F.);
#5326=ORIENTED_EDGE('',*,*,#4103,.T.);
#5327=ORIENTED_EDGE('',*,*,#4908,.T.);
#5328=EDGE_LOOP('',(#5324,#5325,#5326,#5327));
#5329=FACE_BOUND('',#5328,.T.);
#5330=ADVANCED_FACE('',(#5329),#5323,.T.);
#5331=CARTESIAN_POINT('',(92.,-0.295,-59.2128125));
#5332=DIRECTION('',(0.,-1.,0.));
#5333=DIRECTION('',(0.,0.,-1.));
#5334=AXIS2_PLACEMENT_3D('',#5331,#5332,#5333);
#5335=PLANE('',#5334);
#5336=ORIENTED_EDGE('',*,*,#5278,.F.);
#5337=ORIENTED_EDGE('',*,*,#925,.T.);
#5338=ORIENTED_EDGE('',*,*,#5261,.T.);
#5339=ORIENTED_EDGE('',*,*,#2182,.T.);
#5340=ORIENTED_EDGE('',*,*,#1907,.F.);
#5341=EDGE_LOOP('',(#5336,#5337,#5338,#5339,#5340));
#5342=FACE_BOUND('',#5341,.T.);
#5343=ADVANCED_FACE('',(#5342),#5335,.F.);
#5344=CARTESIAN_POINT('',(92.,-0.295,-70.3228125));
#5345=DIRECTION('',(0.,1.,0.));
#5346=DIRECTION('',(0.,0.,1.));
#5347=AXIS2_PLACEMENT_3D('',#5344,#5345,#5346);
#5348=PLANE('',#5347);
#5349=ORIENTED_EDGE('',*,*,#891,.F.);
#5350=ORIENTED_EDGE('',*,*,#4941,.T.);
#5351=ORIENTED_EDGE('',*,*,#2152,.F.);
#5352=ORIENTED_EDGE('',*,*,#4958,.F.);
#5353=EDGE_LOOP('',(#5349,#5350,#5351,#5352));
#5354=FACE_BOUND('',#5353,.T.);
#5355=ADVANCED_FACE('',(#5354),#5348,.T.);
#5356=CARTESIAN_POINT('',(92.,-0.295,-36.9928125));
#5357=DIRECTION('',(0.,1.,0.));
#5358=DIRECTION('',(0.,0.,1.));
#5359=AXIS2_PLACEMENT_3D('',#5356,#5357,#5358);
#5360=PLANE('',#5359);
#5361=ORIENTED_EDGE('',*,*,#1204,.F.);
#5362=ORIENTED_EDGE('',*,*,#5062,.F.);
#5363=ORIENTED_EDGE('',*,*,#2104,.T.);
#5364=ORIENTED_EDGE('',*,*,#5044,.T.);
#5365=EDGE_LOOP('',(#5361,#5362,#5363,#5364));
#5366=FACE_BOUND('',#5365,.T.);
#5367=ADVANCED_FACE('',(#5366),#5360,.T.);
#5368=CARTESIAN_POINT('',(92.,-0.295,-48.1028125));
#5369=DIRECTION('',(0.,-1.,0.));
#5370=DIRECTION('',(0.,0.,-1.));
#5371=AXIS2_PLACEMENT_3D('',#5368,#5369,#5370);
#5372=PLANE('',#5371);
#5373=ORIENTED_EDGE('',*,*,#4993,.T.);
#5374=ORIENTED_EDGE('',*,*,#1238,.T.);
#5375=ORIENTED_EDGE('',*,*,#4977,.F.);
#5376=ORIENTED_EDGE('',*,*,#2072,.F.);
#5377=ORIENTED_EDGE('',*,*,#1806,.F.);
#5378=EDGE_LOOP('',(#5373,#5374,#5375,#5376,#5377));
#5379=FACE_BOUND('',#5378,.T.);
#5380=ADVANCED_FACE('',(#5379),#5372,.F.);
#5381=CARTESIAN_POINT('',(92.,-0.295,-25.8828125));
#5382=DIRECTION('',(0.,1.,0.));
#5383=DIRECTION('',(0.,0.,1.));
#5384=AXIS2_PLACEMENT_3D('',#5381,#5382,#5383);
#5385=PLANE('',#5384);
#5386=ORIENTED_EDGE('',*,*,#1170,.F.);
#5387=ORIENTED_EDGE('',*,*,#5028,.F.);
#5388=ORIENTED_EDGE('',*,*,#2042,.T.);
#5389=ORIENTED_EDGE('',*,*,#5010,.T.);
#5390=EDGE_LOOP('',(#5386,#5387,#5388,#5389));
#5391=FACE_BOUND('',#5390,.T.);
#5392=ADVANCED_FACE('',(#5391),#5385,.T.);
#5393=CARTESIAN_POINT('',(92.,-0.295,-36.9928125));
#5394=DIRECTION('',(0.,1.,0.));
#5395=DIRECTION('',(0.,0.,1.));
#5396=AXIS2_PLACEMENT_3D('',#5393,#5394,#5395);
#5397=PLANE('',#5396);
#5398=ORIENTED_EDGE('',*,*,#993,.F.);
#5399=ORIENTED_EDGE('',*,*,#5162,.T.);
#5400=ORIENTED_EDGE('',*,*,#1980,.T.);
#5401=ORIENTED_EDGE('',*,*,#5145,.F.);
#5402=EDGE_LOOP('',(#5398,#5399,#5400,#5401));
#5403=FACE_BOUND('',#5402,.T.);
#5404=ADVANCED_FACE('',(#5403),#5397,.T.);
#5405=CARTESIAN_POINT('',(92.,-0.295,-48.1028125));
#5406=DIRECTION('',(0.,-1.,0.));
#5407=DIRECTION('',(0.,0.,-1.));
#5408=AXIS2_PLACEMENT_3D('',#5405,#5406,#5407);
#5409=PLANE('',#5408);
#5410=ORIENTED_EDGE('',*,*,#5094,.F.);
#5411=ORIENTED_EDGE('',*,*,#959,.T.);
#5412=ORIENTED_EDGE('',*,*,#5077,.T.);
#5413=ORIENTED_EDGE('',*,*,#1873,.F.);
#5414=ORIENTED_EDGE('',*,*,#2010,.F.);
#5415=EDGE_LOOP('',(#5410,#5411,#5412,#5413,#5414));
#5416=FACE_BOUND('',#5415,.T.);
#5417=ADVANCED_FACE('',(#5416),#5409,.F.);
#5418=CARTESIAN_POINT('',(92.,-0.295,-25.8828125));
#5419=DIRECTION('',(0.,1.,0.));
#5420=DIRECTION('',(0.,0.,1.));
#5421=AXIS2_PLACEMENT_3D('',#5418,#5419,#5420);
#5422=PLANE('',#5421);
#5423=ORIENTED_EDGE('',*,*,#1027,.F.);
#5424=ORIENTED_EDGE('',*,*,#5111,.T.);
#5425=ORIENTED_EDGE('',*,*,#1948,.T.);
#5426=ORIENTED_EDGE('',*,*,#5128,.F.);
#5427=EDGE_LOOP('',(#5423,#5424,#5425,#5426));
#5428=FACE_BOUND('',#5427,.T.);
#5429=ADVANCED_FACE('',(#5428),#5422,.T.);
#5430=CARTESIAN_POINT('',(92.,-0.295,-59.2128125));
#5431=DIRECTION('',(0.,-1.,0.));
#5432=DIRECTION('',(0.,0.,-1.));
#5433=AXIS2_PLACEMENT_3D('',#5430,#5431,#5432);
#5434=PLANE('',#5433);
#5435=ORIENTED_EDGE('',*,*,#5314,.T.);
#5436=ORIENTED_EDGE('',*,*,#1272,.T.);
#5437=ORIENTED_EDGE('',*,*,#5297,.F.);
#5438=ORIENTED_EDGE('',*,*,#1831,.F.);
#5439=ORIENTED_EDGE('',*,*,#714,.F.);
#5440=EDGE_LOOP('',(#5435,#5436,#5437,#5438,#5439));
#5441=FACE_BOUND('',#5440,.T.);
#5442=ADVANCED_FACE('',(#5441),#5434,.F.);
#5443=CARTESIAN_POINT('',(92.,-0.295,-70.3228125));
#5444=DIRECTION('',(0.,1.,0.));
#5445=DIRECTION('',(0.,0.,1.));
#5446=AXIS2_PLACEMENT_3D('',#5443,#5444,#5445);
#5447=PLANE('',#5446);
#5448=ORIENTED_EDGE('',*,*,#5228,.F.);
#5449=ORIENTED_EDGE('',*,*,#682,.T.);
#5450=ORIENTED_EDGE('',*,*,#5246,.T.);
#5451=ORIENTED_EDGE('',*,*,#1111,.F.);
#5452=EDGE_LOOP('',(#5448,#5449,#5450,#5451));
#5453=FACE_BOUND('',#5452,.T.);
#5454=ADVANCED_FACE('',(#5453),#5447,.T.);
#5455=CARTESIAN_POINT('',(92.,-0.295,-81.4328125));
#5456=DIRECTION('',(0.,1.,0.));
#5457=DIRECTION('',(0.,0.,1.));
#5458=AXIS2_PLACEMENT_3D('',#5455,#5456,#5457);
#5459=PLANE('',#5458);
#5460=CARTESIAN_POINT('',(51.,-0.295,-56.0778));
#5461=DIRECTION('',(0.,-1.,0.));
#5462=DIRECTION('',(0.,0.,-1.));
#5463=AXIS2_PLACEMENT_3D('',#5460,#5461,#5462);
#5464=CIRCLE('',#5463,38.);
#5465=EDGE_CURVE('',#5199,#5176,#5464,.T.);
#5466=ORIENTED_EDGE('',*,*,#5465,.F.);
#5467=ORIENTED_EDGE('',*,*,#5212,.F.);
#5468=ORIENTED_EDGE('',*,*,#3383,.F.);
#5469=ORIENTED_EDGE('',*,*,#5187,.T.);
#5470=EDGE_LOOP('',(#5466,#5467,#5468,#5469));
#5471=FACE_BOUND('',#5470,.T.);
#5472=ADVANCED_FACE('',(#5471),#5459,.T.);
#5473=CARTESIAN_POINT('',(62.5025,0.,0.));
#5474=DIRECTION('',(1.,0.,0.));
#5475=DIRECTION('',(0.,1.,0.));
#5476=AXIS2_PLACEMENT_3D('',#5473,#5474,#5475);
#5477=PLANE('',#5476);
#5478=ORIENTED_EDGE('',*,*,#651,.T.);
#5479=ORIENTED_EDGE('',*,*,#1631,.F.);
#5480=ORIENTED_EDGE('',*,*,#1662,.F.);
#5481=ORIENTED_EDGE('',*,*,#1583,.F.);
#5482=EDGE_LOOP('',(#5478,#5479,#5480,#5481));
#5483=FACE_BOUND('',#5482,.T.);
#5484=ADVANCED_FACE('',(#5483),#5477,.T.);
#5485=CARTESIAN_POINT('',(62.5025,0.,0.));
#5486=DIRECTION('',(1.,0.,0.));
#5487=DIRECTION('',(0.,1.,0.));
#5488=AXIS2_PLACEMENT_3D('',#5485,#5486,#5487);
#5489=PLANE('',#5488);
#5490=ORIENTED_EDGE('',*,*,#620,.T.);
#5491=ORIENTED_EDGE('',*,*,#1511,.F.);
#5492=ORIENTED_EDGE('',*,*,#1728,.F.);
#5493=ORIENTED_EDGE('',*,*,#1463,.F.);
#5494=EDGE_LOOP('',(#5490,#5491,#5492,#5493));
#5495=FACE_BOUND('',#5494,.T.);
#5496=ADVANCED_FACE('',(#5495),#5489,.T.);
#5497=CARTESIAN_POINT('',(62.5025,0.,0.));
#5498=DIRECTION('',(1.,0.,0.));
#5499=DIRECTION('',(0.,1.,0.));
#5500=AXIS2_PLACEMENT_3D('',#5497,#5498,#5499);
#5501=PLANE('',#5500);
#5502=ORIENTED_EDGE('',*,*,#816,.F.);
#5503=ORIENTED_EDGE('',*,*,#1684,.F.);
#5504=ORIENTED_EDGE('',*,*,#768,.F.);
#5505=ORIENTED_EDGE('',*,*,#595,.F.);
#5506=EDGE_LOOP('',(#5502,#5503,#5504,#5505));
#5507=FACE_BOUND('',#5506,.T.);
#5508=ADVANCED_FACE('',(#5507),#5501,.T.);
#5509=CARTESIAN_POINT('',(62.5025,0.,0.));
#5510=DIRECTION('',(1.,0.,0.));
#5511=DIRECTION('',(0.,1.,0.));
#5512=AXIS2_PLACEMENT_3D('',#5509,#5510,#5511);
#5513=PLANE('',#5512);
#5514=ORIENTED_EDGE('',*,*,#856,.F.);
#5515=ORIENTED_EDGE('',*,*,#1706,.F.);
#5516=ORIENTED_EDGE('',*,*,#1543,.F.);
#5517=ORIENTED_EDGE('',*,*,#564,.F.);
#5518=EDGE_LOOP('',(#5514,#5515,#5516,#5517));
#5519=FACE_BOUND('',#5518,.T.);
#5520=ADVANCED_FACE('',(#5519),#5513,.T.);
#5521=CARTESIAN_POINT('',(62.5025,0.,0.));
#5522=DIRECTION('',(1.,0.,0.));
#5523=DIRECTION('',(0.,1.,0.));
#5524=AXIS2_PLACEMENT_3D('',#5521,#5522,#5523);
#5525=PLANE('',#5524);
#5526=ORIENTED_EDGE('',*,*,#527,.T.);
#5527=ORIENTED_EDGE('',*,*,#1431,.F.);
#5528=ORIENTED_EDGE('',*,*,#1750,.F.);
#5529=ORIENTED_EDGE('',*,*,#1383,.F.);
#5530=EDGE_LOOP('',(#5526,#5527,#5528,#5529));
#5531=FACE_BOUND('',#5530,.T.);
#5532=ADVANCED_FACE('',(#5531),#5525,.T.);
#5533=CARTESIAN_POINT('',(62.5025,0.,0.));
#5534=DIRECTION('',(1.,0.,0.));
#5535=DIRECTION('',(0.,1.,0.));
#5536=AXIS2_PLACEMENT_3D('',#5533,#5534,#5535);
#5537=PLANE('',#5536);
#5538=ORIENTED_EDGE('',*,*,#496,.T.);
#5539=ORIENTED_EDGE('',*,*,#1351,.F.);
#5540=ORIENTED_EDGE('',*,*,#1772,.F.);
#5541=ORIENTED_EDGE('',*,*,#1303,.F.);
#5542=EDGE_LOOP('',(#5538,#5539,#5540,#5541));
#5543=FACE_BOUND('',#5542,.T.);
#5544=ADVANCED_FACE('',(#5543),#5537,.T.);
#5545=CARTESIAN_POINT('',(0.,-0.695,0.));
#5546=DIRECTION('',(0.,-1.,0.));
#5547=DIRECTION('',(0.,0.,-1.));
#5548=AXIS2_PLACEMENT_3D('',#5545,#5546,#5547);
#5549=PLANE('',#5548);
#5550=ORIENTED_EDGE('',*,*,#2293,.T.);
#5551=ORIENTED_EDGE('',*,*,#2331,.T.);
#5552=ORIENTED_EDGE('',*,*,#4237,.T.);
#5553=ORIENTED_EDGE('',*,*,#4261,.T.);
#5554=ORIENTED_EDGE('',*,*,#4285,.T.);
#5555=ORIENTED_EDGE('',*,*,#4302,.T.);
#5556=EDGE_LOOP('',(#5550,#5551,#5552,#5553,#5554,#5555));
#5557=FACE_BOUND('',#5556,.T.);
#5558=ORIENTED_EDGE('',*,*,#470,.T.);
#5559=EDGE_LOOP('',(#5558));
#5560=FACE_BOUND('',#5559,.T.);
#5561=ADVANCED_FACE('',(#5557,#5560),#5549,.T.);
#5562=CARTESIAN_POINT('',(0.,-0.695,0.));
#5563=DIRECTION('',(0.,-1.,0.));
#5564=DIRECTION('',(0.,0.,-1.));
#5565=AXIS2_PLACEMENT_3D('',#5562,#5563,#5564);
#5566=PLANE('',#5565);
#5567=ORIENTED_EDGE('',*,*,#2214,.F.);
#5568=ORIENTED_EDGE('',*,*,#4148,.F.);
#5569=ORIENTED_EDGE('',*,*,#4172,.F.);
#5570=ORIENTED_EDGE('',*,*,#4196,.F.);
#5571=ORIENTED_EDGE('',*,*,#4213,.F.);
#5572=ORIENTED_EDGE('',*,*,#2253,.F.);
#5573=EDGE_LOOP('',(#5567,#5568,#5569,#5570,#5571,#5572));
#5574=FACE_BOUND('',#5573,.T.);
#5575=ORIENTED_EDGE('',*,*,#437,.T.);
#5576=EDGE_LOOP('',(#5575));
#5577=FACE_BOUND('',#5576,.T.);
#5578=ADVANCED_FACE('',(#5574,#5577),#5566,.T.);
#5579=CARTESIAN_POINT('',(91.7264,-4.295,-11.7806));
#5580=DIRECTION('',(1.,0.,0.));
#5581=DIRECTION('',(0.,0.,-1.));
#5582=AXIS2_PLACEMENT_3D('',#5579,#5580,#5581);
#5583=PLANE('',#5582);
#5584=CARTESIAN_POINT('',(91.7264,3.175,-10.7806125));
#5585=DIRECTION('',(0.,0.,-1.));
#5586=VECTOR('',#5585,2.);
#5587=LINE('',#5584,#5586);
#5588=EDGE_CURVE('',#4700,#393,#5587,.T.);
#5589=ORIENTED_EDGE('',*,*,#5588,.T.);
#5590=ORIENTED_EDGE('',*,*,#398,.F.);
#5591=ORIENTED_EDGE('',*,*,#2739,.F.);
#5592=ORIENTED_EDGE('',*,*,#4705,.T.);
#5593=EDGE_LOOP('',(#5589,#5590,#5591,#5592));
#5594=FACE_BOUND('',#5593,.T.);
#5595=ADVANCED_FACE('',(#5594),#5583,.F.);
#5596=CARTESIAN_POINT('',(7.,-4.295,-11.7806));
#5597=DIRECTION('',(-1.,0.,0.));
#5598=DIRECTION('',(0.,0.,1.));
#5599=AXIS2_PLACEMENT_3D('',#5596,#5597,#5598);
#5600=PLANE('',#5599);
#5601=CARTESIAN_POINT('',(7.,3.175,-12.7806125));
#5602=DIRECTION('',(0.,0.,1.));
#5603=VECTOR('',#5602,2.);
#5604=LINE('',#5601,#5603);
#5605=EDGE_CURVE('',#345,#4315,#5604,.T.);
#5606=ORIENTED_EDGE('',*,*,#5605,.T.);
#5607=ORIENTED_EDGE('',*,*,#4320,.F.);
#5608=ORIENTED_EDGE('',*,*,#2780,.F.);
#5609=ORIENTED_EDGE('',*,*,#350,.T.);
#5610=EDGE_LOOP('',(#5606,#5607,#5608,#5609));
#5611=FACE_BOUND('',#5610,.T.);
#5612=ADVANCED_FACE('',(#5611),#5600,.F.);
#5613=CARTESIAN_POINT('',(0.,0.175,0.));
#5614=DIRECTION('',(0.,1.,0.));
#5615=DIRECTION('',(0.,0.,1.));
#5616=AXIS2_PLACEMENT_3D('',#5613,#5614,#5615);
#5617=PLANE('',#5616);
#5618=ORIENTED_EDGE('',*,*,#76,.F.);
#5619=ORIENTED_EDGE('',*,*,#3616,.F.);
#5620=ORIENTED_EDGE('',*,*,#3778,.F.);
#5621=ORIENTED_EDGE('',*,*,#4010,.F.);
#5622=ORIENTED_EDGE('',*,*,#4031,.T.);
#5623=ORIENTED_EDGE('',*,*,#3965,.T.);
#5624=ORIENTED_EDGE('',*,*,#3795,.F.);
#5625=ORIENTED_EDGE('',*,*,#2572,.T.);
#5626=EDGE_LOOP('',(#5618,#5619,#5620,#5621,#5622,#5623,#5624,#5625));
#5627=FACE_BOUND('',#5626,.T.);
#5628=ADVANCED_FACE('',(#5627),#5617,.F.);
#5629=CARTESIAN_POINT('',(0.,3.175,0.));
#5630=DIRECTION('',(0.,1.,0.));
#5631=DIRECTION('',(0.,0.,1.));
#5632=AXIS2_PLACEMENT_3D('',#5629,#5630,#5631);
#5633=PLANE('',#5632);
#5634=ORIENTED_EDGE('',*,*,#4367,.T.);
#5635=EDGE_LOOP('',(#5634));
#5636=FACE_BOUND('',#5635,.T.);
#5637=ORIENTED_EDGE('',*,*,#406,.F.);
#5638=ORIENTED_EDGE('',*,*,#5588,.F.);
#5639=ORIENTED_EDGE('',*,*,#4720,.F.);
#5640=ORIENTED_EDGE('',*,*,#4825,.F.);
#5641=ORIENTED_EDGE('',*,*,#4847,.F.);
#5642=ORIENTED_EDGE('',*,*,#4801,.F.);
#5643=EDGE_LOOP('',(#5637,#5638,#5639,#5640,#5641,#5642));
#5644=FACE_BOUND('',#5643,.T.);
#5645=ORIENTED_EDGE('',*,*,#4785,.F.);
#5646=ORIENTED_EDGE('',*,*,#4760,.F.);
#5647=ORIENTED_EDGE('',*,*,#4736,.F.);
#5648=ORIENTED_EDGE('',*,*,#4328,.T.);
#5649=ORIENTED_EDGE('',*,*,#5605,.F.);
#5650=ORIENTED_EDGE('',*,*,#372,.T.);
#5651=EDGE_LOOP('',(#5645,#5646,#5647,#5648,#5649,#5650));
#5652=FACE_BOUND('',#5651,.T.);
#5653=ORIENTED_EDGE('',*,*,#3430,.F.);
#5654=CARTESIAN_POINT('',(51.,3.175,-56.0778));
#5655=DIRECTION('',(0.,-1.,0.));
#5656=DIRECTION('',(0.,0.,-1.));
#5657=AXIS2_PLACEMENT_3D('',#5654,#5655,#5656);
#5658=CIRCLE('',#5657,10.);
#5659=EDGE_CURVE('',#3337,#3416,#5658,.T.);
#5660=ORIENTED_EDGE('',*,*,#5659,.F.);
#5661=ORIENTED_EDGE('',*,*,#3342,.T.);
#5662=CARTESIAN_POINT('',(51.,3.175,-56.0778));
#5663=DIRECTION('',(-0.,1.,-0.));
#5664=DIRECTION('',(0.,0.,-1.));
#5665=AXIS2_PLACEMENT_3D('',#5662,#5663,#5664);
#5666=CIRCLE('',#5665,38.);
#5667=EDGE_CURVE('',#3360,#3329,#5666,.T.);
#5668=ORIENTED_EDGE('',*,*,#5667,.F.);
#5669=ORIENTED_EDGE('',*,*,#3405,.F.);
#5670=ORIENTED_EDGE('',*,*,#4117,.F.);
#5671=EDGE_LOOP('',(#5653,#5660,#5661,#5668,#5669,#5670));
#5672=FACE_BOUND('',#5671,.T.);
#5673=ORIENTED_EDGE('',*,*,#730,.F.);
#5674=ORIENTED_EDGE('',*,*,#1821,.F.);
#5675=ORIENTED_EDGE('',*,*,#2063,.F.);
#5676=ORIENTED_EDGE('',*,*,#1136,.F.);
#5677=EDGE_LOOP('',(#5673,#5674,#5675,#5676));
#5678=FACE_BOUND('',#5677,.T.);
#5679=ORIENTED_EDGE('',*,*,#2173,.T.);
#5680=ORIENTED_EDGE('',*,*,#1061,.F.);
#5681=ORIENTED_EDGE('',*,*,#2017,.F.);
#5682=ORIENTED_EDGE('',*,*,#1922,.F.);
#5683=EDGE_LOOP('',(#5679,#5680,#5681,#5682));
#5684=FACE_BOUND('',#5683,.T.);
#5685=ORIENTED_EDGE('',*,*,#445,.T.);
#5686=EDGE_LOOP('',(#5685));
#5687=FACE_BOUND('',#5686,.T.);
#5688=ORIENTED_EDGE('',*,*,#478,.T.);
#5689=EDGE_LOOP('',(#5688));
#5690=FACE_BOUND('',#5689,.T.);
#5691=ORIENTED_EDGE('',*,*,#2620,.F.);
#5692=ORIENTED_EDGE('',*,*,#3892,.T.);
#5693=ORIENTED_EDGE('',*,*,#3936,.F.);
#5694=ORIENTED_EDGE('',*,*,#3594,.T.);
#5695=ORIENTED_EDGE('',*,*,#2588,.T.);
#5696=ORIENTED_EDGE('',*,*,#3809,.F.);
#5697=ORIENTED_EDGE('',*,*,#3979,.F.);
#5698=ORIENTED_EDGE('',*,*,#4024,.T.);
#5699=ORIENTED_EDGE('',*,*,#3996,.T.);
#5700=ORIENTED_EDGE('',*,*,#3764,.F.);
#5701=ORIENTED_EDGE('',*,*,#3680,.T.);
#5702=ORIENTED_EDGE('',*,*,#3914,.T.);
#5703=ORIENTED_EDGE('',*,*,#3720,.F.);
#5704=ORIENTED_EDGE('',*,*,#3747,.T.);
#5705=ORIENTED_EDGE('',*,*,#3648,.T.);
#5706=ORIENTED_EDGE('',*,*,#3825,.T.);
#5707=EDGE_LOOP('',(#5691,#5692,#5693,#5694,#5695,#5696,#5697,#5698,#5699,#5700,#5701,#5702,#5703,#5704,#5705,#5706));
#5708=FACE_BOUND('',#5707,.T.);
#5709=ORIENTED_EDGE('',*,*,#3058,.T.);
#5710=EDGE_LOOP('',(#5709));
#5711=FACE_BOUND('',#5710,.T.);
#5712=ADVANCED_FACE('',(#5636,#5644,#5652,#5672,#5678,#5684,#5687,#5690,#5708,#5711),#5633,.T.);
#5713=CARTESIAN_POINT('',(51.,11.705,-56.0778));
#5714=DIRECTION('',(0.,-1.,0.));
#5715=DIRECTION('',(0.,0.,-1.));
#5716=AXIS2_PLACEMENT_3D('',#5713,#5714,#5715);
#5717=CYLINDRICAL_SURFACE('',#5716,38.);
#5718=ORIENTED_EDGE('',*,*,#3365,.T.);
#5719=ORIENTED_EDGE('',*,*,#5667,.T.);
#5720=ORIENTED_EDGE('',*,*,#3334,.T.);
#5721=ORIENTED_EDGE('',*,*,#2514,.T.);
#5722=ORIENTED_EDGE('',*,*,#5204,.T.);
#5723=ORIENTED_EDGE('',*,*,#5465,.T.);
#5724=ORIENTED_EDGE('',*,*,#5181,.F.);
#5725=ORIENTED_EDGE('',*,*,#3136,.T.);
#5726=EDGE_LOOP('',(#5718,#5719,#5720,#5721,#5722,#5723,#5724,#5725));
#5727=FACE_BOUND('',#5726,.T.);
#5728=ADVANCED_FACE('',(#5727),#5717,.F.);
#5729=CARTESIAN_POINT('',(51.,3.175,-56.0778));
#5730=DIRECTION('',(0.,-1.,0.));
#5731=DIRECTION('',(0.,0.,-1.));
#5732=AXIS2_PLACEMENT_3D('',#5729,#5730,#5731);
#5733=CYLINDRICAL_SURFACE('',#5732,10.);
#5734=ORIENTED_EDGE('',*,*,#3421,.F.);
#5735=ORIENTED_EDGE('',*,*,#3288,.F.);
#5736=ORIENTED_EDGE('',*,*,#3348,.F.);
#5737=ORIENTED_EDGE('',*,*,#5659,.T.);
#5738=EDGE_LOOP('',(#5734,#5735,#5736,#5737));
#5739=FACE_BOUND('',#5738,.T.);
#5740=ADVANCED_FACE('',(#5739),#5733,.T.);
#5741=CLOSED_SHELL('',(#336,#376,#416,#449,#482,#513,#544,#575,#606,#637,#668,#756,#796,#836,#876,#1088,#1291,#1331,#1371,#1411,#1451,#1491,#1531,#1571,#1611,#1651,
#1673,#1695,#1717,#1739,#1761,#1783,#1850,#1926,#2028,#2130,#2200,#2240,#2271,#2311,#2342,#2470,#2559,#2654,#2686,#2815,#2862,#2909,#2931,#3029,#3062,
#3211,#3299,#3353,#3409,#3441,#3485,#3529,#3573,#3604,#3690,#3730,#3752,#3783,#3814,#3836,#3848,#3865,#3896,#3918,#3940,#3952,#3983,#4014,#4036,#4048,
#4065,#4077,#4089,#4129,#4153,#4177,#4201,#4218,#4242,#4266,#4290,#4307,#4338,#4371,#4402,#4452,#4474,#4486,#4503,#4520,#4532,#4563,#4587,#4611,#4635,
#4659,#4676,#4693,#4724,#4748,#4772,#4789,#4813,#4837,#4854,#4872,#4886,#4896,#4913,#4930,#4947,#4964,#4981,#4998,#5015,#5032,#5049,#5066,#5083,#5100,
#5117,#5134,#5151,#5168,#5192,#5216,#5233,#5250,#5267,#5284,#5301,#5318,#5330,#5343,#5355,#5367,#5380,#5392,#5404,#5417,#5429,#5442,#5454,#5472,#5484,
#5496,#5508,#5520,#5532,#5544,#5561,#5578,#5595,#5612,#5628,#5712,#5728,#5740));
#5742=MANIFOLD_SOLID_BREP('Body 05',#5741);
#5743=COLOUR_RGB('',0.494117647,0.494117647,0.525490224);
#5744=FILL_AREA_STYLE_COLOUR('',#5743);
#5745=FILL_AREA_STYLE('',(#5744));
#5746=SURFACE_STYLE_FILL_AREA(#5745);
#5747=SURFACE_SIDE_STYLE('',(#5746));
#5748=SURFACE_STYLE_USAGE(.BOTH.,#5747);
#5749=PRESENTATION_STYLE_ASSIGNMENT((#5748));
#54=STYLED_ITEM('',(#5749),#5742);
#5750=(NAMED_UNIT(*)PLANE_ANGLE_UNIT()SI_UNIT($,.RADIAN.));
#5751=PLANE_ANGLE_MEASURE_WITH_UNIT(PLANE_ANGLE_MEASURE(0.0174532925),#5750);
#5752=(CONVERSION_BASED_UNIT('DEGREE',#5751)NAMED_UNIT(#5753)PLANE_ANGLE_UNIT());
#5753=DIMENSIONAL_EXPONENTS(0.,0.,0.,0.,0.,0.,0.);
#5754=(NAMED_UNIT(*)SI_UNIT($,.STERADIAN.)SOLID_ANGLE_UNIT());
#5755=(LENGTH_UNIT()NAMED_UNIT(*)SI_UNIT(.MILLI.,.METRE.));
#5756=UNCERTAINTY_MEASURE_WITH_UNIT(LENGTH_MEASURE(1.000000E-03),#5755,'DISTANCE_ACCURACY_VALUE','Maximum Tolerance applied to model');
#5757=(GEOMETRIC_REPRESENTATION_CONTEXT(3)GLOBAL_UNCERTAINTY_ASSIGNED_CONTEXT((#5756))GLOBAL_UNIT_ASSIGNED_CONTEXT((#5755,#5752,#5754))REPRESENTATION_CONTEXT('','[WOJ-CUENC-006-RevAB] Control Unit Enclosure Interface Card Support 3D Print Mid.SLDPRT'));
#5769=CARTESIAN_POINT('',(0.,0.,0.));
#5770=DIRECTION('',(0.,0.,1.));
#5771=DIRECTION('',(1.,0.,-0.));
#5772=AXIS2_PLACEMENT_3D('',#5769,#5770,#5771);
#5773=ITEM_DEFINED_TRANSFORMATION('','',#5772,#15);
#5774=(REPRESENTATION_RELATIONSHIP('','',#5759,#35)REPRESENTATION_RELATIONSHIP_WITH_TRANSFORMATION(#5773)SHAPE_REPRESENTATION_RELATIONSHIP());
#5775=NEXT_ASSEMBLY_USAGE_OCCURRENCE('[WOJ-CUENC-006-RevAB] Control Unit Enclosure Interface Card Support 3D Print Mid.SLDPRT_2','[WOJ-CUENC-006-RevAB] Control Unit Enclosure Interface Card Support 3D Print Mid.SLDPRT','[WOJ-CUENC-006-RevAB] Control Unit Enclosure Interface Card Support 3D Print Mid.SLDPRT',#44,#5768,$);
#5776=PRODUCT_DEFINITION_SHAPE('','',#5775);
#5777=CONTEXT_DEPENDENT_SHAPE_REPRESENTATION(#5774,#5776);
#5759=SHAPE_REPRESENTATION('[WOJ-CUENC-006-RevAB] Control Unit Enclosure Interface Card Support 3D Print Mid.SLDPRT',(#15),#5757);
#5778=CARTESIAN_POINT('',(0.,0.,0.));
#5779=DIRECTION('',(0.,0.,1.));
#5780=DIRECTION('',(1.,0.,0.));
#5781=AXIS2_PLACEMENT_3D('',#5778,#5779,#5780);
#5783=MAPPED_ITEM('',#5782,#5781);
#5782=REPRESENTATION_MAP(#5781,#5759);
#5784=APPLICATION_CONTEXT('Managed model based 3d engineering');
#5785=APPLICATION_PROTOCOL_DEFINITION('international standard','ap242_managed_model_based_3d_engineering',2014,#5784);
#5786=PRODUCT_CONTEXT('',#5784,'mechanical');
#5787=PRODUCT_DEFINITION_CONTEXT('part definition',#5784,'design');
#5767=PRODUCT('[WOJ-CUENC-006-RevAB] Control Unit Enclosure Interface Card Support 3D Print Mid.SLDPRT','[WOJ-CUENC-006-RevAB] Control Unit Enclosure Interface Card Support 3D Print Mid.SLDPRT','',(#5786));
#5788=PRODUCT_RELATED_PRODUCT_CATEGORY('part','',(#5767));
#5789=PRODUCT_DEFINITION_FORMATION_WITH_SPECIFIED_SOURCE('','',#5767,.NOT_KNOWN.);
#5768=PRODUCT_DEFINITION('design','',#5789,#5787);
#5766=PRODUCT_DEFINITION_SHAPE('','',#5768);
#5790=SHAPE_DEFINITION_REPRESENTATION(#5766,#5759);
#5758=DRAUGHTING_MODEL('',(#5783),#5757);
#35=SHAPE_REPRESENTATION('SidePanel_Right.step',(#15,#5772),#33);
#36=ADVANCED_BREP_SHAPE_REPRESENTATION('SidePanel_Right.step',(#5742),#33);
#5798=SHAPE_REPRESENTATION_RELATIONSHIP('','',#35,#36);
#5799=CARTESIAN_POINT('',(0.,0.,0.));
#5800=DIRECTION('',(0.,0.,1.));
#5801=DIRECTION('',(1.,0.,0.));
#5802=AXIS2_PLACEMENT_3D('',#5799,#5800,#5801);
#5804=MAPPED_ITEM('',#5803,#5802);
#5803=REPRESENTATION_MAP(#5802,#35);
#43=PRODUCT('SidePanel_Right.step','SidePanel_Right.step','',(#5786));
#5805=PRODUCT_RELATED_PRODUCT_CATEGORY('part','',(#43));
#5806=PRODUCT_DEFINITION_FORMATION_WITH_SPECIFIED_SOURCE('','',#43,.NOT_KNOWN.);
#44=PRODUCT_DEFINITION('design','',#5806,#5787);
#42=PRODUCT_DEFINITION_SHAPE('','',#44);
#5807=SHAPE_DEFINITION_REPRESENTATION(#42,#35);
#34=DRAUGHTING_MODEL('',(#5804),#33);
#16=SHAPE_REPRESENTATION('root',(#15,#48),#10);
#5808=CARTESIAN_POINT('',(0.,0.,0.));
#5809=DIRECTION('',(0.,0.,1.));
#5810=DIRECTION('',(1.,0.,0.));
#5811=AXIS2_PLACEMENT_3D('',#5808,#5809,#5810);
#5813=MAPPED_ITEM('',#5812,#5811);
#5812=REPRESENTATION_MAP(#5811,#16);
#24=PRODUCT('root','root','',(#5786));
#5814=PRODUCT_RELATED_PRODUCT_CATEGORY('part','',(#24));
#5815=PRODUCT_DEFINITION_FORMATION_WITH_SPECIFIED_SOURCE('','',#24,.NOT_KNOWN.);
#25=PRODUCT_DEFINITION('design','',#5815,#5787);
#23=PRODUCT_DEFINITION_SHAPE('','',#25);
#5816=SHAPE_DEFINITION_REPRESENTATION(#23,#16);
#11=DRAUGHTING_MODEL('',(#5813),#10);
#5817=DESCRIPTIVE_REPRESENTATION_ITEM('KEY','C:\\Users\\bilal\\AppData\\Local\\Packages\\Shapr3D.Shapr3D_j403pzjkqtqbj\\TempState\\d51f7db6-685a-4e80-a3d7-e6ebb2214892.tmp');
#5818=PROPERTY_DEFINITION('KEY','',#25);
#5819=REPRESENTATION('',(#5817),#10);
#5820=PROPERTY_DEFINITION_REPRESENTATION(#5818,#5819);
#5821=GENERAL_PROPERTY('','KEY','');
#5822=GENERAL_PROPERTY_ASSOCIATION('','',#5821,#5818);
#1=MECHANICAL_DESIGN_GEOMETRIC_PRESENTATION_REPRESENTATION('',(#54),#10);
ENDSEC;
END-ISO-10303-21;
