ISO-10303-21;
HEADER;

/* File generated by Shapr3D Version 5.881.9034.0 */

FILE_DESCRIPTION(('HOOPS Exchange Step'),'2;1');

FILE_NAME('C:\\Users\\bilal\\AppData\\Local\\Packages\\Shapr3D.Shapr3D_j403pzjkqtqbj\\TempState\\export\\temp_export',
'2025-06-23T16:51:38+02:00',
('bilal'),
('Shapr3D Limited'),
'HOOPS Exchange 2024.8',
'Shapr3D',
'Authorized');

FILE_SCHEMA( ('AP242_MANAGED_MODEL_BASED_3D_ENGINEERING_MIM_LF {1 0 10303 442 1 1 4}') );

ENDSEC;

DATA;
#3=(NAMED_UNIT(*)PLANE_ANGLE_UNIT()SI_UNIT($,.RADIAN.));
#4=PLANE_ANGLE_MEASURE_WITH_UNIT(PLANE_ANGLE_MEASURE(0.0174532925),#3);
#5=(CONVERSION_BASED_UNIT('DEGREE',#4)NAMED_UNIT(#6)PLANE_ANGLE_UNIT());
#6=DIMENSIONAL_EXPONENTS(0.,0.,0.,0.,0.,0.,0.);
#7=(NAMED_UNIT(*)SI_UNIT($,.STERADIAN.)SOLID_ANGLE_UNIT());
#8=(LENGTH_UNIT()NAMED_UNIT(*)SI_UNIT(.MILLI.,.METRE.));
#9=UNCERTAINTY_MEASURE_WITH_UNIT(LENGTH_MEASURE(1.000000E-03),#8,'DISTANCE_ACCURACY_VALUE','Maximum Tolerance applied to model');
#10=(GEOMETRIC_REPRESENTATION_CONTEXT(3)GLOBAL_UNCERTAINTY_ASSIGNED_CONTEXT((#9))GLOBAL_UNIT_ASSIGNED_CONTEXT((#8,#5,#7))REPRESENTATION_CONTEXT('','root'));
#12=CARTESIAN_POINT('',(0.,0.,0.));
#13=DIRECTION('',(0.,0.,1.));
#14=DIRECTION('',(1.,0.,0.));
#15=AXIS2_PLACEMENT_3D('',#12,#13,#14);
#26=(NAMED_UNIT(*)PLANE_ANGLE_UNIT()SI_UNIT($,.RADIAN.));
#27=PLANE_ANGLE_MEASURE_WITH_UNIT(PLANE_ANGLE_MEASURE(0.0174532925),#26);
#28=(CONVERSION_BASED_UNIT('DEGREE',#27)NAMED_UNIT(#29)PLANE_ANGLE_UNIT());
#29=DIMENSIONAL_EXPONENTS(0.,0.,0.,0.,0.,0.,0.);
#30=(NAMED_UNIT(*)SI_UNIT($,.STERADIAN.)SOLID_ANGLE_UNIT());
#31=(LENGTH_UNIT()NAMED_UNIT(*)SI_UNIT(.MILLI.,.METRE.));
#32=UNCERTAINTY_MEASURE_WITH_UNIT(LENGTH_MEASURE(1.000000E-05),#31,'DISTANCE_ACCURACY_VALUE','Maximum Tolerance applied to model');
#33=(GEOMETRIC_REPRESENTATION_CONTEXT(3)GLOBAL_UNCERTAINTY_ASSIGNED_CONTEXT((#32))GLOBAL_UNIT_ASSIGNED_CONTEXT((#31,#28,#30))REPRESENTATION_CONTEXT('','SidePanel_Left.step'));
#45=CARTESIAN_POINT('',(0.,0.,0.));
#46=DIRECTION('',(0.,0.,1.));
#47=DIRECTION('',(1.,0.,-0.));
#48=AXIS2_PLACEMENT_3D('',#45,#46,#47);
#49=ITEM_DEFINED_TRANSFORMATION('','',#48,#15);
#50=(REPRESENTATION_RELATIONSHIP('','',#35,#16)REPRESENTATION_RELATIONSHIP_WITH_TRANSFORMATION(#49)SHAPE_REPRESENTATION_RELATIONSHIP());
#51=NEXT_ASSEMBLY_USAGE_OCCURRENCE('SidePanel_Left.step_1','SidePanel_Left.step','SidePanel_Left.step',#25,#44,$);
#52=PRODUCT_DEFINITION_SHAPE('','',#51);
#53=CONTEXT_DEPENDENT_SHAPE_REPRESENTATION(#50,#52);
#55=CARTESIAN_POINT('',(2.,3.175,0.));
#56=DIRECTION('',(1.,0.,0.));
#57=DIRECTION('',(0.,0.,-1.));
#58=AXIS2_PLACEMENT_3D('',#55,#56,#57);
#59=PLANE('',#58);
#60=CARTESIAN_POINT('',(2.,-1.295,-101.8569));
#61=VERTEX_POINT('',#60);
#62=CARTESIAN_POINT('',(2.,3.175,-101.8569));
#63=VERTEX_POINT('',#62);
#64=CARTESIAN_POINT('',(2.,-1.295,-101.8569));
#65=DIRECTION('',(0.,1.,0.));
#66=VECTOR('',#65,4.47);
#67=LINE('',#64,#66);
#68=EDGE_CURVE('',#61,#63,#67,.T.);
#69=ORIENTED_EDGE('',*,*,#68,.F.);
#70=CARTESIAN_POINT('',(2.,-1.295,-9.9719));
#71=VERTEX_POINT('',#70);
#72=CARTESIAN_POINT('',(2.,-1.295,-101.8569));
#73=DIRECTION('',(-0.,-0.,1.));
#74=VECTOR('',#73,91.885);
#75=LINE('',#72,#74);
#76=EDGE_CURVE('',#61,#71,#75,.T.);
#77=ORIENTED_EDGE('',*,*,#76,.T.);
#78=CARTESIAN_POINT('',(2.,1.175,-9.9719));
#79=VERTEX_POINT('',#78);
#80=CARTESIAN_POINT('',(2.,-1.295,-9.9719));
#81=DIRECTION('',(0.,1.,0.));
#82=VECTOR('',#81,2.47);
#83=LINE('',#80,#82);
#84=EDGE_CURVE('',#71,#79,#83,.T.);
#85=ORIENTED_EDGE('',*,*,#84,.T.);
#86=CARTESIAN_POINT('',(2.,1.175,-14.9875));
#87=VERTEX_POINT('',#86);
#88=CARTESIAN_POINT('',(2.,1.175,-14.9875));
#89=DIRECTION('',(0.,0.,1.));
#90=VECTOR('',#89,5.0156);
#91=LINE('',#88,#90);
#92=EDGE_CURVE('',#87,#79,#91,.T.);
#93=ORIENTED_EDGE('',*,*,#92,.F.);
#94=CARTESIAN_POINT('',(2.,3.175,-14.9875));
#95=VERTEX_POINT('',#94);
#96=CARTESIAN_POINT('',(2.,3.175,-14.9875));
#97=DIRECTION('',(-0.,-1.,-0.));
#98=VECTOR('',#97,2.);
#99=LINE('',#96,#98);
#100=EDGE_CURVE('',#95,#87,#99,.T.);
#101=ORIENTED_EDGE('',*,*,#100,.F.);
#102=CARTESIAN_POINT('',(2.,3.175,-17.049566163));
#103=VERTEX_POINT('',#102);
#104=CARTESIAN_POINT('',(2.,3.175,-17.049566163));
#105=DIRECTION('',(-0.,-0.,1.));
#106=VECTOR('',#105,2.062066163);
#107=LINE('',#104,#106);
#108=EDGE_CURVE('',#103,#95,#107,.T.);
#109=ORIENTED_EDGE('',*,*,#108,.F.);
#110=CARTESIAN_POINT('',(2.,3.175,-22.800433837));
#111=VERTEX_POINT('',#110);
#112=CARTESIAN_POINT('',(2.,4.0305,-19.925));
#113=DIRECTION('',(1.,-0.,-0.));
#114=DIRECTION('',(0.,0.,1.));
#115=AXIS2_PLACEMENT_3D('',#112,#113,#114);
#116=CIRCLE('',#115,3.);
#117=EDGE_CURVE('',#103,#111,#116,.T.);
#118=ORIENTED_EDGE('',*,*,#117,.T.);
#119=CARTESIAN_POINT('',(2.,3.175,-30.0975));
#120=VERTEX_POINT('',#119);
#121=CARTESIAN_POINT('',(2.,3.175,-30.0975));
#122=DIRECTION('',(-0.,-0.,1.));
#123=VECTOR('',#122,7.297066163);
#124=LINE('',#121,#123);
#125=EDGE_CURVE('',#120,#111,#124,.T.);
#126=ORIENTED_EDGE('',*,*,#125,.F.);
#127=CARTESIAN_POINT('',(2.,2.175,-30.0975));
#128=VERTEX_POINT('',#127);
#129=CARTESIAN_POINT('',(2.,2.175,-30.0975));
#130=DIRECTION('',(0.,1.,0.));
#131=VECTOR('',#130,1.);
#132=LINE('',#129,#131);
#133=EDGE_CURVE('',#128,#120,#132,.T.);
#134=ORIENTED_EDGE('',*,*,#133,.F.);
#135=CARTESIAN_POINT('',(2.,2.175,-32.081875));
#136=VERTEX_POINT('',#135);
#137=CARTESIAN_POINT('',(2.,2.175,-30.0975));
#138=DIRECTION('',(0.,0.,-1.));
#139=VECTOR('',#138,1.984375);
#140=LINE('',#137,#139);
#141=EDGE_CURVE('',#128,#136,#140,.T.);
#142=ORIENTED_EDGE('',*,*,#141,.T.);
#143=CARTESIAN_POINT('',(2.,3.175,-32.081875));
#144=VERTEX_POINT('',#143);
#145=CARTESIAN_POINT('',(2.,2.175,-32.081875));
#146=DIRECTION('',(0.,1.,0.));
#147=VECTOR('',#146,1.);
#148=LINE('',#145,#147);
#149=EDGE_CURVE('',#136,#144,#148,.T.);
#150=ORIENTED_EDGE('',*,*,#149,.T.);
#151=CARTESIAN_POINT('',(2.,3.175,-41.2075));
#152=VERTEX_POINT('',#151);
#153=CARTESIAN_POINT('',(2.,3.175,-41.2075));
#154=DIRECTION('',(-0.,-0.,1.));
#155=VECTOR('',#154,9.125625);
#156=LINE('',#153,#155);
#157=EDGE_CURVE('',#152,#144,#156,.T.);
#158=ORIENTED_EDGE('',*,*,#157,.F.);
#159=CARTESIAN_POINT('',(2.,2.175,-41.2075));
#160=VERTEX_POINT('',#159);
#161=CARTESIAN_POINT('',(2.,2.175,-41.2075));
#162=DIRECTION('',(0.,1.,0.));
#163=VECTOR('',#162,1.);
#164=LINE('',#161,#163);
#165=EDGE_CURVE('',#160,#152,#164,.T.);
#166=ORIENTED_EDGE('',*,*,#165,.F.);
#167=CARTESIAN_POINT('',(2.,2.175,-43.191875));
#168=VERTEX_POINT('',#167);
#169=CARTESIAN_POINT('',(2.,2.175,-41.2075));
#170=DIRECTION('',(0.,0.,-1.));
#171=VECTOR('',#170,1.984375);
#172=LINE('',#169,#171);
#173=EDGE_CURVE('',#160,#168,#172,.T.);
#174=ORIENTED_EDGE('',*,*,#173,.T.);
#175=CARTESIAN_POINT('',(2.,3.175,-43.191875));
#176=VERTEX_POINT('',#175);
#177=CARTESIAN_POINT('',(2.,2.175,-43.191875));
#178=DIRECTION('',(0.,1.,0.));
#179=VECTOR('',#178,1.);
#180=LINE('',#177,#179);
#181=EDGE_CURVE('',#168,#176,#180,.T.);
#182=ORIENTED_EDGE('',*,*,#181,.T.);
#183=CARTESIAN_POINT('',(2.,3.175,-52.3175));
#184=VERTEX_POINT('',#183);
#185=CARTESIAN_POINT('',(2.,3.175,-52.3175));
#186=DIRECTION('',(-0.,-0.,1.));
#187=VECTOR('',#186,9.125625);
#188=LINE('',#185,#187);
#189=EDGE_CURVE('',#184,#176,#188,.T.);
#190=ORIENTED_EDGE('',*,*,#189,.F.);
#191=CARTESIAN_POINT('',(2.,2.175,-52.3175));
#192=VERTEX_POINT('',#191);
#193=CARTESIAN_POINT('',(2.,2.175,-52.3175));
#194=DIRECTION('',(0.,1.,0.));
#195=VECTOR('',#194,1.);
#196=LINE('',#193,#195);
#197=EDGE_CURVE('',#192,#184,#196,.T.);
#198=ORIENTED_EDGE('',*,*,#197,.F.);
#199=CARTESIAN_POINT('',(2.,2.175,-54.301875));
#200=VERTEX_POINT('',#199);
#201=CARTESIAN_POINT('',(2.,2.175,-52.3175));
#202=DIRECTION('',(0.,0.,-1.));
#203=VECTOR('',#202,1.984375);
#204=LINE('',#201,#203);
#205=EDGE_CURVE('',#192,#200,#204,.T.);
#206=ORIENTED_EDGE('',*,*,#205,.T.);
#207=CARTESIAN_POINT('',(2.,3.175,-54.301875));
#208=VERTEX_POINT('',#207);
#209=CARTESIAN_POINT('',(2.,2.175,-54.301875));
#210=DIRECTION('',(0.,1.,0.));
#211=VECTOR('',#210,1.);
#212=LINE('',#209,#211);
#213=EDGE_CURVE('',#200,#208,#212,.T.);
#214=ORIENTED_EDGE('',*,*,#213,.T.);
#215=CARTESIAN_POINT('',(2.,3.175,-63.4275));
#216=VERTEX_POINT('',#215);
#217=CARTESIAN_POINT('',(2.,3.175,-63.4275));
#218=DIRECTION('',(-0.,-0.,1.));
#219=VECTOR('',#218,9.125625);
#220=LINE('',#217,#219);
#221=EDGE_CURVE('',#216,#208,#220,.T.);
#222=ORIENTED_EDGE('',*,*,#221,.F.);
#223=CARTESIAN_POINT('',(2.,2.175,-63.4275));
#224=VERTEX_POINT('',#223);
#225=CARTESIAN_POINT('',(2.,2.175,-63.4275));
#226=DIRECTION('',(0.,1.,0.));
#227=VECTOR('',#226,1.);
#228=LINE('',#225,#227);
#229=EDGE_CURVE('',#224,#216,#228,.T.);
#230=ORIENTED_EDGE('',*,*,#229,.F.);
#231=CARTESIAN_POINT('',(2.,2.175,-65.411875));
#232=VERTEX_POINT('',#231);
#233=CARTESIAN_POINT('',(2.,2.175,-63.4275));
#234=DIRECTION('',(0.,0.,-1.));
#235=VECTOR('',#234,1.984375);
#236=LINE('',#233,#235);
#237=EDGE_CURVE('',#224,#232,#236,.T.);
#238=ORIENTED_EDGE('',*,*,#237,.T.);
#239=CARTESIAN_POINT('',(2.,3.175,-65.411875));
#240=VERTEX_POINT('',#239);
#241=CARTESIAN_POINT('',(2.,2.175,-65.411875));
#242=DIRECTION('',(0.,1.,0.));
#243=VECTOR('',#242,1.);
#244=LINE('',#241,#243);
#245=EDGE_CURVE('',#232,#240,#244,.T.);
#246=ORIENTED_EDGE('',*,*,#245,.T.);
#247=CARTESIAN_POINT('',(2.,3.175,-74.5375));
#248=VERTEX_POINT('',#247);
#249=CARTESIAN_POINT('',(2.,3.175,-74.5375));
#250=DIRECTION('',(-0.,-0.,1.));
#251=VECTOR('',#250,9.125625);
#252=LINE('',#249,#251);
#253=EDGE_CURVE('',#248,#240,#252,.T.);
#254=ORIENTED_EDGE('',*,*,#253,.F.);
#255=CARTESIAN_POINT('',(2.,2.175,-74.5375));
#256=VERTEX_POINT('',#255);
#257=CARTESIAN_POINT('',(2.,2.175,-74.5375));
#258=DIRECTION('',(0.,1.,0.));
#259=VECTOR('',#258,1.);
#260=LINE('',#257,#259);
#261=EDGE_CURVE('',#256,#248,#260,.T.);
#262=ORIENTED_EDGE('',*,*,#261,.F.);
#263=CARTESIAN_POINT('',(2.,2.175,-76.521875));
#264=VERTEX_POINT('',#263);
#265=CARTESIAN_POINT('',(2.,2.175,-74.5375));
#266=DIRECTION('',(0.,0.,-1.));
#267=VECTOR('',#266,1.984375);
#268=LINE('',#265,#267);
#269=EDGE_CURVE('',#256,#264,#268,.T.);
#270=ORIENTED_EDGE('',*,*,#269,.T.);
#271=CARTESIAN_POINT('',(2.,3.175,-76.521875));
#272=VERTEX_POINT('',#271);
#273=CARTESIAN_POINT('',(2.,2.175,-76.521875));
#274=DIRECTION('',(0.,1.,0.));
#275=VECTOR('',#274,1.);
#276=LINE('',#273,#275);
#277=EDGE_CURVE('',#264,#272,#276,.T.);
#278=ORIENTED_EDGE('',*,*,#277,.T.);
#279=CARTESIAN_POINT('',(2.,3.175,-85.6475));
#280=VERTEX_POINT('',#279);
#281=CARTESIAN_POINT('',(2.,3.175,-85.6475));
#282=DIRECTION('',(-0.,-0.,1.));
#283=VECTOR('',#282,9.125625);
#284=LINE('',#281,#283);
#285=EDGE_CURVE('',#280,#272,#284,.T.);
#286=ORIENTED_EDGE('',*,*,#285,.F.);
#287=CARTESIAN_POINT('',(2.,2.175,-85.6475));
#288=VERTEX_POINT('',#287);
#289=CARTESIAN_POINT('',(2.,2.175,-85.6475));
#290=DIRECTION('',(0.,1.,0.));
#291=VECTOR('',#290,1.);
#292=LINE('',#289,#291);
#293=EDGE_CURVE('',#288,#280,#292,.T.);
#294=ORIENTED_EDGE('',*,*,#293,.F.);
#295=CARTESIAN_POINT('',(2.,2.175,-87.631875));
#296=VERTEX_POINT('',#295);
#297=CARTESIAN_POINT('',(2.,2.175,-85.6475));
#298=DIRECTION('',(0.,0.,-1.));
#299=VECTOR('',#298,1.984375);
#300=LINE('',#297,#299);
#301=EDGE_CURVE('',#288,#296,#300,.T.);
#302=ORIENTED_EDGE('',*,*,#301,.T.);
#303=CARTESIAN_POINT('',(2.,3.175,-87.631875));
#304=VERTEX_POINT('',#303);
#305=CARTESIAN_POINT('',(2.,2.175,-87.631875));
#306=DIRECTION('',(0.,1.,0.));
#307=VECTOR('',#306,1.);
#308=LINE('',#305,#307);
#309=EDGE_CURVE('',#296,#304,#308,.T.);
#310=ORIENTED_EDGE('',*,*,#309,.T.);
#311=CARTESIAN_POINT('',(2.,3.175,-89.947566163));
#312=VERTEX_POINT('',#311);
#313=CARTESIAN_POINT('',(2.,3.175,-89.947566163));
#314=DIRECTION('',(-0.,-0.,1.));
#315=VECTOR('',#314,2.315691163);
#316=LINE('',#313,#315);
#317=EDGE_CURVE('',#312,#304,#316,.T.);
#318=ORIENTED_EDGE('',*,*,#317,.F.);
#319=CARTESIAN_POINT('',(2.,3.175,-95.698433837));
#320=VERTEX_POINT('',#319);
#321=CARTESIAN_POINT('',(2.,4.0305,-92.823));
#322=DIRECTION('',(1.,-0.,-0.));
#323=DIRECTION('',(0.,0.,1.));
#324=AXIS2_PLACEMENT_3D('',#321,#322,#323);
#325=CIRCLE('',#324,3.);
#326=EDGE_CURVE('',#312,#320,#325,.T.);
#327=ORIENTED_EDGE('',*,*,#326,.T.);
#328=CARTESIAN_POINT('',(2.,3.175,-101.8569));
#329=DIRECTION('',(-0.,-0.,1.));
#330=VECTOR('',#329,6.158466163);
#331=LINE('',#328,#330);
#332=EDGE_CURVE('',#63,#320,#331,.T.);
#333=ORIENTED_EDGE('',*,*,#332,.F.);
#334=EDGE_LOOP('',(#69,#77,#85,#93,#101,#109,#118,#126,#134,#142,#150,#158,#166,#174,#182,#190,#198,#206,#214,#222,#230,#238,#246,#254,#262,#270,
#278,#286,#294,#302,#310,#318,#327,#333));
#335=FACE_BOUND('',#334,.T.);
#336=ADVANCED_FACE('',(#335),#59,.F.);
#337=CARTESIAN_POINT('',(92.,-4.295,-15.9875));
#338=DIRECTION('',(0.,0.,-1.));
#339=DIRECTION('',(-1.,0.,0.));
#340=AXIS2_PLACEMENT_3D('',#337,#338,#339);
#341=PLANE('',#340);
#342=CARTESIAN_POINT('',(91.7264,3.175,-15.9875));
#343=VERTEX_POINT('',#342);
#344=CARTESIAN_POINT('',(66.7264,3.175,-15.9875));
#345=VERTEX_POINT('',#344);
#346=CARTESIAN_POINT('',(91.7264,3.175,-15.9875));
#347=DIRECTION('',(-1.,-0.,0.));
#348=VECTOR('',#347,25.);
#349=LINE('',#346,#348);
#350=EDGE_CURVE('',#343,#345,#349,.T.);
#351=ORIENTED_EDGE('',*,*,#350,.F.);
#352=CARTESIAN_POINT('',(91.7264,-4.295,-15.9875));
#353=VERTEX_POINT('',#352);
#354=CARTESIAN_POINT('',(91.7264,3.175,-15.9875));
#355=DIRECTION('',(-0.,-1.,-0.));
#356=VECTOR('',#355,7.47);
#357=LINE('',#354,#356);
#358=EDGE_CURVE('',#343,#353,#357,.T.);
#359=ORIENTED_EDGE('',*,*,#358,.T.);
#360=CARTESIAN_POINT('',(66.7264,-4.295,-15.9875));
#361=VERTEX_POINT('',#360);
#362=CARTESIAN_POINT('',(91.7264,-4.295,-15.9875));
#363=DIRECTION('',(-1.,0.,0.));
#364=VECTOR('',#363,25.);
#365=LINE('',#362,#364);
#366=EDGE_CURVE('',#353,#361,#365,.T.);
#367=ORIENTED_EDGE('',*,*,#366,.T.);
#368=CARTESIAN_POINT('',(66.7264,3.175,-15.9875));
#369=DIRECTION('',(-0.,-1.,-0.));
#370=VECTOR('',#369,7.47);
#371=LINE('',#368,#370);
#372=EDGE_CURVE('',#345,#361,#371,.T.);
#373=ORIENTED_EDGE('',*,*,#372,.F.);
#374=EDGE_LOOP('',(#351,#359,#367,#373));
#375=FACE_BOUND('',#374,.T.);
#376=ADVANCED_FACE('',(#375),#341,.T.);
#377=CARTESIAN_POINT('',(10.,-4.825,-15.9875));
#378=DIRECTION('',(0.,0.,1.));
#379=DIRECTION('',(1.,0.,0.));
#380=AXIS2_PLACEMENT_3D('',#377,#378,#379);
#381=PLANE('',#380);
#382=CARTESIAN_POINT('',(7.,3.175,-15.9875));
#383=VERTEX_POINT('',#382);
#384=CARTESIAN_POINT('',(7.,-4.295,-15.9875));
#385=VERTEX_POINT('',#384);
#386=CARTESIAN_POINT('',(7.,3.175,-15.9875));
#387=DIRECTION('',(-0.,-1.,-0.));
#388=VECTOR('',#387,7.47);
#389=LINE('',#386,#388);
#390=EDGE_CURVE('',#383,#385,#389,.T.);
#391=ORIENTED_EDGE('',*,*,#390,.F.);
#392=CARTESIAN_POINT('',(32.,3.175,-15.9875));
#393=VERTEX_POINT('',#392);
#394=CARTESIAN_POINT('',(7.,3.175,-15.9875));
#395=DIRECTION('',(1.,0.,-0.));
#396=VECTOR('',#395,25.);
#397=LINE('',#394,#396);
#398=EDGE_CURVE('',#383,#393,#397,.T.);
#399=ORIENTED_EDGE('',*,*,#398,.T.);
#400=CARTESIAN_POINT('',(32.,-4.295,-15.9875));
#401=VERTEX_POINT('',#400);
#402=CARTESIAN_POINT('',(32.,3.175,-15.9875));
#403=DIRECTION('',(-0.,-1.,-0.));
#404=VECTOR('',#403,7.47);
#405=LINE('',#402,#404);
#406=EDGE_CURVE('',#393,#401,#405,.T.);
#407=ORIENTED_EDGE('',*,*,#406,.T.);
#408=CARTESIAN_POINT('',(32.,-4.295,-15.9875));
#409=DIRECTION('',(-1.,-0.,0.));
#410=VECTOR('',#409,25.);
#411=LINE('',#408,#410);
#412=EDGE_CURVE('',#401,#385,#411,.T.);
#413=ORIENTED_EDGE('',*,*,#412,.T.);
#414=EDGE_LOOP('',(#391,#399,#407,#413));
#415=FACE_BOUND('',#414,.T.);
#416=ADVANCED_FACE('',(#415),#381,.F.);
#417=CARTESIAN_POINT('',(10.,-4.825,-17.9875));
#418=DIRECTION('',(0.,0.,-1.));
#419=DIRECTION('',(-1.,0.,0.));
#420=AXIS2_PLACEMENT_3D('',#417,#418,#419);
#421=PLANE('',#420);
#422=CARTESIAN_POINT('',(32.,3.175,-17.9875));
#423=VERTEX_POINT('',#422);
#424=CARTESIAN_POINT('',(7.,3.175,-17.9875));
#425=VERTEX_POINT('',#424);
#426=CARTESIAN_POINT('',(32.,3.175,-17.9875));
#427=DIRECTION('',(-1.,0.,0.));
#428=VECTOR('',#427,25.);
#429=LINE('',#426,#428);
#430=EDGE_CURVE('',#423,#425,#429,.T.);
#431=ORIENTED_EDGE('',*,*,#430,.T.);
#432=CARTESIAN_POINT('',(7.,-4.295,-17.9875));
#433=VERTEX_POINT('',#432);
#434=CARTESIAN_POINT('',(7.,3.175,-17.9875));
#435=DIRECTION('',(-0.,-1.,-0.));
#436=VECTOR('',#435,7.47);
#437=LINE('',#434,#436);
#438=EDGE_CURVE('',#425,#433,#437,.T.);
#439=ORIENTED_EDGE('',*,*,#438,.T.);
#440=CARTESIAN_POINT('',(32.,-4.295,-17.9875));
#441=VERTEX_POINT('',#440);
#442=CARTESIAN_POINT('',(7.,-4.295,-17.9875));
#443=DIRECTION('',(1.,-0.,-0.));
#444=VECTOR('',#443,25.);
#445=LINE('',#442,#444);
#446=EDGE_CURVE('',#433,#441,#445,.T.);
#447=ORIENTED_EDGE('',*,*,#446,.T.);
#448=CARTESIAN_POINT('',(32.,3.175,-17.9875));
#449=DIRECTION('',(-0.,-1.,-0.));
#450=VECTOR('',#449,7.47);
#451=LINE('',#448,#450);
#452=EDGE_CURVE('',#423,#441,#451,.T.);
#453=ORIENTED_EDGE('',*,*,#452,.F.);
#454=EDGE_LOOP('',(#431,#439,#447,#453));
#455=FACE_BOUND('',#454,.T.);
#456=ADVANCED_FACE('',(#455),#421,.F.);
#457=CARTESIAN_POINT('',(0.,3.175,0.));
#458=DIRECTION('',(0.,-1.,0.));
#459=DIRECTION('',(0.,0.,-1.));
#460=AXIS2_PLACEMENT_3D('',#457,#458,#459);
#461=PLANE('',#460);
#462=CARTESIAN_POINT('',(91.7264,3.175,-17.9875));
#463=VERTEX_POINT('',#462);
#464=CARTESIAN_POINT('',(91.7264,3.175,-17.9875));
#465=DIRECTION('',(0.,0.,1.));
#466=VECTOR('',#465,2.);
#467=LINE('',#464,#466);
#468=EDGE_CURVE('',#463,#343,#467,.T.);
#469=ORIENTED_EDGE('',*,*,#468,.T.);
#470=ORIENTED_EDGE('',*,*,#350,.T.);
#471=CARTESIAN_POINT('',(66.7264,3.175,-17.9875));
#472=VERTEX_POINT('',#471);
#473=CARTESIAN_POINT('',(66.7264,3.175,-15.9875));
#474=DIRECTION('',(0.,0.,-1.));
#475=VECTOR('',#474,2.);
#476=LINE('',#473,#475);
#477=EDGE_CURVE('',#345,#472,#476,.T.);
#478=ORIENTED_EDGE('',*,*,#477,.T.);
#479=CARTESIAN_POINT('',(66.7264,3.175,-17.9875));
#480=DIRECTION('',(1.,0.,-0.));
#481=VECTOR('',#480,25.);
#482=LINE('',#479,#481);
#483=EDGE_CURVE('',#472,#463,#482,.T.);
#484=ORIENTED_EDGE('',*,*,#483,.T.);
#485=EDGE_LOOP('',(#469,#470,#478,#484));
#486=FACE_BOUND('',#485,.T.);
#487=CARTESIAN_POINT('',(3.1663,3.175,-17.049566163));
#488=VERTEX_POINT('',#487);
#489=CARTESIAN_POINT('',(3.1663,3.175,-18.9875));
#490=VERTEX_POINT('',#489);
#491=CARTESIAN_POINT('',(3.1663,3.175,-17.049566163));
#492=DIRECTION('',(-0.,-0.,-1.));
#493=VECTOR('',#492,1.937933837);
#494=LINE('',#491,#493);
#495=EDGE_CURVE('',#488,#490,#494,.T.);
#496=ORIENTED_EDGE('',*,*,#495,.F.);
#497=CARTESIAN_POINT('',(2.,3.175,-17.049566163));
#498=DIRECTION('',(1.,-0.,-0.));
#499=VECTOR('',#498,1.1663);
#500=LINE('',#497,#499);
#501=EDGE_CURVE('',#103,#488,#500,.T.);
#502=ORIENTED_EDGE('',*,*,#501,.F.);
#503=ORIENTED_EDGE('',*,*,#108,.T.);
#504=CARTESIAN_POINT('',(102.,3.175,-14.9875));
#505=VERTEX_POINT('',#504);
#506=CARTESIAN_POINT('',(102.,3.175,-14.9875));
#507=DIRECTION('',(-1.,-0.,0.));
#508=VECTOR('',#507,100.);
#509=LINE('',#506,#508);
#510=EDGE_CURVE('',#505,#95,#509,.T.);
#511=ORIENTED_EDGE('',*,*,#510,.F.);
#512=CARTESIAN_POINT('',(102.,3.175,-18.9875));
#513=VERTEX_POINT('',#512);
#514=CARTESIAN_POINT('',(102.,3.175,-14.9875));
#515=DIRECTION('',(0.,0.,-1.));
#516=VECTOR('',#515,4.);
#517=LINE('',#514,#516);
#518=EDGE_CURVE('',#505,#513,#517,.T.);
#519=ORIENTED_EDGE('',*,*,#518,.T.);
#520=CARTESIAN_POINT('',(102.,3.175,-18.9875));
#521=DIRECTION('',(-1.,-0.,0.));
#522=VECTOR('',#521,98.8337);
#523=LINE('',#520,#522);
#524=EDGE_CURVE('',#513,#490,#523,.T.);
#525=ORIENTED_EDGE('',*,*,#524,.T.);
#526=EDGE_LOOP('',(#496,#502,#503,#511,#519,#525));
#527=FACE_BOUND('',#526,.T.);
#528=CARTESIAN_POINT('',(7.,3.175,-17.9875));
#529=DIRECTION('',(0.,0.,1.));
#530=VECTOR('',#529,2.);
#531=LINE('',#528,#530);
#532=EDGE_CURVE('',#425,#383,#531,.T.);
#533=ORIENTED_EDGE('',*,*,#532,.F.);
#534=ORIENTED_EDGE('',*,*,#430,.F.);
#535=CARTESIAN_POINT('',(32.,3.175,-17.9875));
#536=DIRECTION('',(-0.,-0.,1.));
#537=VECTOR('',#536,2.);
#538=LINE('',#535,#537);
#539=EDGE_CURVE('',#423,#393,#538,.T.);
#540=ORIENTED_EDGE('',*,*,#539,.T.);
#541=ORIENTED_EDGE('',*,*,#398,.F.);
#542=EDGE_LOOP('',(#533,#534,#540,#541));
#543=FACE_BOUND('',#542,.T.);
#544=ADVANCED_FACE('',(#486,#527,#543),#461,.F.);
#545=CARTESIAN_POINT('',(0.,2.175,-20.971875));
#546=DIRECTION('',(0.,0.,1.));
#547=DIRECTION('',(1.,0.,0.));
#548=AXIS2_PLACEMENT_3D('',#545,#546,#547);
#549=PLANE('',#548);
#550=CARTESIAN_POINT('',(3.1663,3.175,-20.971875));
#551=VERTEX_POINT('',#550);
#552=CARTESIAN_POINT('',(102.,3.175,-20.971875));
#553=VERTEX_POINT('',#552);
#554=CARTESIAN_POINT('',(3.1663,3.175,-20.971875));
#555=DIRECTION('',(1.,0.,-0.));
#556=VECTOR('',#555,98.8337);
#557=LINE('',#554,#556);
#558=EDGE_CURVE('',#551,#553,#557,.T.);
#559=ORIENTED_EDGE('',*,*,#558,.F.);
#560=CARTESIAN_POINT('',(3.1663,2.175,-20.971875));
#561=VERTEX_POINT('',#560);
#562=CARTESIAN_POINT('',(3.1663,3.175,-20.971875));
#563=DIRECTION('',(-0.,-1.,-0.));
#564=VECTOR('',#563,1.);
#565=LINE('',#562,#564);
#566=EDGE_CURVE('',#551,#561,#565,.T.);
#567=ORIENTED_EDGE('',*,*,#566,.T.);
#568=CARTESIAN_POINT('',(62.5025,2.175,-20.971875));
#569=VERTEX_POINT('',#568);
#570=CARTESIAN_POINT('',(3.1663,2.175,-20.971875));
#571=DIRECTION('',(1.,0.,-0.));
#572=VECTOR('',#571,59.3362);
#573=LINE('',#570,#572);
#574=EDGE_CURVE('',#561,#569,#573,.T.);
#575=ORIENTED_EDGE('',*,*,#574,.T.);
#576=CARTESIAN_POINT('',(62.5025,0.,-20.971875));
#577=VERTEX_POINT('',#576);
#578=CARTESIAN_POINT('',(62.5025,0.,-20.971875));
#579=DIRECTION('',(0.,1.,0.));
#580=VECTOR('',#579,2.175);
#581=LINE('',#578,#580);
#582=EDGE_CURVE('',#577,#569,#581,.T.);
#583=ORIENTED_EDGE('',*,*,#582,.F.);
#584=CARTESIAN_POINT('',(102.,0.,-20.971875));
#585=VERTEX_POINT('',#584);
#586=CARTESIAN_POINT('',(102.,0.,-20.971875));
#587=DIRECTION('',(-1.,-0.,0.));
#588=VECTOR('',#587,39.4975);
#589=LINE('',#586,#588);
#590=EDGE_CURVE('',#585,#577,#589,.T.);
#591=ORIENTED_EDGE('',*,*,#590,.F.);
#592=CARTESIAN_POINT('',(102.,0.,-20.971875));
#593=DIRECTION('',(0.,1.,0.));
#594=VECTOR('',#593,3.175);
#595=LINE('',#592,#594);
#596=EDGE_CURVE('',#585,#553,#595,.T.);
#597=ORIENTED_EDGE('',*,*,#596,.T.);
#598=EDGE_LOOP('',(#559,#567,#575,#583,#591,#597));
#599=FACE_BOUND('',#598,.T.);
#600=ADVANCED_FACE('',(#599),#549,.T.);
#601=CARTESIAN_POINT('',(0.,2.175,-18.9875));
#602=DIRECTION('',(0.,0.,1.));
#603=DIRECTION('',(1.,0.,0.));
#604=AXIS2_PLACEMENT_3D('',#601,#602,#603);
#605=PLANE('',#604);
#606=CARTESIAN_POINT('',(3.1663,2.175,-18.9875));
#607=VERTEX_POINT('',#606);
#608=CARTESIAN_POINT('',(3.1663,3.175,-18.9875));
#609=DIRECTION('',(0.,-1.,0.));
#610=VECTOR('',#609,1.);
#611=LINE('',#608,#610);
#612=EDGE_CURVE('',#490,#607,#611,.T.);
#613=ORIENTED_EDGE('',*,*,#612,.F.);
#614=ORIENTED_EDGE('',*,*,#524,.F.);
#615=CARTESIAN_POINT('',(102.,0.,-18.9875));
#616=VERTEX_POINT('',#615);
#617=CARTESIAN_POINT('',(102.,3.175,-18.9875));
#618=DIRECTION('',(-0.,-1.,-0.));
#619=VECTOR('',#618,3.175);
#620=LINE('',#617,#619);
#621=EDGE_CURVE('',#513,#616,#620,.T.);
#622=ORIENTED_EDGE('',*,*,#621,.T.);
#623=CARTESIAN_POINT('',(62.5025,0.,-18.9875));
#624=VERTEX_POINT('',#623);
#625=CARTESIAN_POINT('',(102.,0.,-18.9875));
#626=DIRECTION('',(-1.,-0.,0.));
#627=VECTOR('',#626,39.4975);
#628=LINE('',#625,#627);
#629=EDGE_CURVE('',#616,#624,#628,.T.);
#630=ORIENTED_EDGE('',*,*,#629,.T.);
#631=CARTESIAN_POINT('',(62.5025,2.175,-18.9875));
#632=VERTEX_POINT('',#631);
#633=CARTESIAN_POINT('',(62.5025,2.175,-18.9875));
#634=DIRECTION('',(-0.,-1.,-0.));
#635=VECTOR('',#634,2.175);
#636=LINE('',#633,#635);
#637=EDGE_CURVE('',#632,#624,#636,.T.);
#638=ORIENTED_EDGE('',*,*,#637,.F.);
#639=CARTESIAN_POINT('',(3.1663,2.175,-18.9875));
#640=DIRECTION('',(1.,0.,-0.));
#641=VECTOR('',#640,59.3362);
#642=LINE('',#639,#641);
#643=EDGE_CURVE('',#607,#632,#642,.T.);
#644=ORIENTED_EDGE('',*,*,#643,.F.);
#645=EDGE_LOOP('',(#613,#614,#622,#630,#638,#644));
#646=FACE_BOUND('',#645,.T.);
#647=ADVANCED_FACE('',(#646),#605,.F.);
#648=CARTESIAN_POINT('',(0.,2.175,0.));
#649=DIRECTION('',(0.,-1.,0.));
#650=DIRECTION('',(0.,0.,-1.));
#651=AXIS2_PLACEMENT_3D('',#648,#649,#650);
#652=PLANE('',#651);
#653=CARTESIAN_POINT('',(3.1663,2.175,-18.9875));
#654=DIRECTION('',(-0.,-0.,-1.));
#655=VECTOR('',#654,1.984375);
#656=LINE('',#653,#655);
#657=EDGE_CURVE('',#607,#561,#656,.T.);
#658=ORIENTED_EDGE('',*,*,#657,.F.);
#659=ORIENTED_EDGE('',*,*,#643,.T.);
#660=CARTESIAN_POINT('',(62.5025,2.175,-20.971875));
#661=DIRECTION('',(0.,0.,1.));
#662=VECTOR('',#661,1.984375);
#663=LINE('',#660,#662);
#664=EDGE_CURVE('',#569,#632,#663,.T.);
#665=ORIENTED_EDGE('',*,*,#664,.F.);
#666=ORIENTED_EDGE('',*,*,#574,.F.);
#667=EDGE_LOOP('',(#658,#659,#665,#666));
#668=FACE_BOUND('',#667,.T.);
#669=ADVANCED_FACE('',(#668),#652,.F.);
#670=CARTESIAN_POINT('',(102.,0.,55.55));
#671=DIRECTION('',(-1.,0.,0.));
#672=DIRECTION('',(0.,-1.,0.));
#673=AXIS2_PLACEMENT_3D('',#670,#671,#672);
#674=PLANE('',#673);
#675=ORIENTED_EDGE('',*,*,#518,.F.);
#676=CARTESIAN_POINT('',(102.,1.175,-14.9875));
#677=VERTEX_POINT('',#676);
#678=CARTESIAN_POINT('',(102.,1.175,-14.9875));
#679=DIRECTION('',(0.,1.,0.));
#680=VECTOR('',#679,2.);
#681=LINE('',#678,#680);
#682=EDGE_CURVE('',#677,#505,#681,.T.);
#683=ORIENTED_EDGE('',*,*,#682,.F.);
#684=CARTESIAN_POINT('',(102.,1.175,-9.9719));
#685=VERTEX_POINT('',#684);
#686=CARTESIAN_POINT('',(102.,1.175,-14.9875));
#687=DIRECTION('',(0.,0.,1.));
#688=VECTOR('',#687,5.0156);
#689=LINE('',#686,#688);
#690=EDGE_CURVE('',#677,#685,#689,.T.);
#691=ORIENTED_EDGE('',*,*,#690,.T.);
#692=CARTESIAN_POINT('',(102.,-1.295,-9.9719));
#693=VERTEX_POINT('',#692);
#694=CARTESIAN_POINT('',(102.,-1.295,-9.9719));
#695=DIRECTION('',(0.,1.,0.));
#696=VECTOR('',#695,2.47);
#697=LINE('',#694,#696);
#698=EDGE_CURVE('',#693,#685,#697,.T.);
#699=ORIENTED_EDGE('',*,*,#698,.F.);
#700=CARTESIAN_POINT('',(102.,-1.295,-101.8569));
#701=VERTEX_POINT('',#700);
#702=CARTESIAN_POINT('',(102.,-1.295,-101.8569));
#703=DIRECTION('',(0.,0.,1.));
#704=VECTOR('',#703,91.885);
#705=LINE('',#702,#704);
#706=EDGE_CURVE('',#701,#693,#705,.T.);
#707=ORIENTED_EDGE('',*,*,#706,.F.);
#708=CARTESIAN_POINT('',(102.,3.175,-101.8569));
#709=VERTEX_POINT('',#708);
#710=CARTESIAN_POINT('',(102.,3.175,-101.8569));
#711=DIRECTION('',(-0.,-1.,-0.));
#712=VECTOR('',#711,4.47);
#713=LINE('',#710,#712);
#714=EDGE_CURVE('',#709,#701,#713,.T.);
#715=ORIENTED_EDGE('',*,*,#714,.F.);
#716=CARTESIAN_POINT('',(102.,3.175,-87.631875));
#717=VERTEX_POINT('',#716);
#718=CARTESIAN_POINT('',(102.,3.175,-87.631875));
#719=DIRECTION('',(0.,0.,-1.));
#720=VECTOR('',#719,14.225025);
#721=LINE('',#718,#720);
#722=EDGE_CURVE('',#717,#709,#721,.T.);
#723=ORIENTED_EDGE('',*,*,#722,.F.);
#724=CARTESIAN_POINT('',(102.,0.,-87.631875));
#725=VERTEX_POINT('',#724);
#726=CARTESIAN_POINT('',(102.,0.,-87.631875));
#727=DIRECTION('',(0.,1.,0.));
#728=VECTOR('',#727,3.175);
#729=LINE('',#726,#728);
#730=EDGE_CURVE('',#725,#717,#729,.T.);
#731=ORIENTED_EDGE('',*,*,#730,.F.);
#732=CARTESIAN_POINT('',(102.,0.,-85.6475));
#733=VERTEX_POINT('',#732);
#734=CARTESIAN_POINT('',(102.,0.,-85.6475));
#735=DIRECTION('',(0.,0.,-1.));
#736=VECTOR('',#735,1.984375);
#737=LINE('',#734,#736);
#738=EDGE_CURVE('',#733,#725,#737,.T.);
#739=ORIENTED_EDGE('',*,*,#738,.F.);
#740=CARTESIAN_POINT('',(102.,3.175,-85.6475));
#741=VERTEX_POINT('',#740);
#742=CARTESIAN_POINT('',(102.,3.175,-85.6475));
#743=DIRECTION('',(-0.,-1.,-0.));
#744=VECTOR('',#743,3.175);
#745=LINE('',#742,#744);
#746=EDGE_CURVE('',#741,#733,#745,.T.);
#747=ORIENTED_EDGE('',*,*,#746,.F.);
#748=CARTESIAN_POINT('',(102.,3.175,-76.521875));
#749=VERTEX_POINT('',#748);
#750=CARTESIAN_POINT('',(102.,3.175,-76.521875));
#751=DIRECTION('',(0.,0.,-1.));
#752=VECTOR('',#751,9.125625);
#753=LINE('',#750,#752);
#754=EDGE_CURVE('',#749,#741,#753,.T.);
#755=ORIENTED_EDGE('',*,*,#754,.F.);
#756=CARTESIAN_POINT('',(102.,0.,-76.521875));
#757=VERTEX_POINT('',#756);
#758=CARTESIAN_POINT('',(102.,0.,-76.521875));
#759=DIRECTION('',(0.,1.,0.));
#760=VECTOR('',#759,3.175);
#761=LINE('',#758,#760);
#762=EDGE_CURVE('',#757,#749,#761,.T.);
#763=ORIENTED_EDGE('',*,*,#762,.F.);
#764=CARTESIAN_POINT('',(102.,0.,-74.5375));
#765=VERTEX_POINT('',#764);
#766=CARTESIAN_POINT('',(102.,0.,-74.5375));
#767=DIRECTION('',(0.,0.,-1.));
#768=VECTOR('',#767,1.984375);
#769=LINE('',#766,#768);
#770=EDGE_CURVE('',#765,#757,#769,.T.);
#771=ORIENTED_EDGE('',*,*,#770,.F.);
#772=CARTESIAN_POINT('',(102.,3.175,-74.5375));
#773=VERTEX_POINT('',#772);
#774=CARTESIAN_POINT('',(102.,3.175,-74.5375));
#775=DIRECTION('',(-0.,-1.,-0.));
#776=VECTOR('',#775,3.175);
#777=LINE('',#774,#776);
#778=EDGE_CURVE('',#773,#765,#777,.T.);
#779=ORIENTED_EDGE('',*,*,#778,.F.);
#780=CARTESIAN_POINT('',(102.,3.175,-65.411875));
#781=VERTEX_POINT('',#780);
#782=CARTESIAN_POINT('',(102.,3.175,-65.411875));
#783=DIRECTION('',(0.,0.,-1.));
#784=VECTOR('',#783,9.125625);
#785=LINE('',#782,#784);
#786=EDGE_CURVE('',#781,#773,#785,.T.);
#787=ORIENTED_EDGE('',*,*,#786,.F.);
#788=CARTESIAN_POINT('',(102.,0.,-65.411875));
#789=VERTEX_POINT('',#788);
#790=CARTESIAN_POINT('',(102.,0.,-65.411875));
#791=DIRECTION('',(0.,1.,0.));
#792=VECTOR('',#791,3.175);
#793=LINE('',#790,#792);
#794=EDGE_CURVE('',#789,#781,#793,.T.);
#795=ORIENTED_EDGE('',*,*,#794,.F.);
#796=CARTESIAN_POINT('',(102.,0.,-63.4275));
#797=VERTEX_POINT('',#796);
#798=CARTESIAN_POINT('',(102.,0.,-63.4275));
#799=DIRECTION('',(0.,0.,-1.));
#800=VECTOR('',#799,1.984375);
#801=LINE('',#798,#800);
#802=EDGE_CURVE('',#797,#789,#801,.T.);
#803=ORIENTED_EDGE('',*,*,#802,.F.);
#804=CARTESIAN_POINT('',(102.,3.175,-63.4275));
#805=VERTEX_POINT('',#804);
#806=CARTESIAN_POINT('',(102.,3.175,-63.4275));
#807=DIRECTION('',(-0.,-1.,-0.));
#808=VECTOR('',#807,3.175);
#809=LINE('',#806,#808);
#810=EDGE_CURVE('',#805,#797,#809,.T.);
#811=ORIENTED_EDGE('',*,*,#810,.F.);
#812=CARTESIAN_POINT('',(102.,3.175,-54.301875));
#813=VERTEX_POINT('',#812);
#814=CARTESIAN_POINT('',(102.,3.175,-54.301875));
#815=DIRECTION('',(0.,0.,-1.));
#816=VECTOR('',#815,9.125625);
#817=LINE('',#814,#816);
#818=EDGE_CURVE('',#813,#805,#817,.T.);
#819=ORIENTED_EDGE('',*,*,#818,.F.);
#820=CARTESIAN_POINT('',(102.,0.,-54.301875));
#821=VERTEX_POINT('',#820);
#822=CARTESIAN_POINT('',(102.,0.,-54.301875));
#823=DIRECTION('',(0.,1.,0.));
#824=VECTOR('',#823,3.175);
#825=LINE('',#822,#824);
#826=EDGE_CURVE('',#821,#813,#825,.T.);
#827=ORIENTED_EDGE('',*,*,#826,.F.);
#828=CARTESIAN_POINT('',(102.,0.,-52.3175));
#829=VERTEX_POINT('',#828);
#830=CARTESIAN_POINT('',(102.,0.,-52.3175));
#831=DIRECTION('',(0.,0.,-1.));
#832=VECTOR('',#831,1.984375);
#833=LINE('',#830,#832);
#834=EDGE_CURVE('',#829,#821,#833,.T.);
#835=ORIENTED_EDGE('',*,*,#834,.F.);
#836=CARTESIAN_POINT('',(102.,3.175,-52.3175));
#837=VERTEX_POINT('',#836);
#838=CARTESIAN_POINT('',(102.,3.175,-52.3175));
#839=DIRECTION('',(-0.,-1.,-0.));
#840=VECTOR('',#839,3.175);
#841=LINE('',#838,#840);
#842=EDGE_CURVE('',#837,#829,#841,.T.);
#843=ORIENTED_EDGE('',*,*,#842,.F.);
#844=CARTESIAN_POINT('',(102.,3.175,-43.191875));
#845=VERTEX_POINT('',#844);
#846=CARTESIAN_POINT('',(102.,3.175,-43.191875));
#847=DIRECTION('',(0.,0.,-1.));
#848=VECTOR('',#847,9.125625);
#849=LINE('',#846,#848);
#850=EDGE_CURVE('',#845,#837,#849,.T.);
#851=ORIENTED_EDGE('',*,*,#850,.F.);
#852=CARTESIAN_POINT('',(102.,0.,-43.191875));
#853=VERTEX_POINT('',#852);
#854=CARTESIAN_POINT('',(102.,0.,-43.191875));
#855=DIRECTION('',(0.,1.,0.));
#856=VECTOR('',#855,3.175);
#857=LINE('',#854,#856);
#858=EDGE_CURVE('',#853,#845,#857,.T.);
#859=ORIENTED_EDGE('',*,*,#858,.F.);
#860=CARTESIAN_POINT('',(102.,0.,-41.2075));
#861=VERTEX_POINT('',#860);
#862=CARTESIAN_POINT('',(102.,0.,-41.2075));
#863=DIRECTION('',(0.,0.,-1.));
#864=VECTOR('',#863,1.984375);
#865=LINE('',#862,#864);
#866=EDGE_CURVE('',#861,#853,#865,.T.);
#867=ORIENTED_EDGE('',*,*,#866,.F.);
#868=CARTESIAN_POINT('',(102.,3.175,-41.2075));
#869=VERTEX_POINT('',#868);
#870=CARTESIAN_POINT('',(102.,3.175,-41.2075));
#871=DIRECTION('',(-0.,-1.,-0.));
#872=VECTOR('',#871,3.175);
#873=LINE('',#870,#872);
#874=EDGE_CURVE('',#869,#861,#873,.T.);
#875=ORIENTED_EDGE('',*,*,#874,.F.);
#876=CARTESIAN_POINT('',(102.,3.175,-32.081875));
#877=VERTEX_POINT('',#876);
#878=CARTESIAN_POINT('',(102.,3.175,-32.081875));
#879=DIRECTION('',(0.,0.,-1.));
#880=VECTOR('',#879,9.125625);
#881=LINE('',#878,#880);
#882=EDGE_CURVE('',#877,#869,#881,.T.);
#883=ORIENTED_EDGE('',*,*,#882,.F.);
#884=CARTESIAN_POINT('',(102.,0.,-32.081875));
#885=VERTEX_POINT('',#884);
#886=CARTESIAN_POINT('',(102.,0.,-32.081875));
#887=DIRECTION('',(0.,1.,0.));
#888=VECTOR('',#887,3.175);
#889=LINE('',#886,#888);
#890=EDGE_CURVE('',#885,#877,#889,.T.);
#891=ORIENTED_EDGE('',*,*,#890,.F.);
#892=CARTESIAN_POINT('',(102.,0.,-30.0975));
#893=VERTEX_POINT('',#892);
#894=CARTESIAN_POINT('',(102.,0.,-30.0975));
#895=DIRECTION('',(0.,0.,-1.));
#896=VECTOR('',#895,1.984375);
#897=LINE('',#894,#896);
#898=EDGE_CURVE('',#893,#885,#897,.T.);
#899=ORIENTED_EDGE('',*,*,#898,.F.);
#900=CARTESIAN_POINT('',(102.,3.175,-30.0975));
#901=VERTEX_POINT('',#900);
#902=CARTESIAN_POINT('',(102.,3.175,-30.0975));
#903=DIRECTION('',(-0.,-1.,-0.));
#904=VECTOR('',#903,3.175);
#905=LINE('',#902,#904);
#906=EDGE_CURVE('',#901,#893,#905,.T.);
#907=ORIENTED_EDGE('',*,*,#906,.F.);
#908=CARTESIAN_POINT('',(102.,3.175,-20.971875));
#909=DIRECTION('',(0.,0.,-1.));
#910=VECTOR('',#909,9.125625);
#911=LINE('',#908,#910);
#912=EDGE_CURVE('',#553,#901,#911,.T.);
#913=ORIENTED_EDGE('',*,*,#912,.F.);
#914=ORIENTED_EDGE('',*,*,#596,.F.);
#915=CARTESIAN_POINT('',(102.,0.,-18.9875));
#916=DIRECTION('',(-0.,-0.,-1.));
#917=VECTOR('',#916,1.984375);
#918=LINE('',#915,#917);
#919=EDGE_CURVE('',#616,#585,#918,.T.);
#920=ORIENTED_EDGE('',*,*,#919,.F.);
#921=ORIENTED_EDGE('',*,*,#621,.F.);
#922=EDGE_LOOP('',(#675,#683,#691,#699,#707,#715,#723,#731,#739,#747,#755,#763,#771,#779,#787,#795,#803,#811,#819,#827,#835,#843,#851,#859,#867,#875,
#883,#891,#899,#907,#913,#914,#920,#921));
#923=FACE_BOUND('',#922,.T.);
#924=ADVANCED_FACE('',(#923),#674,.F.);
#925=CARTESIAN_POINT('',(-11.8337,0.,0.));
#926=DIRECTION('',(-1.,0.,0.));
#927=DIRECTION('',(0.,-1.,0.));
#928=AXIS2_PLACEMENT_3D('',#925,#926,#927);
#929=PLANE('',#928);
#930=CARTESIAN_POINT('',(-11.8337,-1.295,-70.9144));
#931=VERTEX_POINT('',#930);
#932=CARTESIAN_POINT('',(-11.8337,-4.295,-70.9144));
#933=VERTEX_POINT('',#932);
#934=CARTESIAN_POINT('',(-11.8337,-1.295,-70.9144));
#935=DIRECTION('',(-0.,-1.,-0.));
#936=VECTOR('',#935,3.);
#937=LINE('',#934,#936);
#938=EDGE_CURVE('',#931,#933,#937,.T.);
#939=ORIENTED_EDGE('',*,*,#938,.F.);
#940=CARTESIAN_POINT('',(-11.8337,-1.295,-101.8569));
#941=VERTEX_POINT('',#940);
#942=CARTESIAN_POINT('',(-11.8337,-1.295,-70.9144));
#943=DIRECTION('',(-0.,-0.,-1.));
#944=VECTOR('',#943,30.9425);
#945=LINE('',#942,#944);
#946=EDGE_CURVE('',#931,#941,#945,.T.);
#947=ORIENTED_EDGE('',*,*,#946,.T.);
#948=CARTESIAN_POINT('',(-11.8337,-4.295,-101.8569));
#949=VERTEX_POINT('',#948);
#950=CARTESIAN_POINT('',(-11.8337,-1.295,-101.8569));
#951=DIRECTION('',(0.,-1.,0.));
#952=VECTOR('',#951,3.);
#953=LINE('',#950,#952);
#954=EDGE_CURVE('',#941,#949,#953,.T.);
#955=ORIENTED_EDGE('',*,*,#954,.T.);
#956=CARTESIAN_POINT('',(-11.8337,-4.295,-101.8569));
#957=DIRECTION('',(0.,0.,1.));
#958=VECTOR('',#957,30.9425);
#959=LINE('',#956,#958);
#960=EDGE_CURVE('',#949,#933,#959,.T.);
#961=ORIENTED_EDGE('',*,*,#960,.T.);
#962=EDGE_LOOP('',(#939,#947,#955,#961));
#963=FACE_BOUND('',#962,.T.);
#964=ADVANCED_FACE('',(#963),#929,.T.);
#965=CARTESIAN_POINT('',(20.,0.,0.));
#966=DIRECTION('',(1.,0.,0.));
#967=DIRECTION('',(0.,0.,-1.));
#968=AXIS2_PLACEMENT_3D('',#965,#966,#967);
#969=PLANE('',#968);
#970=CARTESIAN_POINT('',(20.,-1.295,-9.9719));
#971=VERTEX_POINT('',#970);
#972=CARTESIAN_POINT('',(20.,-1.295,-6.9694));
#973=VERTEX_POINT('',#972);
#974=CARTESIAN_POINT('',(20.,-1.295,-9.9719));
#975=DIRECTION('',(0.,0.,1.));
#976=VECTOR('',#975,3.0025);
#977=LINE('',#974,#976);
#978=EDGE_CURVE('',#971,#973,#977,.T.);
#979=ORIENTED_EDGE('',*,*,#978,.F.);
#980=CARTESIAN_POINT('',(20.,-4.295,-9.9719));
#981=VERTEX_POINT('',#980);
#982=CARTESIAN_POINT('',(20.,-4.295,-9.9719));
#983=DIRECTION('',(0.,1.,0.));
#984=VECTOR('',#983,3.);
#985=LINE('',#982,#984);
#986=EDGE_CURVE('',#981,#971,#985,.T.);
#987=ORIENTED_EDGE('',*,*,#986,.F.);
#988=CARTESIAN_POINT('',(20.,-4.295,-6.9694));
#989=VERTEX_POINT('',#988);
#990=CARTESIAN_POINT('',(20.,-4.295,-6.9694));
#991=DIRECTION('',(0.,0.,-1.));
#992=VECTOR('',#991,3.0025);
#993=LINE('',#990,#992);
#994=EDGE_CURVE('',#989,#981,#993,.T.);
#995=ORIENTED_EDGE('',*,*,#994,.F.);
#996=CARTESIAN_POINT('',(20.,-4.295,-6.9694));
#997=DIRECTION('',(0.,1.,0.));
#998=VECTOR('',#997,3.);
#999=LINE('',#996,#998);
#1000=EDGE_CURVE('',#989,#973,#999,.T.);
#1001=ORIENTED_EDGE('',*,*,#1000,.T.);
#1002=EDGE_LOOP('',(#979,#987,#995,#1001));
#1003=FACE_BOUND('',#1002,.T.);
#1004=ADVANCED_FACE('',(#1003),#969,.F.);
#1005=CARTESIAN_POINT('',(-11.8337,0.,0.));
#1006=DIRECTION('',(-1.,0.,0.));
#1007=DIRECTION('',(0.,-1.,0.));
#1008=AXIS2_PLACEMENT_3D('',#1005,#1006,#1007);
#1009=PLANE('',#1008);
#1010=CARTESIAN_POINT('',(-11.8337,-4.295,-40.9144));
#1011=VERTEX_POINT('',#1010);
#1012=CARTESIAN_POINT('',(-11.8337,-1.295,-40.9144));
#1013=VERTEX_POINT('',#1012);
#1014=CARTESIAN_POINT('',(-11.8337,-4.295,-40.9144));
#1015=DIRECTION('',(0.,1.,0.));
#1016=VECTOR('',#1015,3.);
#1017=LINE('',#1014,#1016);
#1018=EDGE_CURVE('',#1011,#1013,#1017,.T.);
#1019=ORIENTED_EDGE('',*,*,#1018,.F.);
#1020=CARTESIAN_POINT('',(-11.8337,-4.295,-9.9719));
#1021=VERTEX_POINT('',#1020);
#1022=CARTESIAN_POINT('',(-11.8337,-4.295,-40.9144));
#1023=DIRECTION('',(0.,0.,1.));
#1024=VECTOR('',#1023,30.9425);
#1025=LINE('',#1022,#1024);
#1026=EDGE_CURVE('',#1011,#1021,#1025,.T.);
#1027=ORIENTED_EDGE('',*,*,#1026,.T.);
#1028=CARTESIAN_POINT('',(-11.8337,-1.295,-9.9719));
#1029=VERTEX_POINT('',#1028);
#1030=CARTESIAN_POINT('',(-11.8337,-4.295,-9.9719));
#1031=DIRECTION('',(-0.,1.,-0.));
#1032=VECTOR('',#1031,3.);
#1033=LINE('',#1030,#1032);
#1034=EDGE_CURVE('',#1021,#1029,#1033,.T.);
#1035=ORIENTED_EDGE('',*,*,#1034,.T.);
#1036=CARTESIAN_POINT('',(-11.8337,-1.295,-9.9719));
#1037=DIRECTION('',(-0.,-0.,-1.));
#1038=VECTOR('',#1037,30.9425);
#1039=LINE('',#1036,#1038);
#1040=EDGE_CURVE('',#1029,#1013,#1039,.T.);
#1041=ORIENTED_EDGE('',*,*,#1040,.T.);
#1042=EDGE_LOOP('',(#1019,#1027,#1035,#1041));
#1043=FACE_BOUND('',#1042,.T.);
#1044=ADVANCED_FACE('',(#1043),#1009,.T.);
#1045=CARTESIAN_POINT('',(108.4528,-2.795,-96.6475));
#1046=DIRECTION('',(1.,0.,0.));
#1047=DIRECTION('',(0.,0.,-1.));
#1048=AXIS2_PLACEMENT_3D('',#1045,#1046,#1047);
#1049=PLANE('',#1048);
#1050=CARTESIAN_POINT('',(108.4528,-4.295,-9.9719));
#1051=VERTEX_POINT('',#1050);
#1052=CARTESIAN_POINT('',(108.4528,-1.295,-9.9719));
#1053=VERTEX_POINT('',#1052);
#1054=CARTESIAN_POINT('',(108.4528,-4.295,-9.9719));
#1055=DIRECTION('',(0.,1.,0.));
#1056=VECTOR('',#1055,3.);
#1057=LINE('',#1054,#1056);
#1058=EDGE_CURVE('',#1051,#1053,#1057,.T.);
#1059=ORIENTED_EDGE('',*,*,#1058,.F.);
#1060=CARTESIAN_POINT('',(108.4528,-4.295,-101.8569));
#1061=VERTEX_POINT('',#1060);
#1062=CARTESIAN_POINT('',(108.4528,-4.295,-101.8569));
#1063=DIRECTION('',(-0.,-0.,1.));
#1064=VECTOR('',#1063,91.885);
#1065=LINE('',#1062,#1064);
#1066=EDGE_CURVE('',#1061,#1051,#1065,.T.);
#1067=ORIENTED_EDGE('',*,*,#1066,.F.);
#1068=CARTESIAN_POINT('',(108.4528,-1.295,-101.8569));
#1069=VERTEX_POINT('',#1068);
#1070=CARTESIAN_POINT('',(108.4528,-4.295,-101.8569));
#1071=DIRECTION('',(0.,1.,0.));
#1072=VECTOR('',#1071,3.);
#1073=LINE('',#1070,#1072);
#1074=EDGE_CURVE('',#1061,#1069,#1073,.T.);
#1075=ORIENTED_EDGE('',*,*,#1074,.T.);
#1076=CARTESIAN_POINT('',(108.4528,-1.295,-101.8569));
#1077=DIRECTION('',(-0.,-0.,1.));
#1078=VECTOR('',#1077,91.885);
#1079=LINE('',#1076,#1078);
#1080=EDGE_CURVE('',#1069,#1053,#1079,.T.);
#1081=ORIENTED_EDGE('',*,*,#1080,.T.);
#1082=EDGE_LOOP('',(#1059,#1067,#1075,#1081));
#1083=FACE_BOUND('',#1082,.T.);
#1084=ADVANCED_FACE('',(#1083),#1049,.T.);
#1085=CARTESIAN_POINT('',(105.2264,-1.295,-96.6475));
#1086=DIRECTION('',(0.,1.,0.));
#1087=DIRECTION('',(0.,0.,1.));
#1088=AXIS2_PLACEMENT_3D('',#1085,#1086,#1087);
#1089=PLANE('',#1088);
#1090=CARTESIAN_POINT('',(108.4528,-1.295,-9.9719));
#1091=DIRECTION('',(-1.,-0.,0.));
#1092=VECTOR('',#1091,6.4528);
#1093=LINE('',#1090,#1092);
#1094=EDGE_CURVE('',#1053,#693,#1093,.T.);
#1095=ORIENTED_EDGE('',*,*,#1094,.F.);
#1096=ORIENTED_EDGE('',*,*,#1080,.F.);
#1097=CARTESIAN_POINT('',(108.4528,-1.295,-101.8569));
#1098=DIRECTION('',(-1.,-0.,0.));
#1099=VECTOR('',#1098,6.4528);
#1100=LINE('',#1097,#1099);
#1101=EDGE_CURVE('',#1069,#701,#1100,.T.);
#1102=ORIENTED_EDGE('',*,*,#1101,.T.);
#1103=ORIENTED_EDGE('',*,*,#706,.T.);
#1104=EDGE_LOOP('',(#1095,#1096,#1102,#1103));
#1105=FACE_BOUND('',#1104,.T.);
#1106=ADVANCED_FACE('',(#1105),#1089,.T.);
#1107=CARTESIAN_POINT('',(0.,0.,-101.8569));
#1108=DIRECTION('',(0.,0.,1.));
#1109=DIRECTION('',(1.,0.,0.));
#1110=AXIS2_PLACEMENT_3D('',#1107,#1108,#1109);
#1111=PLANE('',#1110);
#1112=CARTESIAN_POINT('',(50.,-4.295,-101.8569));
#1113=VERTEX_POINT('',#1112);
#1114=CARTESIAN_POINT('',(50.,-4.295,-101.8569));
#1115=DIRECTION('',(1.,0.,-0.));
#1116=VECTOR('',#1115,58.4528);
#1117=LINE('',#1114,#1116);
#1118=EDGE_CURVE('',#1113,#1061,#1117,.T.);
#1119=ORIENTED_EDGE('',*,*,#1118,.F.);
#1120=CARTESIAN_POINT('',(50.,-1.295,-101.8569));
#1121=VERTEX_POINT('',#1120);
#1122=CARTESIAN_POINT('',(50.,-4.295,-101.8569));
#1123=DIRECTION('',(0.,1.,0.));
#1124=VECTOR('',#1123,3.);
#1125=LINE('',#1122,#1124);
#1126=EDGE_CURVE('',#1113,#1121,#1125,.T.);
#1127=ORIENTED_EDGE('',*,*,#1126,.T.);
#1128=CARTESIAN_POINT('',(20.,-1.295,-101.8569));
#1129=VERTEX_POINT('',#1128);
#1130=CARTESIAN_POINT('',(20.,-1.295,-101.8569));
#1131=DIRECTION('',(1.,-0.,-0.));
#1132=VECTOR('',#1131,30.);
#1133=LINE('',#1130,#1132);
#1134=EDGE_CURVE('',#1129,#1121,#1133,.T.);
#1135=ORIENTED_EDGE('',*,*,#1134,.F.);
#1136=CARTESIAN_POINT('',(20.,-4.295,-101.8569));
#1137=VERTEX_POINT('',#1136);
#1138=CARTESIAN_POINT('',(20.,-4.295,-101.8569));
#1139=DIRECTION('',(0.,1.,0.));
#1140=VECTOR('',#1139,3.);
#1141=LINE('',#1138,#1140);
#1142=EDGE_CURVE('',#1137,#1129,#1141,.T.);
#1143=ORIENTED_EDGE('',*,*,#1142,.F.);
#1144=CARTESIAN_POINT('',(-11.8337,-4.295,-101.8569));
#1145=DIRECTION('',(1.,0.,-0.));
#1146=VECTOR('',#1145,31.8337);
#1147=LINE('',#1144,#1146);
#1148=EDGE_CURVE('',#949,#1137,#1147,.T.);
#1149=ORIENTED_EDGE('',*,*,#1148,.F.);
#1150=ORIENTED_EDGE('',*,*,#954,.F.);
#1151=CARTESIAN_POINT('',(-11.8337,-1.295,-101.8569));
#1152=DIRECTION('',(1.,0.,-0.));
#1153=VECTOR('',#1152,13.8337);
#1154=LINE('',#1151,#1153);
#1155=EDGE_CURVE('',#941,#61,#1154,.T.);
#1156=ORIENTED_EDGE('',*,*,#1155,.T.);
#1157=ORIENTED_EDGE('',*,*,#68,.T.);
#1158=CARTESIAN_POINT('',(2.,3.175,-101.8569));
#1159=DIRECTION('',(1.,0.,-0.));
#1160=VECTOR('',#1159,100.);
#1161=LINE('',#1158,#1160);
#1162=EDGE_CURVE('',#63,#709,#1161,.T.);
#1163=ORIENTED_EDGE('',*,*,#1162,.T.);
#1164=ORIENTED_EDGE('',*,*,#714,.T.);
#1165=ORIENTED_EDGE('',*,*,#1101,.F.);
#1166=ORIENTED_EDGE('',*,*,#1074,.F.);
#1167=EDGE_LOOP('',(#1119,#1127,#1135,#1143,#1149,#1150,#1156,#1157,#1163,#1164,#1165,#1166));
#1168=FACE_BOUND('',#1167,.T.);
#1169=ADVANCED_FACE('',(#1168),#1111,.F.);
#1170=CARTESIAN_POINT('',(0.,0.,-9.9719));
#1171=DIRECTION('',(0.,0.,1.));
#1172=DIRECTION('',(1.,0.,0.));
#1173=AXIS2_PLACEMENT_3D('',#1170,#1171,#1172);
#1174=PLANE('',#1173);
#1175=CARTESIAN_POINT('',(2.,1.175,-9.9719));
#1176=DIRECTION('',(1.,0.,-0.));
#1177=VECTOR('',#1176,100.);
#1178=LINE('',#1175,#1177);
#1179=EDGE_CURVE('',#79,#685,#1178,.T.);
#1180=ORIENTED_EDGE('',*,*,#1179,.F.);
#1181=ORIENTED_EDGE('',*,*,#84,.F.);
#1182=CARTESIAN_POINT('',(-11.8337,-1.295,-9.9719));
#1183=DIRECTION('',(1.,0.,-0.));
#1184=VECTOR('',#1183,13.8337);
#1185=LINE('',#1182,#1184);
#1186=EDGE_CURVE('',#1029,#71,#1185,.T.);
#1187=ORIENTED_EDGE('',*,*,#1186,.F.);
#1188=ORIENTED_EDGE('',*,*,#1034,.F.);
#1189=CARTESIAN_POINT('',(20.,-4.295,-9.9719));
#1190=DIRECTION('',(-1.,-0.,0.));
#1191=VECTOR('',#1190,31.8337);
#1192=LINE('',#1189,#1191);
#1193=EDGE_CURVE('',#981,#1021,#1192,.T.);
#1194=ORIENTED_EDGE('',*,*,#1193,.F.);
#1195=ORIENTED_EDGE('',*,*,#986,.T.);
#1196=CARTESIAN_POINT('',(50.,-1.295,-9.9719));
#1197=VERTEX_POINT('',#1196);
#1198=CARTESIAN_POINT('',(50.,-1.295,-9.9719));
#1199=DIRECTION('',(-1.,-0.,0.));
#1200=VECTOR('',#1199,30.);
#1201=LINE('',#1198,#1200);
#1202=EDGE_CURVE('',#1197,#971,#1201,.T.);
#1203=ORIENTED_EDGE('',*,*,#1202,.F.);
#1204=CARTESIAN_POINT('',(50.,-4.295,-9.9719));
#1205=VERTEX_POINT('',#1204);
#1206=CARTESIAN_POINT('',(50.,-4.295,-9.9719));
#1207=DIRECTION('',(0.,1.,0.));
#1208=VECTOR('',#1207,3.);
#1209=LINE('',#1206,#1208);
#1210=EDGE_CURVE('',#1205,#1197,#1209,.T.);
#1211=ORIENTED_EDGE('',*,*,#1210,.F.);
#1212=CARTESIAN_POINT('',(50.,-4.295,-9.9719));
#1213=DIRECTION('',(1.,0.,-0.));
#1214=VECTOR('',#1213,58.4528);
#1215=LINE('',#1212,#1214);
#1216=EDGE_CURVE('',#1205,#1051,#1215,.T.);
#1217=ORIENTED_EDGE('',*,*,#1216,.T.);
#1218=ORIENTED_EDGE('',*,*,#1058,.T.);
#1219=ORIENTED_EDGE('',*,*,#1094,.T.);
#1220=ORIENTED_EDGE('',*,*,#698,.T.);
#1221=EDGE_LOOP('',(#1180,#1181,#1187,#1188,#1194,#1195,#1203,#1211,#1217,#1218,#1219,#1220));
#1222=FACE_BOUND('',#1221,.T.);
#1223=ADVANCED_FACE('',(#1222),#1174,.T.);
#1224=CARTESIAN_POINT('',(0.,2.175,-87.631875));
#1225=DIRECTION('',(0.,0.,1.));
#1226=DIRECTION('',(1.,0.,0.));
#1227=AXIS2_PLACEMENT_3D('',#1224,#1225,#1226);
#1228=PLANE('',#1227);
#1229=CARTESIAN_POINT('',(62.5025,0.,-87.631875));
#1230=VERTEX_POINT('',#1229);
#1231=CARTESIAN_POINT('',(62.5025,2.175,-87.631875));
#1232=VERTEX_POINT('',#1231);
#1233=CARTESIAN_POINT('',(62.5025,0.,-87.631875));
#1234=DIRECTION('',(0.,1.,0.));
#1235=VECTOR('',#1234,2.175);
#1236=LINE('',#1233,#1235);
#1237=EDGE_CURVE('',#1230,#1232,#1236,.T.);
#1238=ORIENTED_EDGE('',*,*,#1237,.F.);
#1239=CARTESIAN_POINT('',(62.5025,0.,-87.631875));
#1240=DIRECTION('',(1.,0.,-0.));
#1241=VECTOR('',#1240,39.4975);
#1242=LINE('',#1239,#1241);
#1243=EDGE_CURVE('',#1230,#725,#1242,.T.);
#1244=ORIENTED_EDGE('',*,*,#1243,.T.);
#1245=ORIENTED_EDGE('',*,*,#730,.T.);
#1246=CARTESIAN_POINT('',(2.,3.175,-87.631875));
#1247=DIRECTION('',(1.,0.,-0.));
#1248=VECTOR('',#1247,100.);
#1249=LINE('',#1246,#1248);
#1250=EDGE_CURVE('',#304,#717,#1249,.T.);
#1251=ORIENTED_EDGE('',*,*,#1250,.F.);
#1252=ORIENTED_EDGE('',*,*,#309,.F.);
#1253=CARTESIAN_POINT('',(2.,2.175,-87.631875));
#1254=DIRECTION('',(1.,0.,-0.));
#1255=VECTOR('',#1254,60.5025);
#1256=LINE('',#1253,#1255);
#1257=EDGE_CURVE('',#296,#1232,#1256,.T.);
#1258=ORIENTED_EDGE('',*,*,#1257,.T.);
#1259=EDGE_LOOP('',(#1238,#1244,#1245,#1251,#1252,#1258));
#1260=FACE_BOUND('',#1259,.T.);
#1261=ADVANCED_FACE('',(#1260),#1228,.T.);
#1262=CARTESIAN_POINT('',(62.5025,-6.825,-95.2375));
#1263=DIRECTION('',(-1.,0.,0.));
#1264=DIRECTION('',(0.,0.,1.));
#1265=AXIS2_PLACEMENT_3D('',#1262,#1263,#1264);
#1266=PLANE('',#1265);
#1267=CARTESIAN_POINT('',(62.5025,0.,-85.6475));
#1268=VERTEX_POINT('',#1267);
#1269=CARTESIAN_POINT('',(62.5025,0.,-87.631875));
#1270=DIRECTION('',(-0.,-0.,1.));
#1271=VECTOR('',#1270,1.984375);
#1272=LINE('',#1269,#1271);
#1273=EDGE_CURVE('',#1230,#1268,#1272,.T.);
#1274=ORIENTED_EDGE('',*,*,#1273,.F.);
#1275=ORIENTED_EDGE('',*,*,#1237,.T.);
#1276=CARTESIAN_POINT('',(62.5025,2.175,-85.6475));
#1277=VERTEX_POINT('',#1276);
#1278=CARTESIAN_POINT('',(62.5025,2.175,-85.6475));
#1279=DIRECTION('',(-0.,-0.,-1.));
#1280=VECTOR('',#1279,1.984375);
#1281=LINE('',#1278,#1280);
#1282=EDGE_CURVE('',#1277,#1232,#1281,.T.);
#1283=ORIENTED_EDGE('',*,*,#1282,.F.);
#1284=CARTESIAN_POINT('',(62.5025,2.175,-85.6475));
#1285=DIRECTION('',(-0.,-1.,-0.));
#1286=VECTOR('',#1285,2.175);
#1287=LINE('',#1284,#1286);
#1288=EDGE_CURVE('',#1277,#1268,#1287,.T.);
#1289=ORIENTED_EDGE('',*,*,#1288,.T.);
#1290=EDGE_LOOP('',(#1274,#1275,#1283,#1289));
#1291=FACE_BOUND('',#1290,.T.);
#1292=ADVANCED_FACE('',(#1291),#1266,.F.);
#1293=CARTESIAN_POINT('',(0.,2.175,-85.6475));
#1294=DIRECTION('',(0.,0.,1.));
#1295=DIRECTION('',(1.,0.,0.));
#1296=AXIS2_PLACEMENT_3D('',#1293,#1294,#1295);
#1297=PLANE('',#1296);
#1298=CARTESIAN_POINT('',(62.5025,0.,-85.6475));
#1299=DIRECTION('',(1.,0.,-0.));
#1300=VECTOR('',#1299,39.4975);
#1301=LINE('',#1298,#1300);
#1302=EDGE_CURVE('',#1268,#733,#1301,.T.);
#1303=ORIENTED_EDGE('',*,*,#1302,.F.);
#1304=ORIENTED_EDGE('',*,*,#1288,.F.);
#1305=CARTESIAN_POINT('',(2.,2.175,-85.6475));
#1306=DIRECTION('',(1.,0.,-0.));
#1307=VECTOR('',#1306,60.5025);
#1308=LINE('',#1305,#1307);
#1309=EDGE_CURVE('',#288,#1277,#1308,.T.);
#1310=ORIENTED_EDGE('',*,*,#1309,.F.);
#1311=ORIENTED_EDGE('',*,*,#293,.T.);
#1312=CARTESIAN_POINT('',(2.,3.175,-85.6475));
#1313=DIRECTION('',(1.,0.,-0.));
#1314=VECTOR('',#1313,100.);
#1315=LINE('',#1312,#1314);
#1316=EDGE_CURVE('',#280,#741,#1315,.T.);
#1317=ORIENTED_EDGE('',*,*,#1316,.T.);
#1318=ORIENTED_EDGE('',*,*,#746,.T.);
#1319=EDGE_LOOP('',(#1303,#1304,#1310,#1311,#1317,#1318));
#1320=FACE_BOUND('',#1319,.T.);
#1321=ADVANCED_FACE('',(#1320),#1297,.F.);
#1322=CARTESIAN_POINT('',(62.5025,-6.825,-95.2375));
#1323=DIRECTION('',(-1.,0.,0.));
#1324=DIRECTION('',(0.,0.,1.));
#1325=AXIS2_PLACEMENT_3D('',#1322,#1323,#1324);
#1326=PLANE('',#1325);
#1327=CARTESIAN_POINT('',(62.5025,0.,-76.521875));
#1328=VERTEX_POINT('',#1327);
#1329=CARTESIAN_POINT('',(62.5025,0.,-74.5375));
#1330=VERTEX_POINT('',#1329);
#1331=CARTESIAN_POINT('',(62.5025,0.,-76.521875));
#1332=DIRECTION('',(-0.,-0.,1.));
#1333=VECTOR('',#1332,1.984375);
#1334=LINE('',#1331,#1333);
#1335=EDGE_CURVE('',#1328,#1330,#1334,.T.);
#1336=ORIENTED_EDGE('',*,*,#1335,.F.);
#1337=CARTESIAN_POINT('',(62.5025,2.175,-76.521875));
#1338=VERTEX_POINT('',#1337);
#1339=CARTESIAN_POINT('',(62.5025,0.,-76.521875));
#1340=DIRECTION('',(0.,1.,0.));
#1341=VECTOR('',#1340,2.175);
#1342=LINE('',#1339,#1341);
#1343=EDGE_CURVE('',#1328,#1338,#1342,.T.);
#1344=ORIENTED_EDGE('',*,*,#1343,.T.);
#1345=CARTESIAN_POINT('',(62.5025,2.175,-74.5375));
#1346=VERTEX_POINT('',#1345);
#1347=CARTESIAN_POINT('',(62.5025,2.175,-76.521875));
#1348=DIRECTION('',(0.,0.,1.));
#1349=VECTOR('',#1348,1.984375);
#1350=LINE('',#1347,#1349);
#1351=EDGE_CURVE('',#1338,#1346,#1350,.T.);
#1352=ORIENTED_EDGE('',*,*,#1351,.T.);
#1353=CARTESIAN_POINT('',(62.5025,2.175,-74.5375));
#1354=DIRECTION('',(-0.,-1.,-0.));
#1355=VECTOR('',#1354,2.175);
#1356=LINE('',#1353,#1355);
#1357=EDGE_CURVE('',#1346,#1330,#1356,.T.);
#1358=ORIENTED_EDGE('',*,*,#1357,.T.);
#1359=EDGE_LOOP('',(#1336,#1344,#1352,#1358));
#1360=FACE_BOUND('',#1359,.T.);
#1361=ADVANCED_FACE('',(#1360),#1326,.F.);
#1362=CARTESIAN_POINT('',(0.,2.175,-76.521875));
#1363=DIRECTION('',(0.,0.,1.));
#1364=DIRECTION('',(1.,0.,0.));
#1365=AXIS2_PLACEMENT_3D('',#1362,#1363,#1364);
#1366=PLANE('',#1365);
#1367=ORIENTED_EDGE('',*,*,#1343,.F.);
#1368=CARTESIAN_POINT('',(62.5025,0.,-76.521875));
#1369=DIRECTION('',(1.,0.,-0.));
#1370=VECTOR('',#1369,39.4975);
#1371=LINE('',#1368,#1370);
#1372=EDGE_CURVE('',#1328,#757,#1371,.T.);
#1373=ORIENTED_EDGE('',*,*,#1372,.T.);
#1374=ORIENTED_EDGE('',*,*,#762,.T.);
#1375=CARTESIAN_POINT('',(2.,3.175,-76.521875));
#1376=DIRECTION('',(1.,0.,-0.));
#1377=VECTOR('',#1376,100.);
#1378=LINE('',#1375,#1377);
#1379=EDGE_CURVE('',#272,#749,#1378,.T.);
#1380=ORIENTED_EDGE('',*,*,#1379,.F.);
#1381=ORIENTED_EDGE('',*,*,#277,.F.);
#1382=CARTESIAN_POINT('',(2.,2.175,-76.521875));
#1383=DIRECTION('',(1.,0.,-0.));
#1384=VECTOR('',#1383,60.5025);
#1385=LINE('',#1382,#1384);
#1386=EDGE_CURVE('',#264,#1338,#1385,.T.);
#1387=ORIENTED_EDGE('',*,*,#1386,.T.);
#1388=EDGE_LOOP('',(#1367,#1373,#1374,#1380,#1381,#1387));
#1389=FACE_BOUND('',#1388,.T.);
#1390=ADVANCED_FACE('',(#1389),#1366,.T.);
#1391=CARTESIAN_POINT('',(0.,2.175,-74.5375));
#1392=DIRECTION('',(0.,0.,1.));
#1393=DIRECTION('',(1.,0.,0.));
#1394=AXIS2_PLACEMENT_3D('',#1391,#1392,#1393);
#1395=PLANE('',#1394);
#1396=CARTESIAN_POINT('',(62.5025,0.,-74.5375));
#1397=DIRECTION('',(1.,0.,-0.));
#1398=VECTOR('',#1397,39.4975);
#1399=LINE('',#1396,#1398);
#1400=EDGE_CURVE('',#1330,#765,#1399,.T.);
#1401=ORIENTED_EDGE('',*,*,#1400,.F.);
#1402=ORIENTED_EDGE('',*,*,#1357,.F.);
#1403=CARTESIAN_POINT('',(2.,2.175,-74.5375));
#1404=DIRECTION('',(1.,0.,-0.));
#1405=VECTOR('',#1404,60.5025);
#1406=LINE('',#1403,#1405);
#1407=EDGE_CURVE('',#256,#1346,#1406,.T.);
#1408=ORIENTED_EDGE('',*,*,#1407,.F.);
#1409=ORIENTED_EDGE('',*,*,#261,.T.);
#1410=CARTESIAN_POINT('',(2.,3.175,-74.5375));
#1411=DIRECTION('',(1.,0.,-0.));
#1412=VECTOR('',#1411,100.);
#1413=LINE('',#1410,#1412);
#1414=EDGE_CURVE('',#248,#773,#1413,.T.);
#1415=ORIENTED_EDGE('',*,*,#1414,.T.);
#1416=ORIENTED_EDGE('',*,*,#778,.T.);
#1417=EDGE_LOOP('',(#1401,#1402,#1408,#1409,#1415,#1416));
#1418=FACE_BOUND('',#1417,.T.);
#1419=ADVANCED_FACE('',(#1418),#1395,.F.);
#1420=CARTESIAN_POINT('',(62.5025,-6.825,-95.2375));
#1421=DIRECTION('',(-1.,0.,0.));
#1422=DIRECTION('',(0.,0.,1.));
#1423=AXIS2_PLACEMENT_3D('',#1420,#1421,#1422);
#1424=PLANE('',#1423);
#1425=CARTESIAN_POINT('',(62.5025,0.,-65.411875));
#1426=VERTEX_POINT('',#1425);
#1427=CARTESIAN_POINT('',(62.5025,0.,-63.4275));
#1428=VERTEX_POINT('',#1427);
#1429=CARTESIAN_POINT('',(62.5025,0.,-65.411875));
#1430=DIRECTION('',(-0.,-0.,1.));
#1431=VECTOR('',#1430,1.984375);
#1432=LINE('',#1429,#1431);
#1433=EDGE_CURVE('',#1426,#1428,#1432,.T.);
#1434=ORIENTED_EDGE('',*,*,#1433,.F.);
#1435=CARTESIAN_POINT('',(62.5025,2.175,-65.411875));
#1436=VERTEX_POINT('',#1435);
#1437=CARTESIAN_POINT('',(62.5025,0.,-65.411875));
#1438=DIRECTION('',(0.,1.,0.));
#1439=VECTOR('',#1438,2.175);
#1440=LINE('',#1437,#1439);
#1441=EDGE_CURVE('',#1426,#1436,#1440,.T.);
#1442=ORIENTED_EDGE('',*,*,#1441,.T.);
#1443=CARTESIAN_POINT('',(62.5025,2.175,-63.4275));
#1444=VERTEX_POINT('',#1443);
#1445=CARTESIAN_POINT('',(62.5025,2.175,-65.411875));
#1446=DIRECTION('',(0.,0.,1.));
#1447=VECTOR('',#1446,1.984375);
#1448=LINE('',#1445,#1447);
#1449=EDGE_CURVE('',#1436,#1444,#1448,.T.);
#1450=ORIENTED_EDGE('',*,*,#1449,.T.);
#1451=CARTESIAN_POINT('',(62.5025,2.175,-63.4275));
#1452=DIRECTION('',(-0.,-1.,-0.));
#1453=VECTOR('',#1452,2.175);
#1454=LINE('',#1451,#1453);
#1455=EDGE_CURVE('',#1444,#1428,#1454,.T.);
#1456=ORIENTED_EDGE('',*,*,#1455,.T.);
#1457=EDGE_LOOP('',(#1434,#1442,#1450,#1456));
#1458=FACE_BOUND('',#1457,.T.);
#1459=ADVANCED_FACE('',(#1458),#1424,.F.);
#1460=CARTESIAN_POINT('',(0.,2.175,-65.411875));
#1461=DIRECTION('',(0.,0.,1.));
#1462=DIRECTION('',(1.,0.,0.));
#1463=AXIS2_PLACEMENT_3D('',#1460,#1461,#1462);
#1464=PLANE('',#1463);
#1465=ORIENTED_EDGE('',*,*,#1441,.F.);
#1466=CARTESIAN_POINT('',(62.5025,0.,-65.411875));
#1467=DIRECTION('',(1.,0.,-0.));
#1468=VECTOR('',#1467,39.4975);
#1469=LINE('',#1466,#1468);
#1470=EDGE_CURVE('',#1426,#789,#1469,.T.);
#1471=ORIENTED_EDGE('',*,*,#1470,.T.);
#1472=ORIENTED_EDGE('',*,*,#794,.T.);
#1473=CARTESIAN_POINT('',(2.,3.175,-65.411875));
#1474=DIRECTION('',(1.,0.,-0.));
#1475=VECTOR('',#1474,100.);
#1476=LINE('',#1473,#1475);
#1477=EDGE_CURVE('',#240,#781,#1476,.T.);
#1478=ORIENTED_EDGE('',*,*,#1477,.F.);
#1479=ORIENTED_EDGE('',*,*,#245,.F.);
#1480=CARTESIAN_POINT('',(2.,2.175,-65.411875));
#1481=DIRECTION('',(1.,0.,-0.));
#1482=VECTOR('',#1481,60.5025);
#1483=LINE('',#1480,#1482);
#1484=EDGE_CURVE('',#232,#1436,#1483,.T.);
#1485=ORIENTED_EDGE('',*,*,#1484,.T.);
#1486=EDGE_LOOP('',(#1465,#1471,#1472,#1478,#1479,#1485));
#1487=FACE_BOUND('',#1486,.T.);
#1488=ADVANCED_FACE('',(#1487),#1464,.T.);
#1489=CARTESIAN_POINT('',(0.,2.175,-63.4275));
#1490=DIRECTION('',(0.,0.,1.));
#1491=DIRECTION('',(1.,0.,0.));
#1492=AXIS2_PLACEMENT_3D('',#1489,#1490,#1491);
#1493=PLANE('',#1492);
#1494=CARTESIAN_POINT('',(62.5025,0.,-63.4275));
#1495=DIRECTION('',(1.,0.,-0.));
#1496=VECTOR('',#1495,39.4975);
#1497=LINE('',#1494,#1496);
#1498=EDGE_CURVE('',#1428,#797,#1497,.T.);
#1499=ORIENTED_EDGE('',*,*,#1498,.F.);
#1500=ORIENTED_EDGE('',*,*,#1455,.F.);
#1501=CARTESIAN_POINT('',(2.,2.175,-63.4275));
#1502=DIRECTION('',(1.,0.,-0.));
#1503=VECTOR('',#1502,60.5025);
#1504=LINE('',#1501,#1503);
#1505=EDGE_CURVE('',#224,#1444,#1504,.T.);
#1506=ORIENTED_EDGE('',*,*,#1505,.F.);
#1507=ORIENTED_EDGE('',*,*,#229,.T.);
#1508=CARTESIAN_POINT('',(2.,3.175,-63.4275));
#1509=DIRECTION('',(1.,0.,-0.));
#1510=VECTOR('',#1509,100.);
#1511=LINE('',#1508,#1510);
#1512=EDGE_CURVE('',#216,#805,#1511,.T.);
#1513=ORIENTED_EDGE('',*,*,#1512,.T.);
#1514=ORIENTED_EDGE('',*,*,#810,.T.);
#1515=EDGE_LOOP('',(#1499,#1500,#1506,#1507,#1513,#1514));
#1516=FACE_BOUND('',#1515,.T.);
#1517=ADVANCED_FACE('',(#1516),#1493,.F.);
#1518=CARTESIAN_POINT('',(62.5025,-6.825,-95.2375));
#1519=DIRECTION('',(-1.,0.,0.));
#1520=DIRECTION('',(0.,0.,1.));
#1521=AXIS2_PLACEMENT_3D('',#1518,#1519,#1520);
#1522=PLANE('',#1521);
#1523=CARTESIAN_POINT('',(62.5025,0.,-54.301875));
#1524=VERTEX_POINT('',#1523);
#1525=CARTESIAN_POINT('',(62.5025,0.,-52.3175));
#1526=VERTEX_POINT('',#1525);
#1527=CARTESIAN_POINT('',(62.5025,0.,-54.301875));
#1528=DIRECTION('',(-0.,-0.,1.));
#1529=VECTOR('',#1528,1.984375);
#1530=LINE('',#1527,#1529);
#1531=EDGE_CURVE('',#1524,#1526,#1530,.T.);
#1532=ORIENTED_EDGE('',*,*,#1531,.F.);
#1533=CARTESIAN_POINT('',(62.5025,2.175,-54.301875));
#1534=VERTEX_POINT('',#1533);
#1535=CARTESIAN_POINT('',(62.5025,0.,-54.301875));
#1536=DIRECTION('',(0.,1.,0.));
#1537=VECTOR('',#1536,2.175);
#1538=LINE('',#1535,#1537);
#1539=EDGE_CURVE('',#1524,#1534,#1538,.T.);
#1540=ORIENTED_EDGE('',*,*,#1539,.T.);
#1541=CARTESIAN_POINT('',(62.5025,2.175,-52.3175));
#1542=VERTEX_POINT('',#1541);
#1543=CARTESIAN_POINT('',(62.5025,2.175,-54.301875));
#1544=DIRECTION('',(0.,0.,1.));
#1545=VECTOR('',#1544,1.984375);
#1546=LINE('',#1543,#1545);
#1547=EDGE_CURVE('',#1534,#1542,#1546,.T.);
#1548=ORIENTED_EDGE('',*,*,#1547,.T.);
#1549=CARTESIAN_POINT('',(62.5025,2.175,-52.3175));
#1550=DIRECTION('',(-0.,-1.,-0.));
#1551=VECTOR('',#1550,2.175);
#1552=LINE('',#1549,#1551);
#1553=EDGE_CURVE('',#1542,#1526,#1552,.T.);
#1554=ORIENTED_EDGE('',*,*,#1553,.T.);
#1555=EDGE_LOOP('',(#1532,#1540,#1548,#1554));
#1556=FACE_BOUND('',#1555,.T.);
#1557=ADVANCED_FACE('',(#1556),#1522,.F.);
#1558=CARTESIAN_POINT('',(0.,2.175,-54.301875));
#1559=DIRECTION('',(0.,0.,1.));
#1560=DIRECTION('',(1.,0.,0.));
#1561=AXIS2_PLACEMENT_3D('',#1558,#1559,#1560);
#1562=PLANE('',#1561);
#1563=ORIENTED_EDGE('',*,*,#1539,.F.);
#1564=CARTESIAN_POINT('',(62.5025,0.,-54.301875));
#1565=DIRECTION('',(1.,0.,-0.));
#1566=VECTOR('',#1565,39.4975);
#1567=LINE('',#1564,#1566);
#1568=EDGE_CURVE('',#1524,#821,#1567,.T.);
#1569=ORIENTED_EDGE('',*,*,#1568,.T.);
#1570=ORIENTED_EDGE('',*,*,#826,.T.);
#1571=CARTESIAN_POINT('',(2.,3.175,-54.301875));
#1572=DIRECTION('',(1.,0.,-0.));
#1573=VECTOR('',#1572,100.);
#1574=LINE('',#1571,#1573);
#1575=EDGE_CURVE('',#208,#813,#1574,.T.);
#1576=ORIENTED_EDGE('',*,*,#1575,.F.);
#1577=ORIENTED_EDGE('',*,*,#213,.F.);
#1578=CARTESIAN_POINT('',(2.,2.175,-54.301875));
#1579=DIRECTION('',(1.,0.,-0.));
#1580=VECTOR('',#1579,60.5025);
#1581=LINE('',#1578,#1580);
#1582=EDGE_CURVE('',#200,#1534,#1581,.T.);
#1583=ORIENTED_EDGE('',*,*,#1582,.T.);
#1584=EDGE_LOOP('',(#1563,#1569,#1570,#1576,#1577,#1583));
#1585=FACE_BOUND('',#1584,.T.);
#1586=ADVANCED_FACE('',(#1585),#1562,.T.);
#1587=CARTESIAN_POINT('',(0.,2.175,-52.3175));
#1588=DIRECTION('',(0.,0.,1.));
#1589=DIRECTION('',(1.,0.,0.));
#1590=AXIS2_PLACEMENT_3D('',#1587,#1588,#1589);
#1591=PLANE('',#1590);
#1592=CARTESIAN_POINT('',(62.5025,0.,-52.3175));
#1593=DIRECTION('',(1.,0.,-0.));
#1594=VECTOR('',#1593,39.4975);
#1595=LINE('',#1592,#1594);
#1596=EDGE_CURVE('',#1526,#829,#1595,.T.);
#1597=ORIENTED_EDGE('',*,*,#1596,.F.);
#1598=ORIENTED_EDGE('',*,*,#1553,.F.);
#1599=CARTESIAN_POINT('',(2.,2.175,-52.3175));
#1600=DIRECTION('',(1.,0.,-0.));
#1601=VECTOR('',#1600,60.5025);
#1602=LINE('',#1599,#1601);
#1603=EDGE_CURVE('',#192,#1542,#1602,.T.);
#1604=ORIENTED_EDGE('',*,*,#1603,.F.);
#1605=ORIENTED_EDGE('',*,*,#197,.T.);
#1606=CARTESIAN_POINT('',(2.,3.175,-52.3175));
#1607=DIRECTION('',(1.,0.,-0.));
#1608=VECTOR('',#1607,100.);
#1609=LINE('',#1606,#1608);
#1610=EDGE_CURVE('',#184,#837,#1609,.T.);
#1611=ORIENTED_EDGE('',*,*,#1610,.T.);
#1612=ORIENTED_EDGE('',*,*,#842,.T.);
#1613=EDGE_LOOP('',(#1597,#1598,#1604,#1605,#1611,#1612));
#1614=FACE_BOUND('',#1613,.T.);
#1615=ADVANCED_FACE('',(#1614),#1591,.F.);
#1616=CARTESIAN_POINT('',(62.5025,-6.825,-95.2375));
#1617=DIRECTION('',(-1.,0.,0.));
#1618=DIRECTION('',(0.,0.,1.));
#1619=AXIS2_PLACEMENT_3D('',#1616,#1617,#1618);
#1620=PLANE('',#1619);
#1621=CARTESIAN_POINT('',(62.5025,0.,-43.191875));
#1622=VERTEX_POINT('',#1621);
#1623=CARTESIAN_POINT('',(62.5025,0.,-41.2075));
#1624=VERTEX_POINT('',#1623);
#1625=CARTESIAN_POINT('',(62.5025,0.,-43.191875));
#1626=DIRECTION('',(-0.,-0.,1.));
#1627=VECTOR('',#1626,1.984375);
#1628=LINE('',#1625,#1627);
#1629=EDGE_CURVE('',#1622,#1624,#1628,.T.);
#1630=ORIENTED_EDGE('',*,*,#1629,.F.);
#1631=CARTESIAN_POINT('',(62.5025,2.175,-43.191875));
#1632=VERTEX_POINT('',#1631);
#1633=CARTESIAN_POINT('',(62.5025,0.,-43.191875));
#1634=DIRECTION('',(0.,1.,0.));
#1635=VECTOR('',#1634,2.175);
#1636=LINE('',#1633,#1635);
#1637=EDGE_CURVE('',#1622,#1632,#1636,.T.);
#1638=ORIENTED_EDGE('',*,*,#1637,.T.);
#1639=CARTESIAN_POINT('',(62.5025,2.175,-41.2075));
#1640=VERTEX_POINT('',#1639);
#1641=CARTESIAN_POINT('',(62.5025,2.175,-43.191875));
#1642=DIRECTION('',(0.,0.,1.));
#1643=VECTOR('',#1642,1.984375);
#1644=LINE('',#1641,#1643);
#1645=EDGE_CURVE('',#1632,#1640,#1644,.T.);
#1646=ORIENTED_EDGE('',*,*,#1645,.T.);
#1647=CARTESIAN_POINT('',(62.5025,2.175,-41.2075));
#1648=DIRECTION('',(-0.,-1.,-0.));
#1649=VECTOR('',#1648,2.175);
#1650=LINE('',#1647,#1649);
#1651=EDGE_CURVE('',#1640,#1624,#1650,.T.);
#1652=ORIENTED_EDGE('',*,*,#1651,.T.);
#1653=EDGE_LOOP('',(#1630,#1638,#1646,#1652));
#1654=FACE_BOUND('',#1653,.T.);
#1655=ADVANCED_FACE('',(#1654),#1620,.F.);
#1656=CARTESIAN_POINT('',(0.,2.175,-43.191875));
#1657=DIRECTION('',(0.,0.,1.));
#1658=DIRECTION('',(1.,0.,0.));
#1659=AXIS2_PLACEMENT_3D('',#1656,#1657,#1658);
#1660=PLANE('',#1659);
#1661=ORIENTED_EDGE('',*,*,#1637,.F.);
#1662=CARTESIAN_POINT('',(62.5025,0.,-43.191875));
#1663=DIRECTION('',(1.,0.,-0.));
#1664=VECTOR('',#1663,39.4975);
#1665=LINE('',#1662,#1664);
#1666=EDGE_CURVE('',#1622,#853,#1665,.T.);
#1667=ORIENTED_EDGE('',*,*,#1666,.T.);
#1668=ORIENTED_EDGE('',*,*,#858,.T.);
#1669=CARTESIAN_POINT('',(2.,3.175,-43.191875));
#1670=DIRECTION('',(1.,0.,-0.));
#1671=VECTOR('',#1670,100.);
#1672=LINE('',#1669,#1671);
#1673=EDGE_CURVE('',#176,#845,#1672,.T.);
#1674=ORIENTED_EDGE('',*,*,#1673,.F.);
#1675=ORIENTED_EDGE('',*,*,#181,.F.);
#1676=CARTESIAN_POINT('',(2.,2.175,-43.191875));
#1677=DIRECTION('',(1.,0.,-0.));
#1678=VECTOR('',#1677,60.5025);
#1679=LINE('',#1676,#1678);
#1680=EDGE_CURVE('',#168,#1632,#1679,.T.);
#1681=ORIENTED_EDGE('',*,*,#1680,.T.);
#1682=EDGE_LOOP('',(#1661,#1667,#1668,#1674,#1675,#1681));
#1683=FACE_BOUND('',#1682,.T.);
#1684=ADVANCED_FACE('',(#1683),#1660,.T.);
#1685=CARTESIAN_POINT('',(0.,2.175,-41.2075));
#1686=DIRECTION('',(0.,0.,1.));
#1687=DIRECTION('',(1.,0.,0.));
#1688=AXIS2_PLACEMENT_3D('',#1685,#1686,#1687);
#1689=PLANE('',#1688);
#1690=CARTESIAN_POINT('',(62.5025,0.,-41.2075));
#1691=DIRECTION('',(1.,0.,-0.));
#1692=VECTOR('',#1691,39.4975);
#1693=LINE('',#1690,#1692);
#1694=EDGE_CURVE('',#1624,#861,#1693,.T.);
#1695=ORIENTED_EDGE('',*,*,#1694,.F.);
#1696=ORIENTED_EDGE('',*,*,#1651,.F.);
#1697=CARTESIAN_POINT('',(2.,2.175,-41.2075));
#1698=DIRECTION('',(1.,0.,-0.));
#1699=VECTOR('',#1698,60.5025);
#1700=LINE('',#1697,#1699);
#1701=EDGE_CURVE('',#160,#1640,#1700,.T.);
#1702=ORIENTED_EDGE('',*,*,#1701,.F.);
#1703=ORIENTED_EDGE('',*,*,#165,.T.);
#1704=CARTESIAN_POINT('',(2.,3.175,-41.2075));
#1705=DIRECTION('',(1.,0.,-0.));
#1706=VECTOR('',#1705,100.);
#1707=LINE('',#1704,#1706);
#1708=EDGE_CURVE('',#152,#869,#1707,.T.);
#1709=ORIENTED_EDGE('',*,*,#1708,.T.);
#1710=ORIENTED_EDGE('',*,*,#874,.T.);
#1711=EDGE_LOOP('',(#1695,#1696,#1702,#1703,#1709,#1710));
#1712=FACE_BOUND('',#1711,.T.);
#1713=ADVANCED_FACE('',(#1712),#1689,.F.);
#1714=CARTESIAN_POINT('',(0.,2.175,-30.0975));
#1715=DIRECTION('',(0.,0.,1.));
#1716=DIRECTION('',(1.,0.,0.));
#1717=AXIS2_PLACEMENT_3D('',#1714,#1715,#1716);
#1718=PLANE('',#1717);
#1719=CARTESIAN_POINT('',(62.5025,0.,-30.0975));
#1720=VERTEX_POINT('',#1719);
#1721=CARTESIAN_POINT('',(62.5025,0.,-30.0975));
#1722=DIRECTION('',(1.,0.,-0.));
#1723=VECTOR('',#1722,39.4975);
#1724=LINE('',#1721,#1723);
#1725=EDGE_CURVE('',#1720,#893,#1724,.T.);
#1726=ORIENTED_EDGE('',*,*,#1725,.F.);
#1727=CARTESIAN_POINT('',(62.5025,2.175,-30.0975));
#1728=VERTEX_POINT('',#1727);
#1729=CARTESIAN_POINT('',(62.5025,2.175,-30.0975));
#1730=DIRECTION('',(-0.,-1.,-0.));
#1731=VECTOR('',#1730,2.175);
#1732=LINE('',#1729,#1731);
#1733=EDGE_CURVE('',#1728,#1720,#1732,.T.);
#1734=ORIENTED_EDGE('',*,*,#1733,.F.);
#1735=CARTESIAN_POINT('',(2.,2.175,-30.0975));
#1736=DIRECTION('',(1.,0.,-0.));
#1737=VECTOR('',#1736,60.5025);
#1738=LINE('',#1735,#1737);
#1739=EDGE_CURVE('',#128,#1728,#1738,.T.);
#1740=ORIENTED_EDGE('',*,*,#1739,.F.);
#1741=ORIENTED_EDGE('',*,*,#133,.T.);
#1742=CARTESIAN_POINT('',(2.,3.175,-30.0975));
#1743=DIRECTION('',(1.,0.,-0.));
#1744=VECTOR('',#1743,100.);
#1745=LINE('',#1742,#1744);
#1746=EDGE_CURVE('',#120,#901,#1745,.T.);
#1747=ORIENTED_EDGE('',*,*,#1746,.T.);
#1748=ORIENTED_EDGE('',*,*,#906,.T.);
#1749=EDGE_LOOP('',(#1726,#1734,#1740,#1741,#1747,#1748));
#1750=FACE_BOUND('',#1749,.T.);
#1751=ADVANCED_FACE('',(#1750),#1718,.F.);
#1752=CARTESIAN_POINT('',(62.5025,-6.825,-95.2375));
#1753=DIRECTION('',(-1.,0.,0.));
#1754=DIRECTION('',(0.,0.,1.));
#1755=AXIS2_PLACEMENT_3D('',#1752,#1753,#1754);
#1756=PLANE('',#1755);
#1757=CARTESIAN_POINT('',(62.5025,0.,-32.081875));
#1758=VERTEX_POINT('',#1757);
#1759=CARTESIAN_POINT('',(62.5025,0.,-32.081875));
#1760=DIRECTION('',(-0.,-0.,1.));
#1761=VECTOR('',#1760,1.984375);
#1762=LINE('',#1759,#1761);
#1763=EDGE_CURVE('',#1758,#1720,#1762,.T.);
#1764=ORIENTED_EDGE('',*,*,#1763,.F.);
#1765=CARTESIAN_POINT('',(62.5025,2.175,-32.081875));
#1766=VERTEX_POINT('',#1765);
#1767=CARTESIAN_POINT('',(62.5025,0.,-32.081875));
#1768=DIRECTION('',(0.,1.,0.));
#1769=VECTOR('',#1768,2.175);
#1770=LINE('',#1767,#1769);
#1771=EDGE_CURVE('',#1758,#1766,#1770,.T.);
#1772=ORIENTED_EDGE('',*,*,#1771,.T.);
#1773=CARTESIAN_POINT('',(62.5025,2.175,-32.081875));
#1774=DIRECTION('',(0.,0.,1.));
#1775=VECTOR('',#1774,1.984375);
#1776=LINE('',#1773,#1775);
#1777=EDGE_CURVE('',#1766,#1728,#1776,.T.);
#1778=ORIENTED_EDGE('',*,*,#1777,.T.);
#1779=ORIENTED_EDGE('',*,*,#1733,.T.);
#1780=EDGE_LOOP('',(#1764,#1772,#1778,#1779));
#1781=FACE_BOUND('',#1780,.T.);
#1782=ADVANCED_FACE('',(#1781),#1756,.F.);
#1783=CARTESIAN_POINT('',(0.,2.175,-32.081875));
#1784=DIRECTION('',(0.,0.,1.));
#1785=DIRECTION('',(1.,0.,0.));
#1786=AXIS2_PLACEMENT_3D('',#1783,#1784,#1785);
#1787=PLANE('',#1786);
#1788=ORIENTED_EDGE('',*,*,#1771,.F.);
#1789=CARTESIAN_POINT('',(62.5025,0.,-32.081875));
#1790=DIRECTION('',(1.,0.,-0.));
#1791=VECTOR('',#1790,39.4975);
#1792=LINE('',#1789,#1791);
#1793=EDGE_CURVE('',#1758,#885,#1792,.T.);
#1794=ORIENTED_EDGE('',*,*,#1793,.T.);
#1795=ORIENTED_EDGE('',*,*,#890,.T.);
#1796=CARTESIAN_POINT('',(2.,3.175,-32.081875));
#1797=DIRECTION('',(1.,0.,-0.));
#1798=VECTOR('',#1797,100.);
#1799=LINE('',#1796,#1798);
#1800=EDGE_CURVE('',#144,#877,#1799,.T.);
#1801=ORIENTED_EDGE('',*,*,#1800,.F.);
#1802=ORIENTED_EDGE('',*,*,#149,.F.);
#1803=CARTESIAN_POINT('',(2.,2.175,-32.081875));
#1804=DIRECTION('',(1.,0.,-0.));
#1805=VECTOR('',#1804,60.5025);
#1806=LINE('',#1803,#1805);
#1807=EDGE_CURVE('',#136,#1766,#1806,.T.);
#1808=ORIENTED_EDGE('',*,*,#1807,.T.);
#1809=EDGE_LOOP('',(#1788,#1794,#1795,#1801,#1802,#1808));
#1810=FACE_BOUND('',#1809,.T.);
#1811=ADVANCED_FACE('',(#1810),#1787,.T.);
#1812=CARTESIAN_POINT('',(0.,3.175,55.55));
#1813=DIRECTION('',(0.,-1.,0.));
#1814=DIRECTION('',(0.,0.,-1.));
#1815=AXIS2_PLACEMENT_3D('',#1812,#1813,#1814);
#1816=PLANE('',#1815);
#1817=CARTESIAN_POINT('',(76.5025,3.175,-27.5846875));
#1818=VERTEX_POINT('',#1817);
#1819=CARTESIAN_POINT('',(76.5025,3.175,-25.5846875));
#1820=DIRECTION('',(0.,-1.,0.));
#1821=DIRECTION('',(0.,0.,-1.));
#1822=AXIS2_PLACEMENT_3D('',#1819,#1820,#1821);
#1823=CIRCLE('',#1822,2.);
#1824=EDGE_CURVE('',#1818,#1818,#1823,.T.);
#1825=ORIENTED_EDGE('',*,*,#1824,.T.);
#1826=EDGE_LOOP('',(#1825));
#1827=FACE_BOUND('',#1826,.T.);
#1828=CARTESIAN_POINT('',(66.5025,3.175,-27.5846875));
#1829=VERTEX_POINT('',#1828);
#1830=CARTESIAN_POINT('',(66.5025,3.175,-25.5846875));
#1831=DIRECTION('',(0.,-1.,0.));
#1832=DIRECTION('',(0.,0.,-1.));
#1833=AXIS2_PLACEMENT_3D('',#1830,#1831,#1832);
#1834=CIRCLE('',#1833,2.);
#1835=EDGE_CURVE('',#1829,#1829,#1834,.T.);
#1836=ORIENTED_EDGE('',*,*,#1835,.T.);
#1837=EDGE_LOOP('',(#1836));
#1838=FACE_BOUND('',#1837,.T.);
#1839=CARTESIAN_POINT('',(96.5025,3.175,-27.5846875));
#1840=VERTEX_POINT('',#1839);
#1841=CARTESIAN_POINT('',(96.5025,3.175,-25.5846875));
#1842=DIRECTION('',(0.,-1.,0.));
#1843=DIRECTION('',(0.,0.,-1.));
#1844=AXIS2_PLACEMENT_3D('',#1841,#1842,#1843);
#1845=CIRCLE('',#1844,2.);
#1846=EDGE_CURVE('',#1840,#1840,#1845,.T.);
#1847=ORIENTED_EDGE('',*,*,#1846,.T.);
#1848=EDGE_LOOP('',(#1847));
#1849=FACE_BOUND('',#1848,.T.);
#1850=CARTESIAN_POINT('',(86.5025,3.175,-27.5846875));
#1851=VERTEX_POINT('',#1850);
#1852=CARTESIAN_POINT('',(86.5025,3.175,-25.5846875));
#1853=DIRECTION('',(0.,-1.,0.));
#1854=DIRECTION('',(0.,0.,-1.));
#1855=AXIS2_PLACEMENT_3D('',#1852,#1853,#1854);
#1856=CIRCLE('',#1855,2.);
#1857=EDGE_CURVE('',#1851,#1851,#1856,.T.);
#1858=ORIENTED_EDGE('',*,*,#1857,.T.);
#1859=EDGE_LOOP('',(#1858));
#1860=FACE_BOUND('',#1859,.T.);
#1861=ORIENTED_EDGE('',*,*,#125,.T.);
#1862=CARTESIAN_POINT('',(3.1663,3.175,-22.800433837));
#1863=VERTEX_POINT('',#1862);
#1864=CARTESIAN_POINT('',(2.,3.175,-22.800433837));
#1865=DIRECTION('',(1.,0.,-0.));
#1866=VECTOR('',#1865,1.1663);
#1867=LINE('',#1864,#1866);
#1868=EDGE_CURVE('',#111,#1863,#1867,.T.);
#1869=ORIENTED_EDGE('',*,*,#1868,.T.);
#1870=CARTESIAN_POINT('',(3.1663,3.175,-20.971875));
#1871=DIRECTION('',(-0.,-0.,-1.));
#1872=VECTOR('',#1871,1.828558837);
#1873=LINE('',#1870,#1872);
#1874=EDGE_CURVE('',#551,#1863,#1873,.T.);
#1875=ORIENTED_EDGE('',*,*,#1874,.F.);
#1876=ORIENTED_EDGE('',*,*,#558,.T.);
#1877=ORIENTED_EDGE('',*,*,#912,.T.);
#1878=ORIENTED_EDGE('',*,*,#1746,.F.);
#1879=EDGE_LOOP('',(#1861,#1869,#1875,#1876,#1877,#1878));
#1880=FACE_BOUND('',#1879,.T.);
#1881=CARTESIAN_POINT('',(6.5025,3.175,-23.5846875));
#1882=VERTEX_POINT('',#1881);
#1883=CARTESIAN_POINT('',(6.5025,3.175,-25.5846875));
#1884=DIRECTION('',(0.,1.,0.));
#1885=DIRECTION('',(0.,-0.,1.));
#1886=AXIS2_PLACEMENT_3D('',#1883,#1884,#1885);
#1887=CIRCLE('',#1886,2.);
#1888=EDGE_CURVE('',#1882,#1882,#1887,.T.);
#1889=ORIENTED_EDGE('',*,*,#1888,.F.);
#1890=EDGE_LOOP('',(#1889));
#1891=FACE_BOUND('',#1890,.T.);
#1892=CARTESIAN_POINT('',(36.5025,3.175,-23.5846875));
#1893=VERTEX_POINT('',#1892);
#1894=CARTESIAN_POINT('',(36.5025,3.175,-25.5846875));
#1895=DIRECTION('',(0.,1.,0.));
#1896=DIRECTION('',(0.,-0.,1.));
#1897=AXIS2_PLACEMENT_3D('',#1894,#1895,#1896);
#1898=CIRCLE('',#1897,2.);
#1899=EDGE_CURVE('',#1893,#1893,#1898,.T.);
#1900=ORIENTED_EDGE('',*,*,#1899,.F.);
#1901=EDGE_LOOP('',(#1900));
#1902=FACE_BOUND('',#1901,.T.);
#1903=CARTESIAN_POINT('',(26.5025,3.175,-23.5846875));
#1904=VERTEX_POINT('',#1903);
#1905=CARTESIAN_POINT('',(26.5025,3.175,-25.5846875));
#1906=DIRECTION('',(0.,1.,0.));
#1907=DIRECTION('',(0.,-0.,1.));
#1908=AXIS2_PLACEMENT_3D('',#1905,#1906,#1907);
#1909=CIRCLE('',#1908,2.);
#1910=EDGE_CURVE('',#1904,#1904,#1909,.T.);
#1911=ORIENTED_EDGE('',*,*,#1910,.F.);
#1912=EDGE_LOOP('',(#1911));
#1913=FACE_BOUND('',#1912,.T.);
#1914=CARTESIAN_POINT('',(16.5025,3.175,-23.5846875));
#1915=VERTEX_POINT('',#1914);
#1916=CARTESIAN_POINT('',(16.5025,3.175,-25.5846875));
#1917=DIRECTION('',(0.,1.,0.));
#1918=DIRECTION('',(0.,-0.,1.));
#1919=AXIS2_PLACEMENT_3D('',#1916,#1917,#1918);
#1920=CIRCLE('',#1919,2.);
#1921=EDGE_CURVE('',#1915,#1915,#1920,.T.);
#1922=ORIENTED_EDGE('',*,*,#1921,.F.);
#1923=EDGE_LOOP('',(#1922));
#1924=FACE_BOUND('',#1923,.T.);
#1925=CARTESIAN_POINT('',(46.5025,3.175,-23.5846875));
#1926=VERTEX_POINT('',#1925);
#1927=CARTESIAN_POINT('',(46.5025,3.175,-25.5846875));
#1928=DIRECTION('',(0.,1.,0.));
#1929=DIRECTION('',(0.,-0.,1.));
#1930=AXIS2_PLACEMENT_3D('',#1927,#1928,#1929);
#1931=CIRCLE('',#1930,2.);
#1932=EDGE_CURVE('',#1926,#1926,#1931,.T.);
#1933=ORIENTED_EDGE('',*,*,#1932,.F.);
#1934=EDGE_LOOP('',(#1933));
#1935=FACE_BOUND('',#1934,.T.);
#1936=CARTESIAN_POINT('',(56.5025,3.175,-23.5846875));
#1937=VERTEX_POINT('',#1936);
#1938=CARTESIAN_POINT('',(56.5025,3.175,-25.5846875));
#1939=DIRECTION('',(0.,1.,0.));
#1940=DIRECTION('',(0.,-0.,1.));
#1941=AXIS2_PLACEMENT_3D('',#1938,#1939,#1940);
#1942=CIRCLE('',#1941,2.);
#1943=EDGE_CURVE('',#1937,#1937,#1942,.T.);
#1944=ORIENTED_EDGE('',*,*,#1943,.F.);
#1945=EDGE_LOOP('',(#1944));
#1946=FACE_BOUND('',#1945,.T.);
#1947=ADVANCED_FACE('',(#1827,#1838,#1849,#1860,#1880,#1891,#1902,#1913,#1924,#1935,#1946),#1816,.F.);
#1948=CARTESIAN_POINT('',(86.5025,4.,-25.5846875));
#1949=DIRECTION('',(0.,-1.,0.));
#1950=DIRECTION('',(0.,0.,-1.));
#1951=AXIS2_PLACEMENT_3D('',#1948,#1949,#1950);
#1952=CYLINDRICAL_SURFACE('',#1951,2.);
#1953=CARTESIAN_POINT('',(86.5025,-4.295,-27.5846875));
#1954=VERTEX_POINT('',#1953);
#1955=CARTESIAN_POINT('',(86.5025,-4.295,-27.5846875));
#1956=DIRECTION('',(-0.,1.,-0.));
#1957=VECTOR('',#1956,7.47);
#1958=LINE('',#1955,#1957);
#1959=EDGE_CURVE('',#1954,#1851,#1958,.T.);
#1960=ORIENTED_EDGE('',*,*,#1959,.F.);
#1961=CARTESIAN_POINT('',(86.5025,-4.295,-25.5846875));
#1962=DIRECTION('',(0.,-1.,0.));
#1963=DIRECTION('',(0.,0.,-1.));
#1964=AXIS2_PLACEMENT_3D('',#1961,#1962,#1963);
#1965=CIRCLE('',#1964,2.);
#1966=EDGE_CURVE('',#1954,#1954,#1965,.T.);
#1967=ORIENTED_EDGE('',*,*,#1966,.T.);
#1968=ORIENTED_EDGE('',*,*,#1959,.T.);
#1969=ORIENTED_EDGE('',*,*,#1857,.F.);
#1970=EDGE_LOOP('',(#1960,#1967,#1968,#1969));
#1971=FACE_BOUND('',#1970,.T.);
#1972=ADVANCED_FACE('',(#1971),#1952,.F.);
#1973=CARTESIAN_POINT('',(96.5025,4.,-25.5846875));
#1974=DIRECTION('',(0.,-1.,0.));
#1975=DIRECTION('',(0.,0.,-1.));
#1976=AXIS2_PLACEMENT_3D('',#1973,#1974,#1975);
#1977=CYLINDRICAL_SURFACE('',#1976,2.);
#1978=CARTESIAN_POINT('',(96.5025,-4.295,-27.5846875));
#1979=VERTEX_POINT('',#1978);
#1980=CARTESIAN_POINT('',(96.5025,-4.295,-27.5846875));
#1981=DIRECTION('',(-0.,1.,-0.));
#1982=VECTOR('',#1981,7.47);
#1983=LINE('',#1980,#1982);
#1984=EDGE_CURVE('',#1979,#1840,#1983,.T.);
#1985=ORIENTED_EDGE('',*,*,#1984,.F.);
#1986=CARTESIAN_POINT('',(96.5025,-4.295,-25.5846875));
#1987=DIRECTION('',(0.,-1.,0.));
#1988=DIRECTION('',(0.,0.,-1.));
#1989=AXIS2_PLACEMENT_3D('',#1986,#1987,#1988);
#1990=CIRCLE('',#1989,2.);
#1991=EDGE_CURVE('',#1979,#1979,#1990,.T.);
#1992=ORIENTED_EDGE('',*,*,#1991,.T.);
#1993=ORIENTED_EDGE('',*,*,#1984,.T.);
#1994=ORIENTED_EDGE('',*,*,#1846,.F.);
#1995=EDGE_LOOP('',(#1985,#1992,#1993,#1994));
#1996=FACE_BOUND('',#1995,.T.);
#1997=ADVANCED_FACE('',(#1996),#1977,.F.);
#1998=CARTESIAN_POINT('',(66.5025,4.,-25.5846875));
#1999=DIRECTION('',(0.,-1.,0.));
#2000=DIRECTION('',(0.,0.,-1.));
#2001=AXIS2_PLACEMENT_3D('',#1998,#1999,#2000);
#2002=CYLINDRICAL_SURFACE('',#2001,2.);
#2003=CARTESIAN_POINT('',(66.5025,-4.295,-27.5846875));
#2004=VERTEX_POINT('',#2003);
#2005=CARTESIAN_POINT('',(66.5025,-4.295,-27.5846875));
#2006=DIRECTION('',(-0.,1.,-0.));
#2007=VECTOR('',#2006,7.47);
#2008=LINE('',#2005,#2007);
#2009=EDGE_CURVE('',#2004,#1829,#2008,.T.);
#2010=ORIENTED_EDGE('',*,*,#2009,.F.);
#2011=CARTESIAN_POINT('',(66.5025,-4.295,-25.5846875));
#2012=DIRECTION('',(0.,-1.,0.));
#2013=DIRECTION('',(0.,0.,-1.));
#2014=AXIS2_PLACEMENT_3D('',#2011,#2012,#2013);
#2015=CIRCLE('',#2014,2.);
#2016=EDGE_CURVE('',#2004,#2004,#2015,.T.);
#2017=ORIENTED_EDGE('',*,*,#2016,.T.);
#2018=ORIENTED_EDGE('',*,*,#2009,.T.);
#2019=ORIENTED_EDGE('',*,*,#1835,.F.);
#2020=EDGE_LOOP('',(#2010,#2017,#2018,#2019));
#2021=FACE_BOUND('',#2020,.T.);
#2022=ADVANCED_FACE('',(#2021),#2002,.F.);
#2023=CARTESIAN_POINT('',(76.5025,4.,-25.5846875));
#2024=DIRECTION('',(0.,-1.,0.));
#2025=DIRECTION('',(0.,0.,-1.));
#2026=AXIS2_PLACEMENT_3D('',#2023,#2024,#2025);
#2027=CYLINDRICAL_SURFACE('',#2026,2.);
#2028=CARTESIAN_POINT('',(76.5025,-4.295,-27.5846875));
#2029=VERTEX_POINT('',#2028);
#2030=CARTESIAN_POINT('',(76.5025,-4.295,-27.5846875));
#2031=DIRECTION('',(-0.,1.,-0.));
#2032=VECTOR('',#2031,7.47);
#2033=LINE('',#2030,#2032);
#2034=EDGE_CURVE('',#2029,#1818,#2033,.T.);
#2035=ORIENTED_EDGE('',*,*,#2034,.F.);
#2036=CARTESIAN_POINT('',(76.5025,-4.295,-25.5846875));
#2037=DIRECTION('',(0.,-1.,0.));
#2038=DIRECTION('',(0.,0.,-1.));
#2039=AXIS2_PLACEMENT_3D('',#2036,#2037,#2038);
#2040=CIRCLE('',#2039,2.);
#2041=EDGE_CURVE('',#2029,#2029,#2040,.T.);
#2042=ORIENTED_EDGE('',*,*,#2041,.T.);
#2043=ORIENTED_EDGE('',*,*,#2034,.T.);
#2044=ORIENTED_EDGE('',*,*,#1824,.F.);
#2045=EDGE_LOOP('',(#2035,#2042,#2043,#2044));
#2046=FACE_BOUND('',#2045,.T.);
#2047=ADVANCED_FACE('',(#2046),#2027,.F.);
#2048=CARTESIAN_POINT('',(62.5025,-6.825,-95.2375));
#2049=DIRECTION('',(-1.,0.,0.));
#2050=DIRECTION('',(0.,0.,1.));
#2051=AXIS2_PLACEMENT_3D('',#2048,#2049,#2050);
#2052=PLANE('',#2051);
#2053=ORIENTED_EDGE('',*,*,#637,.T.);
#2054=CARTESIAN_POINT('',(62.5025,0.,-18.9875));
#2055=DIRECTION('',(-0.,-0.,-1.));
#2056=VECTOR('',#2055,1.984375);
#2057=LINE('',#2054,#2056);
#2058=EDGE_CURVE('',#624,#577,#2057,.T.);
#2059=ORIENTED_EDGE('',*,*,#2058,.T.);
#2060=ORIENTED_EDGE('',*,*,#582,.T.);
#2061=ORIENTED_EDGE('',*,*,#664,.T.);
#2062=EDGE_LOOP('',(#2053,#2059,#2060,#2061));
#2063=FACE_BOUND('',#2062,.T.);
#2064=ADVANCED_FACE('',(#2063),#2052,.F.);
#2065=CARTESIAN_POINT('',(0.,3.175,0.));
#2066=DIRECTION('',(0.,-1.,0.));
#2067=DIRECTION('',(0.,0.,-1.));
#2068=AXIS2_PLACEMENT_3D('',#2065,#2066,#2067);
#2069=PLANE('',#2068);
#2070=CARTESIAN_POINT('',(3.1663,3.175,-89.947566163));
#2071=VERTEX_POINT('',#2070);
#2072=CARTESIAN_POINT('',(3.1663,3.175,-95.698433837));
#2073=VERTEX_POINT('',#2072);
#2074=CARTESIAN_POINT('',(3.1663,3.175,-89.947566163));
#2075=DIRECTION('',(-0.,-0.,-1.));
#2076=VECTOR('',#2075,5.750867674);
#2077=LINE('',#2074,#2076);
#2078=EDGE_CURVE('',#2071,#2073,#2077,.T.);
#2079=ORIENTED_EDGE('',*,*,#2078,.F.);
#2080=CARTESIAN_POINT('',(3.1663,3.175,-89.947566163));
#2081=DIRECTION('',(-1.,-0.,0.));
#2082=VECTOR('',#2081,1.1663);
#2083=LINE('',#2080,#2082);
#2084=EDGE_CURVE('',#2071,#312,#2083,.T.);
#2085=ORIENTED_EDGE('',*,*,#2084,.T.);
#2086=ORIENTED_EDGE('',*,*,#317,.T.);
#2087=ORIENTED_EDGE('',*,*,#1250,.T.);
#2088=ORIENTED_EDGE('',*,*,#722,.T.);
#2089=ORIENTED_EDGE('',*,*,#1162,.F.);
#2090=ORIENTED_EDGE('',*,*,#332,.T.);
#2091=CARTESIAN_POINT('',(2.,3.175,-95.698433837));
#2092=DIRECTION('',(1.,0.,-0.));
#2093=VECTOR('',#2092,1.1663);
#2094=LINE('',#2091,#2093);
#2095=EDGE_CURVE('',#320,#2073,#2094,.T.);
#2096=ORIENTED_EDGE('',*,*,#2095,.T.);
#2097=EDGE_LOOP('',(#2079,#2085,#2086,#2087,#2088,#2089,#2090,#2096));
#2098=FACE_BOUND('',#2097,.T.);
#2099=ADVANCED_FACE('',(#2098),#2069,.F.);
#2100=CARTESIAN_POINT('',(50.,0.,0.));
#2101=DIRECTION('',(-1.,0.,0.));
#2102=DIRECTION('',(0.,0.,1.));
#2103=AXIS2_PLACEMENT_3D('',#2100,#2101,#2102);
#2104=PLANE('',#2103);
#2105=ORIENTED_EDGE('',*,*,#1210,.T.);
#2106=CARTESIAN_POINT('',(50.,-1.295,-6.9694));
#2107=VERTEX_POINT('',#2106);
#2108=CARTESIAN_POINT('',(50.,-1.295,-9.9719));
#2109=DIRECTION('',(0.,0.,1.));
#2110=VECTOR('',#2109,3.0025);
#2111=LINE('',#2108,#2110);
#2112=EDGE_CURVE('',#1197,#2107,#2111,.T.);
#2113=ORIENTED_EDGE('',*,*,#2112,.T.);
#2114=CARTESIAN_POINT('',(50.,-4.295,-6.9694));
#2115=VERTEX_POINT('',#2114);
#2116=CARTESIAN_POINT('',(50.,-4.295,-6.9694));
#2117=DIRECTION('',(0.,1.,0.));
#2118=VECTOR('',#2117,3.);
#2119=LINE('',#2116,#2118);
#2120=EDGE_CURVE('',#2115,#2107,#2119,.T.);
#2121=ORIENTED_EDGE('',*,*,#2120,.F.);
#2122=CARTESIAN_POINT('',(50.,-4.295,-9.9719));
#2123=DIRECTION('',(-0.,-0.,1.));
#2124=VECTOR('',#2123,3.0025);
#2125=LINE('',#2122,#2124);
#2126=EDGE_CURVE('',#1205,#2115,#2125,.T.);
#2127=ORIENTED_EDGE('',*,*,#2126,.F.);
#2128=EDGE_LOOP('',(#2105,#2113,#2121,#2127));
#2129=FACE_BOUND('',#2128,.T.);
#2130=ADVANCED_FACE('',(#2129),#2104,.F.);
#2131=CARTESIAN_POINT('',(0.,3.175,0.));
#2132=DIRECTION('',(0.,-1.,0.));
#2133=DIRECTION('',(0.,0.,-1.));
#2134=AXIS2_PLACEMENT_3D('',#2131,#2132,#2133);
#2135=PLANE('',#2134);
#2136=CARTESIAN_POINT('',(46.5025,3.175,-67.9846875));
#2137=VERTEX_POINT('',#2136);
#2138=CARTESIAN_POINT('',(46.5025,3.175,-69.9846875));
#2139=DIRECTION('',(0.,1.,0.));
#2140=DIRECTION('',(0.,-0.,1.));
#2141=AXIS2_PLACEMENT_3D('',#2138,#2139,#2140);
#2142=CIRCLE('',#2141,2.);
#2143=EDGE_CURVE('',#2137,#2137,#2142,.T.);
#2144=ORIENTED_EDGE('',*,*,#2143,.F.);
#2145=EDGE_LOOP('',(#2144));
#2146=FACE_BOUND('',#2145,.T.);
#2147=CARTESIAN_POINT('',(56.5025,3.175,-67.9846875));
#2148=VERTEX_POINT('',#2147);
#2149=CARTESIAN_POINT('',(56.5025,3.175,-69.9846875));
#2150=DIRECTION('',(0.,1.,0.));
#2151=DIRECTION('',(0.,-0.,1.));
#2152=AXIS2_PLACEMENT_3D('',#2149,#2150,#2151);
#2153=CIRCLE('',#2152,2.);
#2154=EDGE_CURVE('',#2148,#2148,#2153,.T.);
#2155=ORIENTED_EDGE('',*,*,#2154,.F.);
#2156=EDGE_LOOP('',(#2155));
#2157=FACE_BOUND('',#2156,.T.);
#2158=CARTESIAN_POINT('',(36.5025,3.175,-67.9846875));
#2159=VERTEX_POINT('',#2158);
#2160=CARTESIAN_POINT('',(36.5025,3.175,-69.9846875));
#2161=DIRECTION('',(0.,1.,0.));
#2162=DIRECTION('',(0.,-0.,1.));
#2163=AXIS2_PLACEMENT_3D('',#2160,#2161,#2162);
#2164=CIRCLE('',#2163,2.);
#2165=EDGE_CURVE('',#2159,#2159,#2164,.T.);
#2166=ORIENTED_EDGE('',*,*,#2165,.F.);
#2167=EDGE_LOOP('',(#2166));
#2168=FACE_BOUND('',#2167,.T.);
#2169=CARTESIAN_POINT('',(26.5025,3.175,-67.9846875));
#2170=VERTEX_POINT('',#2169);
#2171=CARTESIAN_POINT('',(26.5025,3.175,-69.9846875));
#2172=DIRECTION('',(0.,1.,0.));
#2173=DIRECTION('',(0.,-0.,1.));
#2174=AXIS2_PLACEMENT_3D('',#2171,#2172,#2173);
#2175=CIRCLE('',#2174,2.);
#2176=EDGE_CURVE('',#2170,#2170,#2175,.T.);
#2177=ORIENTED_EDGE('',*,*,#2176,.F.);
#2178=EDGE_LOOP('',(#2177));
#2179=FACE_BOUND('',#2178,.T.);
#2180=CARTESIAN_POINT('',(16.5025,3.175,-67.9846875));
#2181=VERTEX_POINT('',#2180);
#2182=CARTESIAN_POINT('',(16.5025,3.175,-69.9846875));
#2183=DIRECTION('',(0.,1.,0.));
#2184=DIRECTION('',(0.,-0.,1.));
#2185=AXIS2_PLACEMENT_3D('',#2182,#2183,#2184);
#2186=CIRCLE('',#2185,2.);
#2187=EDGE_CURVE('',#2181,#2181,#2186,.T.);
#2188=ORIENTED_EDGE('',*,*,#2187,.F.);
#2189=EDGE_LOOP('',(#2188));
#2190=FACE_BOUND('',#2189,.T.);
#2191=CARTESIAN_POINT('',(6.5025,3.175,-67.9846875));
#2192=VERTEX_POINT('',#2191);
#2193=CARTESIAN_POINT('',(6.5025,3.175,-69.9846875));
#2194=DIRECTION('',(0.,1.,0.));
#2195=DIRECTION('',(0.,-0.,1.));
#2196=AXIS2_PLACEMENT_3D('',#2193,#2194,#2195);
#2197=CIRCLE('',#2196,2.);
#2198=EDGE_CURVE('',#2192,#2192,#2197,.T.);
#2199=ORIENTED_EDGE('',*,*,#2198,.F.);
#2200=EDGE_LOOP('',(#2199));
#2201=FACE_BOUND('',#2200,.T.);
#2202=ORIENTED_EDGE('',*,*,#1477,.T.);
#2203=ORIENTED_EDGE('',*,*,#786,.T.);
#2204=ORIENTED_EDGE('',*,*,#1414,.F.);
#2205=ORIENTED_EDGE('',*,*,#253,.T.);
#2206=EDGE_LOOP('',(#2202,#2203,#2204,#2205));
#2207=FACE_BOUND('',#2206,.T.);
#2208=CARTESIAN_POINT('',(86.5025,3.175,-72.0246875));
#2209=VERTEX_POINT('',#2208);
#2210=CARTESIAN_POINT('',(86.5025,3.175,-70.0246875));
#2211=DIRECTION('',(0.,-1.,0.));
#2212=DIRECTION('',(0.,0.,-1.));
#2213=AXIS2_PLACEMENT_3D('',#2210,#2211,#2212);
#2214=CIRCLE('',#2213,2.);
#2215=EDGE_CURVE('',#2209,#2209,#2214,.T.);
#2216=ORIENTED_EDGE('',*,*,#2215,.T.);
#2217=EDGE_LOOP('',(#2216));
#2218=FACE_BOUND('',#2217,.T.);
#2219=CARTESIAN_POINT('',(76.5025,3.175,-72.0246875));
#2220=VERTEX_POINT('',#2219);
#2221=CARTESIAN_POINT('',(76.5025,3.175,-70.0246875));
#2222=DIRECTION('',(0.,-1.,0.));
#2223=DIRECTION('',(0.,0.,-1.));
#2224=AXIS2_PLACEMENT_3D('',#2221,#2222,#2223);
#2225=CIRCLE('',#2224,2.);
#2226=EDGE_CURVE('',#2220,#2220,#2225,.T.);
#2227=ORIENTED_EDGE('',*,*,#2226,.T.);
#2228=EDGE_LOOP('',(#2227));
#2229=FACE_BOUND('',#2228,.T.);
#2230=CARTESIAN_POINT('',(66.5025,3.175,-72.0246875));
#2231=VERTEX_POINT('',#2230);
#2232=CARTESIAN_POINT('',(66.5025,3.175,-70.0246875));
#2233=DIRECTION('',(0.,-1.,0.));
#2234=DIRECTION('',(0.,0.,-1.));
#2235=AXIS2_PLACEMENT_3D('',#2232,#2233,#2234);
#2236=CIRCLE('',#2235,2.);
#2237=EDGE_CURVE('',#2231,#2231,#2236,.T.);
#2238=ORIENTED_EDGE('',*,*,#2237,.T.);
#2239=EDGE_LOOP('',(#2238));
#2240=FACE_BOUND('',#2239,.T.);
#2241=CARTESIAN_POINT('',(96.5025,3.175,-72.0246875));
#2242=VERTEX_POINT('',#2241);
#2243=CARTESIAN_POINT('',(96.5025,3.175,-70.0246875));
#2244=DIRECTION('',(0.,-1.,0.));
#2245=DIRECTION('',(0.,0.,-1.));
#2246=AXIS2_PLACEMENT_3D('',#2243,#2244,#2245);
#2247=CIRCLE('',#2246,2.);
#2248=EDGE_CURVE('',#2242,#2242,#2247,.T.);
#2249=ORIENTED_EDGE('',*,*,#2248,.T.);
#2250=EDGE_LOOP('',(#2249));
#2251=FACE_BOUND('',#2250,.T.);
#2252=ADVANCED_FACE('',(#2146,#2157,#2168,#2179,#2190,#2201,#2207,#2218,#2229,#2240,#2251),#2135,.F.);
#2253=CARTESIAN_POINT('',(0.,3.175,0.));
#2254=DIRECTION('',(0.,-1.,0.));
#2255=DIRECTION('',(0.,0.,-1.));
#2256=AXIS2_PLACEMENT_3D('',#2253,#2254,#2255);
#2257=PLANE('',#2256);
#2258=CARTESIAN_POINT('',(16.5025,3.175,-56.8846875));
#2259=VERTEX_POINT('',#2258);
#2260=CARTESIAN_POINT('',(16.5025,3.175,-58.8846875));
#2261=DIRECTION('',(0.,1.,0.));
#2262=DIRECTION('',(0.,-0.,1.));
#2263=AXIS2_PLACEMENT_3D('',#2260,#2261,#2262);
#2264=CIRCLE('',#2263,2.);
#2265=EDGE_CURVE('',#2259,#2259,#2264,.T.);
#2266=ORIENTED_EDGE('',*,*,#2265,.F.);
#2267=EDGE_LOOP('',(#2266));
#2268=FACE_BOUND('',#2267,.T.);
#2269=CARTESIAN_POINT('',(26.5025,3.175,-56.8846875));
#2270=VERTEX_POINT('',#2269);
#2271=CARTESIAN_POINT('',(26.5025,3.175,-58.8846875));
#2272=DIRECTION('',(0.,1.,0.));
#2273=DIRECTION('',(0.,-0.,1.));
#2274=AXIS2_PLACEMENT_3D('',#2271,#2272,#2273);
#2275=CIRCLE('',#2274,2.);
#2276=EDGE_CURVE('',#2270,#2270,#2275,.T.);
#2277=ORIENTED_EDGE('',*,*,#2276,.F.);
#2278=EDGE_LOOP('',(#2277));
#2279=FACE_BOUND('',#2278,.T.);
#2280=CARTESIAN_POINT('',(56.5025,3.175,-56.8846875));
#2281=VERTEX_POINT('',#2280);
#2282=CARTESIAN_POINT('',(56.5025,3.175,-58.8846875));
#2283=DIRECTION('',(0.,1.,0.));
#2284=DIRECTION('',(0.,-0.,1.));
#2285=AXIS2_PLACEMENT_3D('',#2282,#2283,#2284);
#2286=CIRCLE('',#2285,2.);
#2287=EDGE_CURVE('',#2281,#2281,#2286,.T.);
#2288=ORIENTED_EDGE('',*,*,#2287,.F.);
#2289=EDGE_LOOP('',(#2288));
#2290=FACE_BOUND('',#2289,.T.);
#2291=CARTESIAN_POINT('',(46.5025,3.175,-56.8846875));
#2292=VERTEX_POINT('',#2291);
#2293=CARTESIAN_POINT('',(46.5025,3.175,-58.8846875));
#2294=DIRECTION('',(0.,1.,0.));
#2295=DIRECTION('',(0.,-0.,1.));
#2296=AXIS2_PLACEMENT_3D('',#2293,#2294,#2295);
#2297=CIRCLE('',#2296,2.);
#2298=EDGE_CURVE('',#2292,#2292,#2297,.T.);
#2299=ORIENTED_EDGE('',*,*,#2298,.F.);
#2300=EDGE_LOOP('',(#2299));
#2301=FACE_BOUND('',#2300,.T.);
#2302=CARTESIAN_POINT('',(36.5025,3.175,-56.8846875));
#2303=VERTEX_POINT('',#2302);
#2304=CARTESIAN_POINT('',(36.5025,3.175,-58.8846875));
#2305=DIRECTION('',(0.,1.,0.));
#2306=DIRECTION('',(0.,-0.,1.));
#2307=AXIS2_PLACEMENT_3D('',#2304,#2305,#2306);
#2308=CIRCLE('',#2307,2.);
#2309=EDGE_CURVE('',#2303,#2303,#2308,.T.);
#2310=ORIENTED_EDGE('',*,*,#2309,.F.);
#2311=EDGE_LOOP('',(#2310));
#2312=FACE_BOUND('',#2311,.T.);
#2313=CARTESIAN_POINT('',(6.5025,3.175,-56.8846875));
#2314=VERTEX_POINT('',#2313);
#2315=CARTESIAN_POINT('',(6.5025,3.175,-58.8846875));
#2316=DIRECTION('',(0.,1.,0.));
#2317=DIRECTION('',(0.,-0.,1.));
#2318=AXIS2_PLACEMENT_3D('',#2315,#2316,#2317);
#2319=CIRCLE('',#2318,2.);
#2320=EDGE_CURVE('',#2314,#2314,#2319,.T.);
#2321=ORIENTED_EDGE('',*,*,#2320,.F.);
#2322=EDGE_LOOP('',(#2321));
#2323=FACE_BOUND('',#2322,.T.);
#2324=ORIENTED_EDGE('',*,*,#1575,.T.);
#2325=ORIENTED_EDGE('',*,*,#818,.T.);
#2326=ORIENTED_EDGE('',*,*,#1512,.F.);
#2327=ORIENTED_EDGE('',*,*,#221,.T.);
#2328=EDGE_LOOP('',(#2324,#2325,#2326,#2327));
#2329=FACE_BOUND('',#2328,.T.);
#2330=CARTESIAN_POINT('',(76.5025,3.175,-60.8146875));
#2331=VERTEX_POINT('',#2330);
#2332=CARTESIAN_POINT('',(76.5025,3.175,-58.8146875));
#2333=DIRECTION('',(0.,-1.,0.));
#2334=DIRECTION('',(0.,0.,-1.));
#2335=AXIS2_PLACEMENT_3D('',#2332,#2333,#2334);
#2336=CIRCLE('',#2335,2.);
#2337=EDGE_CURVE('',#2331,#2331,#2336,.T.);
#2338=ORIENTED_EDGE('',*,*,#2337,.T.);
#2339=EDGE_LOOP('',(#2338));
#2340=FACE_BOUND('',#2339,.T.);
#2341=CARTESIAN_POINT('',(86.5025,3.175,-60.8146875));
#2342=VERTEX_POINT('',#2341);
#2343=CARTESIAN_POINT('',(86.5025,3.175,-58.8146875));
#2344=DIRECTION('',(0.,-1.,0.));
#2345=DIRECTION('',(0.,0.,-1.));
#2346=AXIS2_PLACEMENT_3D('',#2343,#2344,#2345);
#2347=CIRCLE('',#2346,2.);
#2348=EDGE_CURVE('',#2342,#2342,#2347,.T.);
#2349=ORIENTED_EDGE('',*,*,#2348,.T.);
#2350=EDGE_LOOP('',(#2349));
#2351=FACE_BOUND('',#2350,.T.);
#2352=CARTESIAN_POINT('',(96.5025,3.175,-60.8146875));
#2353=VERTEX_POINT('',#2352);
#2354=CARTESIAN_POINT('',(96.5025,3.175,-58.8146875));
#2355=DIRECTION('',(0.,-1.,0.));
#2356=DIRECTION('',(0.,0.,-1.));
#2357=AXIS2_PLACEMENT_3D('',#2354,#2355,#2356);
#2358=CIRCLE('',#2357,2.);
#2359=EDGE_CURVE('',#2353,#2353,#2358,.T.);
#2360=ORIENTED_EDGE('',*,*,#2359,.T.);
#2361=EDGE_LOOP('',(#2360));
#2362=FACE_BOUND('',#2361,.T.);
#2363=CARTESIAN_POINT('',(66.5025,3.175,-60.8146875));
#2364=VERTEX_POINT('',#2363);
#2365=CARTESIAN_POINT('',(66.5025,3.175,-58.8146875));
#2366=DIRECTION('',(0.,-1.,0.));
#2367=DIRECTION('',(0.,0.,-1.));
#2368=AXIS2_PLACEMENT_3D('',#2365,#2366,#2367);
#2369=CIRCLE('',#2368,2.);
#2370=EDGE_CURVE('',#2364,#2364,#2369,.T.);
#2371=ORIENTED_EDGE('',*,*,#2370,.T.);
#2372=EDGE_LOOP('',(#2371));
#2373=FACE_BOUND('',#2372,.T.);
#2374=ADVANCED_FACE('',(#2268,#2279,#2290,#2301,#2312,#2323,#2329,#2340,#2351,#2362,#2373),#2257,.F.);
#2375=CARTESIAN_POINT('',(0.,3.175,0.));
#2376=DIRECTION('',(0.,-1.,0.));
#2377=DIRECTION('',(0.,0.,-1.));
#2378=AXIS2_PLACEMENT_3D('',#2375,#2376,#2377);
#2379=PLANE('',#2378);
#2380=CARTESIAN_POINT('',(6.5025,3.175,-45.7846875));
#2381=VERTEX_POINT('',#2380);
#2382=CARTESIAN_POINT('',(6.5025,3.175,-47.7846875));
#2383=DIRECTION('',(0.,1.,0.));
#2384=DIRECTION('',(0.,-0.,1.));
#2385=AXIS2_PLACEMENT_3D('',#2382,#2383,#2384);
#2386=CIRCLE('',#2385,2.);
#2387=EDGE_CURVE('',#2381,#2381,#2386,.T.);
#2388=ORIENTED_EDGE('',*,*,#2387,.F.);
#2389=EDGE_LOOP('',(#2388));
#2390=FACE_BOUND('',#2389,.T.);
#2391=CARTESIAN_POINT('',(16.5025,3.175,-45.7846875));
#2392=VERTEX_POINT('',#2391);
#2393=CARTESIAN_POINT('',(16.5025,3.175,-47.7846875));
#2394=DIRECTION('',(0.,1.,0.));
#2395=DIRECTION('',(0.,-0.,1.));
#2396=AXIS2_PLACEMENT_3D('',#2393,#2394,#2395);
#2397=CIRCLE('',#2396,2.);
#2398=EDGE_CURVE('',#2392,#2392,#2397,.T.);
#2399=ORIENTED_EDGE('',*,*,#2398,.F.);
#2400=EDGE_LOOP('',(#2399));
#2401=FACE_BOUND('',#2400,.T.);
#2402=CARTESIAN_POINT('',(56.5025,3.175,-45.7846875));
#2403=VERTEX_POINT('',#2402);
#2404=CARTESIAN_POINT('',(56.5025,3.175,-47.7846875));
#2405=DIRECTION('',(0.,1.,0.));
#2406=DIRECTION('',(0.,-0.,1.));
#2407=AXIS2_PLACEMENT_3D('',#2404,#2405,#2406);
#2408=CIRCLE('',#2407,2.);
#2409=EDGE_CURVE('',#2403,#2403,#2408,.T.);
#2410=ORIENTED_EDGE('',*,*,#2409,.F.);
#2411=EDGE_LOOP('',(#2410));
#2412=FACE_BOUND('',#2411,.T.);
#2413=CARTESIAN_POINT('',(46.5025,3.175,-45.7846875));
#2414=VERTEX_POINT('',#2413);
#2415=CARTESIAN_POINT('',(46.5025,3.175,-47.7846875));
#2416=DIRECTION('',(0.,1.,0.));
#2417=DIRECTION('',(0.,-0.,1.));
#2418=AXIS2_PLACEMENT_3D('',#2415,#2416,#2417);
#2419=CIRCLE('',#2418,2.);
#2420=EDGE_CURVE('',#2414,#2414,#2419,.T.);
#2421=ORIENTED_EDGE('',*,*,#2420,.F.);
#2422=EDGE_LOOP('',(#2421));
#2423=FACE_BOUND('',#2422,.T.);
#2424=CARTESIAN_POINT('',(36.5025,3.175,-45.7846875));
#2425=VERTEX_POINT('',#2424);
#2426=CARTESIAN_POINT('',(36.5025,3.175,-47.7846875));
#2427=DIRECTION('',(0.,1.,0.));
#2428=DIRECTION('',(0.,-0.,1.));
#2429=AXIS2_PLACEMENT_3D('',#2426,#2427,#2428);
#2430=CIRCLE('',#2429,2.);
#2431=EDGE_CURVE('',#2425,#2425,#2430,.T.);
#2432=ORIENTED_EDGE('',*,*,#2431,.F.);
#2433=EDGE_LOOP('',(#2432));
#2434=FACE_BOUND('',#2433,.T.);
#2435=CARTESIAN_POINT('',(26.5025,3.175,-45.7846875));
#2436=VERTEX_POINT('',#2435);
#2437=CARTESIAN_POINT('',(26.5025,3.175,-47.7846875));
#2438=DIRECTION('',(0.,1.,0.));
#2439=DIRECTION('',(0.,-0.,1.));
#2440=AXIS2_PLACEMENT_3D('',#2437,#2438,#2439);
#2441=CIRCLE('',#2440,2.);
#2442=EDGE_CURVE('',#2436,#2436,#2441,.T.);
#2443=ORIENTED_EDGE('',*,*,#2442,.F.);
#2444=EDGE_LOOP('',(#2443));
#2445=FACE_BOUND('',#2444,.T.);
#2446=ORIENTED_EDGE('',*,*,#1673,.T.);
#2447=ORIENTED_EDGE('',*,*,#850,.T.);
#2448=ORIENTED_EDGE('',*,*,#1610,.F.);
#2449=ORIENTED_EDGE('',*,*,#189,.T.);
#2450=EDGE_LOOP('',(#2446,#2447,#2448,#2449));
#2451=FACE_BOUND('',#2450,.T.);
#2452=CARTESIAN_POINT('',(96.5025,3.175,-49.7146875));
#2453=VERTEX_POINT('',#2452);
#2454=CARTESIAN_POINT('',(96.5025,3.175,-47.7146875));
#2455=DIRECTION('',(0.,-1.,0.));
#2456=DIRECTION('',(0.,0.,-1.));
#2457=AXIS2_PLACEMENT_3D('',#2454,#2455,#2456);
#2458=CIRCLE('',#2457,2.);
#2459=EDGE_CURVE('',#2453,#2453,#2458,.T.);
#2460=ORIENTED_EDGE('',*,*,#2459,.T.);
#2461=EDGE_LOOP('',(#2460));
#2462=FACE_BOUND('',#2461,.T.);
#2463=CARTESIAN_POINT('',(66.5025,3.175,-49.7146875));
#2464=VERTEX_POINT('',#2463);
#2465=CARTESIAN_POINT('',(66.5025,3.175,-47.7146875));
#2466=DIRECTION('',(0.,-1.,0.));
#2467=DIRECTION('',(0.,0.,-1.));
#2468=AXIS2_PLACEMENT_3D('',#2465,#2466,#2467);
#2469=CIRCLE('',#2468,2.);
#2470=EDGE_CURVE('',#2464,#2464,#2469,.T.);
#2471=ORIENTED_EDGE('',*,*,#2470,.T.);
#2472=EDGE_LOOP('',(#2471));
#2473=FACE_BOUND('',#2472,.T.);
#2474=CARTESIAN_POINT('',(76.5025,3.175,-49.7146875));
#2475=VERTEX_POINT('',#2474);
#2476=CARTESIAN_POINT('',(76.5025,3.175,-47.7146875));
#2477=DIRECTION('',(0.,-1.,0.));
#2478=DIRECTION('',(0.,0.,-1.));
#2479=AXIS2_PLACEMENT_3D('',#2476,#2477,#2478);
#2480=CIRCLE('',#2479,2.);
#2481=EDGE_CURVE('',#2475,#2475,#2480,.T.);
#2482=ORIENTED_EDGE('',*,*,#2481,.T.);
#2483=EDGE_LOOP('',(#2482));
#2484=FACE_BOUND('',#2483,.T.);
#2485=CARTESIAN_POINT('',(86.5025,3.175,-49.7146875));
#2486=VERTEX_POINT('',#2485);
#2487=CARTESIAN_POINT('',(86.5025,3.175,-47.7146875));
#2488=DIRECTION('',(0.,-1.,0.));
#2489=DIRECTION('',(0.,0.,-1.));
#2490=AXIS2_PLACEMENT_3D('',#2487,#2488,#2489);
#2491=CIRCLE('',#2490,2.);
#2492=EDGE_CURVE('',#2486,#2486,#2491,.T.);
#2493=ORIENTED_EDGE('',*,*,#2492,.T.);
#2494=EDGE_LOOP('',(#2493));
#2495=FACE_BOUND('',#2494,.T.);
#2496=ADVANCED_FACE('',(#2390,#2401,#2412,#2423,#2434,#2445,#2451,#2462,#2473,#2484,#2495),#2379,.F.);
#2497=CARTESIAN_POINT('',(0.,3.175,0.));
#2498=DIRECTION('',(0.,-1.,0.));
#2499=DIRECTION('',(0.,0.,-1.));
#2500=AXIS2_PLACEMENT_3D('',#2497,#2498,#2499);
#2501=PLANE('',#2500);
#2502=CARTESIAN_POINT('',(6.5025,3.175,-34.6846875));
#2503=VERTEX_POINT('',#2502);
#2504=CARTESIAN_POINT('',(6.5025,3.175,-36.6846875));
#2505=DIRECTION('',(0.,1.,0.));
#2506=DIRECTION('',(0.,-0.,1.));
#2507=AXIS2_PLACEMENT_3D('',#2504,#2505,#2506);
#2508=CIRCLE('',#2507,2.);
#2509=EDGE_CURVE('',#2503,#2503,#2508,.T.);
#2510=ORIENTED_EDGE('',*,*,#2509,.F.);
#2511=EDGE_LOOP('',(#2510));
#2512=FACE_BOUND('',#2511,.T.);
#2513=CARTESIAN_POINT('',(56.5025,3.175,-34.6846875));
#2514=VERTEX_POINT('',#2513);
#2515=CARTESIAN_POINT('',(56.5025,3.175,-36.6846875));
#2516=DIRECTION('',(0.,1.,0.));
#2517=DIRECTION('',(0.,-0.,1.));
#2518=AXIS2_PLACEMENT_3D('',#2515,#2516,#2517);
#2519=CIRCLE('',#2518,2.);
#2520=EDGE_CURVE('',#2514,#2514,#2519,.T.);
#2521=ORIENTED_EDGE('',*,*,#2520,.F.);
#2522=EDGE_LOOP('',(#2521));
#2523=FACE_BOUND('',#2522,.T.);
#2524=CARTESIAN_POINT('',(46.5025,3.175,-34.6846875));
#2525=VERTEX_POINT('',#2524);
#2526=CARTESIAN_POINT('',(46.5025,3.175,-36.6846875));
#2527=DIRECTION('',(0.,1.,0.));
#2528=DIRECTION('',(0.,-0.,1.));
#2529=AXIS2_PLACEMENT_3D('',#2526,#2527,#2528);
#2530=CIRCLE('',#2529,2.);
#2531=EDGE_CURVE('',#2525,#2525,#2530,.T.);
#2532=ORIENTED_EDGE('',*,*,#2531,.F.);
#2533=EDGE_LOOP('',(#2532));
#2534=FACE_BOUND('',#2533,.T.);
#2535=CARTESIAN_POINT('',(36.5025,3.175,-34.6846875));
#2536=VERTEX_POINT('',#2535);
#2537=CARTESIAN_POINT('',(36.5025,3.175,-36.6846875));
#2538=DIRECTION('',(0.,1.,0.));
#2539=DIRECTION('',(0.,-0.,1.));
#2540=AXIS2_PLACEMENT_3D('',#2537,#2538,#2539);
#2541=CIRCLE('',#2540,2.);
#2542=EDGE_CURVE('',#2536,#2536,#2541,.T.);
#2543=ORIENTED_EDGE('',*,*,#2542,.F.);
#2544=EDGE_LOOP('',(#2543));
#2545=FACE_BOUND('',#2544,.T.);
#2546=CARTESIAN_POINT('',(26.5025,3.175,-34.6846875));
#2547=VERTEX_POINT('',#2546);
#2548=CARTESIAN_POINT('',(26.5025,3.175,-36.6846875));
#2549=DIRECTION('',(0.,1.,0.));
#2550=DIRECTION('',(0.,-0.,1.));
#2551=AXIS2_PLACEMENT_3D('',#2548,#2549,#2550);
#2552=CIRCLE('',#2551,2.);
#2553=EDGE_CURVE('',#2547,#2547,#2552,.T.);
#2554=ORIENTED_EDGE('',*,*,#2553,.F.);
#2555=EDGE_LOOP('',(#2554));
#2556=FACE_BOUND('',#2555,.T.);
#2557=CARTESIAN_POINT('',(16.5025,3.175,-34.6846875));
#2558=VERTEX_POINT('',#2557);
#2559=CARTESIAN_POINT('',(16.5025,3.175,-36.6846875));
#2560=DIRECTION('',(0.,1.,0.));
#2561=DIRECTION('',(0.,-0.,1.));
#2562=AXIS2_PLACEMENT_3D('',#2559,#2560,#2561);
#2563=CIRCLE('',#2562,2.);
#2564=EDGE_CURVE('',#2558,#2558,#2563,.T.);
#2565=ORIENTED_EDGE('',*,*,#2564,.F.);
#2566=EDGE_LOOP('',(#2565));
#2567=FACE_BOUND('',#2566,.T.);
#2568=ORIENTED_EDGE('',*,*,#1800,.T.);
#2569=ORIENTED_EDGE('',*,*,#882,.T.);
#2570=ORIENTED_EDGE('',*,*,#1708,.F.);
#2571=ORIENTED_EDGE('',*,*,#157,.T.);
#2572=EDGE_LOOP('',(#2568,#2569,#2570,#2571));
#2573=FACE_BOUND('',#2572,.T.);
#2574=CARTESIAN_POINT('',(66.5025,3.175,-38.6846875));
#2575=VERTEX_POINT('',#2574);
#2576=CARTESIAN_POINT('',(66.5025,3.175,-36.6846875));
#2577=DIRECTION('',(0.,-1.,0.));
#2578=DIRECTION('',(0.,0.,-1.));
#2579=AXIS2_PLACEMENT_3D('',#2576,#2577,#2578);
#2580=CIRCLE('',#2579,2.);
#2581=EDGE_CURVE('',#2575,#2575,#2580,.T.);
#2582=ORIENTED_EDGE('',*,*,#2581,.T.);
#2583=EDGE_LOOP('',(#2582));
#2584=FACE_BOUND('',#2583,.T.);
#2585=CARTESIAN_POINT('',(76.5025,3.175,-38.6846875));
#2586=VERTEX_POINT('',#2585);
#2587=CARTESIAN_POINT('',(76.5025,3.175,-36.6846875));
#2588=DIRECTION('',(0.,-1.,0.));
#2589=DIRECTION('',(0.,0.,-1.));
#2590=AXIS2_PLACEMENT_3D('',#2587,#2588,#2589);
#2591=CIRCLE('',#2590,2.);
#2592=EDGE_CURVE('',#2586,#2586,#2591,.T.);
#2593=ORIENTED_EDGE('',*,*,#2592,.T.);
#2594=EDGE_LOOP('',(#2593));
#2595=FACE_BOUND('',#2594,.T.);
#2596=CARTESIAN_POINT('',(86.5025,3.175,-38.6846875));
#2597=VERTEX_POINT('',#2596);
#2598=CARTESIAN_POINT('',(86.5025,3.175,-36.6846875));
#2599=DIRECTION('',(0.,-1.,0.));
#2600=DIRECTION('',(0.,0.,-1.));
#2601=AXIS2_PLACEMENT_3D('',#2598,#2599,#2600);
#2602=CIRCLE('',#2601,2.);
#2603=EDGE_CURVE('',#2597,#2597,#2602,.T.);
#2604=ORIENTED_EDGE('',*,*,#2603,.T.);
#2605=EDGE_LOOP('',(#2604));
#2606=FACE_BOUND('',#2605,.T.);
#2607=CARTESIAN_POINT('',(96.5025,3.175,-38.6846875));
#2608=VERTEX_POINT('',#2607);
#2609=CARTESIAN_POINT('',(96.5025,3.175,-36.6846875));
#2610=DIRECTION('',(0.,-1.,0.));
#2611=DIRECTION('',(0.,0.,-1.));
#2612=AXIS2_PLACEMENT_3D('',#2609,#2610,#2611);
#2613=CIRCLE('',#2612,2.);
#2614=EDGE_CURVE('',#2608,#2608,#2613,.T.);
#2615=ORIENTED_EDGE('',*,*,#2614,.T.);
#2616=EDGE_LOOP('',(#2615));
#2617=FACE_BOUND('',#2616,.T.);
#2618=ADVANCED_FACE('',(#2512,#2523,#2534,#2545,#2556,#2567,#2573,#2584,#2595,#2606,#2617),#2501,.F.);
#2619=CARTESIAN_POINT('',(0.,3.175,0.));
#2620=DIRECTION('',(0.,-1.,0.));
#2621=DIRECTION('',(0.,0.,-1.));
#2622=AXIS2_PLACEMENT_3D('',#2619,#2620,#2621);
#2623=PLANE('',#2622);
#2624=CARTESIAN_POINT('',(6.5025,3.175,-79.0846875));
#2625=VERTEX_POINT('',#2624);
#2626=CARTESIAN_POINT('',(6.5025,3.175,-81.0846875));
#2627=DIRECTION('',(0.,1.,0.));
#2628=DIRECTION('',(0.,-0.,1.));
#2629=AXIS2_PLACEMENT_3D('',#2626,#2627,#2628);
#2630=CIRCLE('',#2629,2.);
#2631=EDGE_CURVE('',#2625,#2625,#2630,.T.);
#2632=ORIENTED_EDGE('',*,*,#2631,.F.);
#2633=EDGE_LOOP('',(#2632));
#2634=FACE_BOUND('',#2633,.T.);
#2635=CARTESIAN_POINT('',(16.5025,3.175,-79.0846875));
#2636=VERTEX_POINT('',#2635);
#2637=CARTESIAN_POINT('',(16.5025,3.175,-81.0846875));
#2638=DIRECTION('',(0.,1.,0.));
#2639=DIRECTION('',(0.,-0.,1.));
#2640=AXIS2_PLACEMENT_3D('',#2637,#2638,#2639);
#2641=CIRCLE('',#2640,2.);
#2642=EDGE_CURVE('',#2636,#2636,#2641,.T.);
#2643=ORIENTED_EDGE('',*,*,#2642,.F.);
#2644=EDGE_LOOP('',(#2643));
#2645=FACE_BOUND('',#2644,.T.);
#2646=CARTESIAN_POINT('',(26.5025,3.175,-79.0846875));
#2647=VERTEX_POINT('',#2646);
#2648=CARTESIAN_POINT('',(26.5025,3.175,-81.0846875));
#2649=DIRECTION('',(0.,1.,0.));
#2650=DIRECTION('',(0.,-0.,1.));
#2651=AXIS2_PLACEMENT_3D('',#2648,#2649,#2650);
#2652=CIRCLE('',#2651,2.);
#2653=EDGE_CURVE('',#2647,#2647,#2652,.T.);
#2654=ORIENTED_EDGE('',*,*,#2653,.F.);
#2655=EDGE_LOOP('',(#2654));
#2656=FACE_BOUND('',#2655,.T.);
#2657=CARTESIAN_POINT('',(36.5025,3.175,-79.0846875));
#2658=VERTEX_POINT('',#2657);
#2659=CARTESIAN_POINT('',(36.5025,3.175,-81.0846875));
#2660=DIRECTION('',(0.,1.,0.));
#2661=DIRECTION('',(0.,-0.,1.));
#2662=AXIS2_PLACEMENT_3D('',#2659,#2660,#2661);
#2663=CIRCLE('',#2662,2.);
#2664=EDGE_CURVE('',#2658,#2658,#2663,.T.);
#2665=ORIENTED_EDGE('',*,*,#2664,.F.);
#2666=EDGE_LOOP('',(#2665));
#2667=FACE_BOUND('',#2666,.T.);
#2668=CARTESIAN_POINT('',(46.5025,3.175,-79.0846875));
#2669=VERTEX_POINT('',#2668);
#2670=CARTESIAN_POINT('',(46.5025,3.175,-81.0846875));
#2671=DIRECTION('',(0.,1.,0.));
#2672=DIRECTION('',(0.,-0.,1.));
#2673=AXIS2_PLACEMENT_3D('',#2670,#2671,#2672);
#2674=CIRCLE('',#2673,2.);
#2675=EDGE_CURVE('',#2669,#2669,#2674,.T.);
#2676=ORIENTED_EDGE('',*,*,#2675,.F.);
#2677=EDGE_LOOP('',(#2676));
#2678=FACE_BOUND('',#2677,.T.);
#2679=CARTESIAN_POINT('',(56.5025,3.175,-79.0846875));
#2680=VERTEX_POINT('',#2679);
#2681=CARTESIAN_POINT('',(56.5025,3.175,-81.0846875));
#2682=DIRECTION('',(0.,1.,0.));
#2683=DIRECTION('',(0.,-0.,1.));
#2684=AXIS2_PLACEMENT_3D('',#2681,#2682,#2683);
#2685=CIRCLE('',#2684,2.);
#2686=EDGE_CURVE('',#2680,#2680,#2685,.T.);
#2687=ORIENTED_EDGE('',*,*,#2686,.F.);
#2688=EDGE_LOOP('',(#2687));
#2689=FACE_BOUND('',#2688,.T.);
#2690=ORIENTED_EDGE('',*,*,#1379,.T.);
#2691=ORIENTED_EDGE('',*,*,#754,.T.);
#2692=ORIENTED_EDGE('',*,*,#1316,.F.);
#2693=ORIENTED_EDGE('',*,*,#285,.T.);
#2694=EDGE_LOOP('',(#2690,#2691,#2692,#2693));
#2695=FACE_BOUND('',#2694,.T.);
#2696=CARTESIAN_POINT('',(76.5025,3.175,-83.1246875));
#2697=VERTEX_POINT('',#2696);
#2698=CARTESIAN_POINT('',(76.5025,3.175,-81.1246875));
#2699=DIRECTION('',(0.,-1.,0.));
#2700=DIRECTION('',(0.,0.,-1.));
#2701=AXIS2_PLACEMENT_3D('',#2698,#2699,#2700);
#2702=CIRCLE('',#2701,2.);
#2703=EDGE_CURVE('',#2697,#2697,#2702,.T.);
#2704=ORIENTED_EDGE('',*,*,#2703,.T.);
#2705=EDGE_LOOP('',(#2704));
#2706=FACE_BOUND('',#2705,.T.);
#2707=CARTESIAN_POINT('',(96.5025,3.175,-83.1246875));
#2708=VERTEX_POINT('',#2707);
#2709=CARTESIAN_POINT('',(96.5025,3.175,-81.1246875));
#2710=DIRECTION('',(0.,-1.,0.));
#2711=DIRECTION('',(0.,0.,-1.));
#2712=AXIS2_PLACEMENT_3D('',#2709,#2710,#2711);
#2713=CIRCLE('',#2712,2.);
#2714=EDGE_CURVE('',#2708,#2708,#2713,.T.);
#2715=ORIENTED_EDGE('',*,*,#2714,.T.);
#2716=EDGE_LOOP('',(#2715));
#2717=FACE_BOUND('',#2716,.T.);
#2718=CARTESIAN_POINT('',(66.5025,3.175,-83.1246875));
#2719=VERTEX_POINT('',#2718);
#2720=CARTESIAN_POINT('',(66.5025,3.175,-81.1246875));
#2721=DIRECTION('',(0.,-1.,0.));
#2722=DIRECTION('',(0.,0.,-1.));
#2723=AXIS2_PLACEMENT_3D('',#2720,#2721,#2722);
#2724=CIRCLE('',#2723,2.);
#2725=EDGE_CURVE('',#2719,#2719,#2724,.T.);
#2726=ORIENTED_EDGE('',*,*,#2725,.T.);
#2727=EDGE_LOOP('',(#2726));
#2728=FACE_BOUND('',#2727,.T.);
#2729=CARTESIAN_POINT('',(86.5025,3.175,-83.1246875));
#2730=VERTEX_POINT('',#2729);
#2731=CARTESIAN_POINT('',(86.5025,3.175,-81.1246875));
#2732=DIRECTION('',(0.,-1.,0.));
#2733=DIRECTION('',(0.,0.,-1.));
#2734=AXIS2_PLACEMENT_3D('',#2731,#2732,#2733);
#2735=CIRCLE('',#2734,2.);
#2736=EDGE_CURVE('',#2730,#2730,#2735,.T.);
#2737=ORIENTED_EDGE('',*,*,#2736,.T.);
#2738=EDGE_LOOP('',(#2737));
#2739=FACE_BOUND('',#2738,.T.);
#2740=ADVANCED_FACE('',(#2634,#2645,#2656,#2667,#2678,#2689,#2695,#2706,#2717,#2728,#2739),#2623,.F.);
#2741=CARTESIAN_POINT('',(0.,3.175,-104.8594));
#2742=DIRECTION('',(0.,0.,1.));
#2743=DIRECTION('',(1.,0.,0.));
#2744=AXIS2_PLACEMENT_3D('',#2741,#2742,#2743);
#2745=PLANE('',#2744);
#2746=CARTESIAN_POINT('',(20.,-4.295,-104.8594));
#2747=VERTEX_POINT('',#2746);
#2748=CARTESIAN_POINT('',(20.,-1.295,-104.8594));
#2749=VERTEX_POINT('',#2748);
#2750=CARTESIAN_POINT('',(20.,-4.295,-104.8594));
#2751=DIRECTION('',(0.,1.,0.));
#2752=VECTOR('',#2751,3.);
#2753=LINE('',#2750,#2752);
#2754=EDGE_CURVE('',#2747,#2749,#2753,.T.);
#2755=ORIENTED_EDGE('',*,*,#2754,.T.);
#2756=CARTESIAN_POINT('',(50.,-1.295,-104.8594));
#2757=VERTEX_POINT('',#2756);
#2758=CARTESIAN_POINT('',(20.,-1.295,-104.8594));
#2759=DIRECTION('',(1.,0.,-0.));
#2760=VECTOR('',#2759,30.);
#2761=LINE('',#2758,#2760);
#2762=EDGE_CURVE('',#2749,#2757,#2761,.T.);
#2763=ORIENTED_EDGE('',*,*,#2762,.T.);
#2764=CARTESIAN_POINT('',(50.,-4.295,-104.8594));
#2765=VERTEX_POINT('',#2764);
#2766=CARTESIAN_POINT('',(50.,-4.295,-104.8594));
#2767=DIRECTION('',(0.,1.,0.));
#2768=VECTOR('',#2767,3.);
#2769=LINE('',#2766,#2768);
#2770=EDGE_CURVE('',#2765,#2757,#2769,.T.);
#2771=ORIENTED_EDGE('',*,*,#2770,.F.);
#2772=CARTESIAN_POINT('',(50.,-4.295,-104.8594));
#2773=DIRECTION('',(-1.,-0.,0.));
#2774=VECTOR('',#2773,30.);
#2775=LINE('',#2772,#2774);
#2776=EDGE_CURVE('',#2765,#2747,#2775,.T.);
#2777=ORIENTED_EDGE('',*,*,#2776,.T.);
#2778=EDGE_LOOP('',(#2755,#2763,#2771,#2777));
#2779=FACE_BOUND('',#2778,.T.);
#2780=ADVANCED_FACE('',(#2779),#2745,.F.);
#2781=CARTESIAN_POINT('',(50.,0.,-100.));
#2782=DIRECTION('',(-1.,0.,0.));
#2783=DIRECTION('',(0.,0.,1.));
#2784=AXIS2_PLACEMENT_3D('',#2781,#2782,#2783);
#2785=PLANE('',#2784);
#2786=CARTESIAN_POINT('',(50.,-1.295,-101.8569));
#2787=DIRECTION('',(-0.,-0.,-1.));
#2788=VECTOR('',#2787,3.0025);
#2789=LINE('',#2786,#2788);
#2790=EDGE_CURVE('',#1121,#2757,#2789,.T.);
#2791=ORIENTED_EDGE('',*,*,#2790,.F.);
#2792=ORIENTED_EDGE('',*,*,#1126,.F.);
#2793=CARTESIAN_POINT('',(50.,-4.295,-104.8594));
#2794=DIRECTION('',(-0.,-0.,1.));
#2795=VECTOR('',#2794,3.0025);
#2796=LINE('',#2793,#2795);
#2797=EDGE_CURVE('',#2765,#1113,#2796,.T.);
#2798=ORIENTED_EDGE('',*,*,#2797,.F.);
#2799=ORIENTED_EDGE('',*,*,#2770,.T.);
#2800=EDGE_LOOP('',(#2791,#2792,#2798,#2799));
#2801=FACE_BOUND('',#2800,.T.);
#2802=ADVANCED_FACE('',(#2801),#2785,.F.);
#2803=CARTESIAN_POINT('',(20.,0.,-100.));
#2804=DIRECTION('',(1.,0.,0.));
#2805=DIRECTION('',(0.,0.,-1.));
#2806=AXIS2_PLACEMENT_3D('',#2803,#2804,#2805);
#2807=PLANE('',#2806);
#2808=ORIENTED_EDGE('',*,*,#1142,.T.);
#2809=CARTESIAN_POINT('',(20.,-1.295,-101.8569));
#2810=DIRECTION('',(0.,0.,-1.));
#2811=VECTOR('',#2810,3.0025);
#2812=LINE('',#2809,#2811);
#2813=EDGE_CURVE('',#1129,#2749,#2812,.T.);
#2814=ORIENTED_EDGE('',*,*,#2813,.T.);
#2815=ORIENTED_EDGE('',*,*,#2754,.F.);
#2816=CARTESIAN_POINT('',(20.,-4.295,-101.8569));
#2817=DIRECTION('',(0.,0.,-1.));
#2818=VECTOR('',#2817,3.0025);
#2819=LINE('',#2816,#2818);
#2820=EDGE_CURVE('',#1137,#2747,#2819,.T.);
#2821=ORIENTED_EDGE('',*,*,#2820,.F.);
#2822=EDGE_LOOP('',(#2808,#2814,#2815,#2821));
#2823=FACE_BOUND('',#2822,.T.);
#2824=ADVANCED_FACE('',(#2823),#2807,.F.);
#2825=CARTESIAN_POINT('',(6.5025,-6.825,-81.0846875));
#2826=DIRECTION('',(0.,1.,0.));
#2827=DIRECTION('',(0.,-0.,1.));
#2828=AXIS2_PLACEMENT_3D('',#2825,#2826,#2827);
#2829=CYLINDRICAL_SURFACE('',#2828,2.);
#2830=CARTESIAN_POINT('',(6.5025,-4.295,-79.0846875));
#2831=VERTEX_POINT('',#2830);
#2832=CARTESIAN_POINT('',(6.5025,3.175,-79.0846875));
#2833=DIRECTION('',(-0.,-1.,-0.));
#2834=VECTOR('',#2833,7.47);
#2835=LINE('',#2832,#2834);
#2836=EDGE_CURVE('',#2625,#2831,#2835,.T.);
#2837=ORIENTED_EDGE('',*,*,#2836,.F.);
#2838=ORIENTED_EDGE('',*,*,#2631,.T.);
#2839=ORIENTED_EDGE('',*,*,#2836,.T.);
#2840=CARTESIAN_POINT('',(6.5025,-4.295,-81.0846875));
#2841=DIRECTION('',(-0.,-1.,-0.));
#2842=DIRECTION('',(0.,-0.,1.));
#2843=AXIS2_PLACEMENT_3D('',#2840,#2841,#2842);
#2844=CIRCLE('',#2843,2.);
#2845=EDGE_CURVE('',#2831,#2831,#2844,.T.);
#2846=ORIENTED_EDGE('',*,*,#2845,.T.);
#2847=EDGE_LOOP('',(#2837,#2838,#2839,#2846));
#2848=FACE_BOUND('',#2847,.T.);
#2849=ADVANCED_FACE('',(#2848),#2829,.F.);
#2850=CARTESIAN_POINT('',(6.5025,-6.825,-25.5846875));
#2851=DIRECTION('',(0.,1.,0.));
#2852=DIRECTION('',(0.,-0.,1.));
#2853=AXIS2_PLACEMENT_3D('',#2850,#2851,#2852);
#2854=CYLINDRICAL_SURFACE('',#2853,2.);
#2855=CARTESIAN_POINT('',(6.5025,-4.295,-23.5846875));
#2856=VERTEX_POINT('',#2855);
#2857=CARTESIAN_POINT('',(6.5025,3.175,-23.5846875));
#2858=DIRECTION('',(-0.,-1.,-0.));
#2859=VECTOR('',#2858,7.47);
#2860=LINE('',#2857,#2859);
#2861=EDGE_CURVE('',#1882,#2856,#2860,.T.);
#2862=ORIENTED_EDGE('',*,*,#2861,.F.);
#2863=ORIENTED_EDGE('',*,*,#1888,.T.);
#2864=ORIENTED_EDGE('',*,*,#2861,.T.);
#2865=CARTESIAN_POINT('',(6.5025,-4.295,-25.5846875));
#2866=DIRECTION('',(-0.,-1.,-0.));
#2867=DIRECTION('',(0.,-0.,1.));
#2868=AXIS2_PLACEMENT_3D('',#2865,#2866,#2867);
#2869=CIRCLE('',#2868,2.);
#2870=EDGE_CURVE('',#2856,#2856,#2869,.T.);
#2871=ORIENTED_EDGE('',*,*,#2870,.T.);
#2872=EDGE_LOOP('',(#2862,#2863,#2864,#2871));
#2873=FACE_BOUND('',#2872,.T.);
#2874=ADVANCED_FACE('',(#2873),#2854,.F.);
#2875=CARTESIAN_POINT('',(6.5025,-6.825,-36.6846875));
#2876=DIRECTION('',(0.,1.,0.));
#2877=DIRECTION('',(0.,-0.,1.));
#2878=AXIS2_PLACEMENT_3D('',#2875,#2876,#2877);
#2879=CYLINDRICAL_SURFACE('',#2878,2.);
#2880=CARTESIAN_POINT('',(6.5025,-4.295,-34.6846875));
#2881=VERTEX_POINT('',#2880);
#2882=CARTESIAN_POINT('',(6.5025,3.175,-34.6846875));
#2883=DIRECTION('',(-0.,-1.,-0.));
#2884=VECTOR('',#2883,7.47);
#2885=LINE('',#2882,#2884);
#2886=EDGE_CURVE('',#2503,#2881,#2885,.T.);
#2887=ORIENTED_EDGE('',*,*,#2886,.F.);
#2888=ORIENTED_EDGE('',*,*,#2509,.T.);
#2889=ORIENTED_EDGE('',*,*,#2886,.T.);
#2890=CARTESIAN_POINT('',(6.5025,-4.295,-36.6846875));
#2891=DIRECTION('',(-0.,-1.,-0.));
#2892=DIRECTION('',(0.,-0.,1.));
#2893=AXIS2_PLACEMENT_3D('',#2890,#2891,#2892);
#2894=CIRCLE('',#2893,2.);
#2895=EDGE_CURVE('',#2881,#2881,#2894,.T.);
#2896=ORIENTED_EDGE('',*,*,#2895,.T.);
#2897=EDGE_LOOP('',(#2887,#2888,#2889,#2896));
#2898=FACE_BOUND('',#2897,.T.);
#2899=ADVANCED_FACE('',(#2898),#2879,.F.);
#2900=CARTESIAN_POINT('',(6.5025,-6.825,-47.7846875));
#2901=DIRECTION('',(0.,1.,0.));
#2902=DIRECTION('',(0.,-0.,1.));
#2903=AXIS2_PLACEMENT_3D('',#2900,#2901,#2902);
#2904=CYLINDRICAL_SURFACE('',#2903,2.);
#2905=CARTESIAN_POINT('',(6.5025,-4.295,-45.7846875));
#2906=VERTEX_POINT('',#2905);
#2907=CARTESIAN_POINT('',(6.5025,3.175,-45.7846875));
#2908=DIRECTION('',(-0.,-1.,-0.));
#2909=VECTOR('',#2908,7.47);
#2910=LINE('',#2907,#2909);
#2911=EDGE_CURVE('',#2381,#2906,#2910,.T.);
#2912=ORIENTED_EDGE('',*,*,#2911,.F.);
#2913=ORIENTED_EDGE('',*,*,#2387,.T.);
#2914=ORIENTED_EDGE('',*,*,#2911,.T.);
#2915=CARTESIAN_POINT('',(6.5025,-4.295,-47.7846875));
#2916=DIRECTION('',(-0.,-1.,-0.));
#2917=DIRECTION('',(0.,-0.,1.));
#2918=AXIS2_PLACEMENT_3D('',#2915,#2916,#2917);
#2919=CIRCLE('',#2918,2.);
#2920=EDGE_CURVE('',#2906,#2906,#2919,.T.);
#2921=ORIENTED_EDGE('',*,*,#2920,.T.);
#2922=EDGE_LOOP('',(#2912,#2913,#2914,#2921));
#2923=FACE_BOUND('',#2922,.T.);
#2924=ADVANCED_FACE('',(#2923),#2904,.F.);
#2925=CARTESIAN_POINT('',(46.5025,-6.825,-69.9846875));
#2926=DIRECTION('',(0.,1.,0.));
#2927=DIRECTION('',(0.,-0.,1.));
#2928=AXIS2_PLACEMENT_3D('',#2925,#2926,#2927);
#2929=CYLINDRICAL_SURFACE('',#2928,2.);
#2930=CARTESIAN_POINT('',(46.5025,-4.295,-67.9846875));
#2931=VERTEX_POINT('',#2930);
#2932=CARTESIAN_POINT('',(46.5025,3.175,-67.9846875));
#2933=DIRECTION('',(-0.,-1.,-0.));
#2934=VECTOR('',#2933,7.47);
#2935=LINE('',#2932,#2934);
#2936=EDGE_CURVE('',#2137,#2931,#2935,.T.);
#2937=ORIENTED_EDGE('',*,*,#2936,.F.);
#2938=ORIENTED_EDGE('',*,*,#2143,.T.);
#2939=ORIENTED_EDGE('',*,*,#2936,.T.);
#2940=CARTESIAN_POINT('',(46.5025,-4.295,-69.9846875));
#2941=DIRECTION('',(-0.,-1.,-0.));
#2942=DIRECTION('',(0.,-0.,1.));
#2943=AXIS2_PLACEMENT_3D('',#2940,#2941,#2942);
#2944=CIRCLE('',#2943,2.);
#2945=EDGE_CURVE('',#2931,#2931,#2944,.T.);
#2946=ORIENTED_EDGE('',*,*,#2945,.T.);
#2947=EDGE_LOOP('',(#2937,#2938,#2939,#2946));
#2948=FACE_BOUND('',#2947,.T.);
#2949=ADVANCED_FACE('',(#2948),#2929,.F.);
#2950=CARTESIAN_POINT('',(56.5025,-6.825,-69.9846875));
#2951=DIRECTION('',(0.,1.,0.));
#2952=DIRECTION('',(0.,-0.,1.));
#2953=AXIS2_PLACEMENT_3D('',#2950,#2951,#2952);
#2954=CYLINDRICAL_SURFACE('',#2953,2.);
#2955=CARTESIAN_POINT('',(56.5025,-4.295,-67.9846875));
#2956=VERTEX_POINT('',#2955);
#2957=CARTESIAN_POINT('',(56.5025,3.175,-67.9846875));
#2958=DIRECTION('',(-0.,-1.,-0.));
#2959=VECTOR('',#2958,7.47);
#2960=LINE('',#2957,#2959);
#2961=EDGE_CURVE('',#2148,#2956,#2960,.T.);
#2962=ORIENTED_EDGE('',*,*,#2961,.F.);
#2963=ORIENTED_EDGE('',*,*,#2154,.T.);
#2964=ORIENTED_EDGE('',*,*,#2961,.T.);
#2965=CARTESIAN_POINT('',(56.5025,-4.295,-69.9846875));
#2966=DIRECTION('',(-0.,-1.,-0.));
#2967=DIRECTION('',(0.,-0.,1.));
#2968=AXIS2_PLACEMENT_3D('',#2965,#2966,#2967);
#2969=CIRCLE('',#2968,2.);
#2970=EDGE_CURVE('',#2956,#2956,#2969,.T.);
#2971=ORIENTED_EDGE('',*,*,#2970,.T.);
#2972=EDGE_LOOP('',(#2962,#2963,#2964,#2971));
#2973=FACE_BOUND('',#2972,.T.);
#2974=ADVANCED_FACE('',(#2973),#2954,.F.);
#2975=CARTESIAN_POINT('',(16.5025,-6.825,-58.8846875));
#2976=DIRECTION('',(0.,1.,0.));
#2977=DIRECTION('',(0.,-0.,1.));
#2978=AXIS2_PLACEMENT_3D('',#2975,#2976,#2977);
#2979=CYLINDRICAL_SURFACE('',#2978,2.);
#2980=CARTESIAN_POINT('',(16.5025,-4.295,-56.8846875));
#2981=VERTEX_POINT('',#2980);
#2982=CARTESIAN_POINT('',(16.5025,3.175,-56.8846875));
#2983=DIRECTION('',(-0.,-1.,-0.));
#2984=VECTOR('',#2983,7.47);
#2985=LINE('',#2982,#2984);
#2986=EDGE_CURVE('',#2259,#2981,#2985,.T.);
#2987=ORIENTED_EDGE('',*,*,#2986,.F.);
#2988=ORIENTED_EDGE('',*,*,#2265,.T.);
#2989=ORIENTED_EDGE('',*,*,#2986,.T.);
#2990=CARTESIAN_POINT('',(16.5025,-4.295,-58.8846875));
#2991=DIRECTION('',(-0.,-1.,-0.));
#2992=DIRECTION('',(0.,-0.,1.));
#2993=AXIS2_PLACEMENT_3D('',#2990,#2991,#2992);
#2994=CIRCLE('',#2993,2.);
#2995=EDGE_CURVE('',#2981,#2981,#2994,.T.);
#2996=ORIENTED_EDGE('',*,*,#2995,.T.);
#2997=EDGE_LOOP('',(#2987,#2988,#2989,#2996));
#2998=FACE_BOUND('',#2997,.T.);
#2999=ADVANCED_FACE('',(#2998),#2979,.F.);
#3000=CARTESIAN_POINT('',(26.5025,-6.825,-58.8846875));
#3001=DIRECTION('',(0.,1.,0.));
#3002=DIRECTION('',(0.,-0.,1.));
#3003=AXIS2_PLACEMENT_3D('',#3000,#3001,#3002);
#3004=CYLINDRICAL_SURFACE('',#3003,2.);
#3005=CARTESIAN_POINT('',(26.5025,-4.295,-56.8846875));
#3006=VERTEX_POINT('',#3005);
#3007=CARTESIAN_POINT('',(26.5025,3.175,-56.8846875));
#3008=DIRECTION('',(-0.,-1.,-0.));
#3009=VECTOR('',#3008,7.47);
#3010=LINE('',#3007,#3009);
#3011=EDGE_CURVE('',#2270,#3006,#3010,.T.);
#3012=ORIENTED_EDGE('',*,*,#3011,.F.);
#3013=ORIENTED_EDGE('',*,*,#2276,.T.);
#3014=ORIENTED_EDGE('',*,*,#3011,.T.);
#3015=CARTESIAN_POINT('',(26.5025,-4.295,-58.8846875));
#3016=DIRECTION('',(-0.,-1.,-0.));
#3017=DIRECTION('',(0.,-0.,1.));
#3018=AXIS2_PLACEMENT_3D('',#3015,#3016,#3017);
#3019=CIRCLE('',#3018,2.);
#3020=EDGE_CURVE('',#3006,#3006,#3019,.T.);
#3021=ORIENTED_EDGE('',*,*,#3020,.T.);
#3022=EDGE_LOOP('',(#3012,#3013,#3014,#3021));
#3023=FACE_BOUND('',#3022,.T.);
#3024=ADVANCED_FACE('',(#3023),#3004,.F.);
#3025=CARTESIAN_POINT('',(16.5025,-6.825,-47.7846875));
#3026=DIRECTION('',(0.,1.,0.));
#3027=DIRECTION('',(0.,-0.,1.));
#3028=AXIS2_PLACEMENT_3D('',#3025,#3026,#3027);
#3029=CYLINDRICAL_SURFACE('',#3028,2.);
#3030=CARTESIAN_POINT('',(16.5025,-4.295,-45.7846875));
#3031=VERTEX_POINT('',#3030);
#3032=CARTESIAN_POINT('',(16.5025,3.175,-45.7846875));
#3033=DIRECTION('',(-0.,-1.,-0.));
#3034=VECTOR('',#3033,7.47);
#3035=LINE('',#3032,#3034);
#3036=EDGE_CURVE('',#2392,#3031,#3035,.T.);
#3037=ORIENTED_EDGE('',*,*,#3036,.F.);
#3038=ORIENTED_EDGE('',*,*,#2398,.T.);
#3039=ORIENTED_EDGE('',*,*,#3036,.T.);
#3040=CARTESIAN_POINT('',(16.5025,-4.295,-47.7846875));
#3041=DIRECTION('',(-0.,-1.,-0.));
#3042=DIRECTION('',(0.,-0.,1.));
#3043=AXIS2_PLACEMENT_3D('',#3040,#3041,#3042);
#3044=CIRCLE('',#3043,2.);
#3045=EDGE_CURVE('',#3031,#3031,#3044,.T.);
#3046=ORIENTED_EDGE('',*,*,#3045,.T.);
#3047=EDGE_LOOP('',(#3037,#3038,#3039,#3046));
#3048=FACE_BOUND('',#3047,.T.);
#3049=ADVANCED_FACE('',(#3048),#3029,.F.);
#3050=CARTESIAN_POINT('',(56.5025,-6.825,-58.8846875));
#3051=DIRECTION('',(0.,1.,0.));
#3052=DIRECTION('',(0.,-0.,1.));
#3053=AXIS2_PLACEMENT_3D('',#3050,#3051,#3052);
#3054=CYLINDRICAL_SURFACE('',#3053,2.);
#3055=CARTESIAN_POINT('',(56.5025,-4.295,-56.8846875));
#3056=VERTEX_POINT('',#3055);
#3057=CARTESIAN_POINT('',(56.5025,3.175,-56.8846875));
#3058=DIRECTION('',(-0.,-1.,-0.));
#3059=VECTOR('',#3058,7.47);
#3060=LINE('',#3057,#3059);
#3061=EDGE_CURVE('',#2281,#3056,#3060,.T.);
#3062=ORIENTED_EDGE('',*,*,#3061,.F.);
#3063=ORIENTED_EDGE('',*,*,#2287,.T.);
#3064=ORIENTED_EDGE('',*,*,#3061,.T.);
#3065=CARTESIAN_POINT('',(56.5025,-4.295,-58.8846875));
#3066=DIRECTION('',(-0.,-1.,-0.));
#3067=DIRECTION('',(0.,-0.,1.));
#3068=AXIS2_PLACEMENT_3D('',#3065,#3066,#3067);
#3069=CIRCLE('',#3068,2.);
#3070=EDGE_CURVE('',#3056,#3056,#3069,.T.);
#3071=ORIENTED_EDGE('',*,*,#3070,.T.);
#3072=EDGE_LOOP('',(#3062,#3063,#3064,#3071));
#3073=FACE_BOUND('',#3072,.T.);
#3074=ADVANCED_FACE('',(#3073),#3054,.F.);
#3075=CARTESIAN_POINT('',(46.5025,-6.825,-58.8846875));
#3076=DIRECTION('',(0.,1.,0.));
#3077=DIRECTION('',(0.,-0.,1.));
#3078=AXIS2_PLACEMENT_3D('',#3075,#3076,#3077);
#3079=CYLINDRICAL_SURFACE('',#3078,2.);
#3080=CARTESIAN_POINT('',(46.5025,-4.295,-56.8846875));
#3081=VERTEX_POINT('',#3080);
#3082=CARTESIAN_POINT('',(46.5025,3.175,-56.8846875));
#3083=DIRECTION('',(-0.,-1.,-0.));
#3084=VECTOR('',#3083,7.47);
#3085=LINE('',#3082,#3084);
#3086=EDGE_CURVE('',#2292,#3081,#3085,.T.);
#3087=ORIENTED_EDGE('',*,*,#3086,.F.);
#3088=ORIENTED_EDGE('',*,*,#2298,.T.);
#3089=ORIENTED_EDGE('',*,*,#3086,.T.);
#3090=CARTESIAN_POINT('',(46.5025,-4.295,-58.8846875));
#3091=DIRECTION('',(-0.,-1.,-0.));
#3092=DIRECTION('',(0.,-0.,1.));
#3093=AXIS2_PLACEMENT_3D('',#3090,#3091,#3092);
#3094=CIRCLE('',#3093,2.);
#3095=EDGE_CURVE('',#3081,#3081,#3094,.T.);
#3096=ORIENTED_EDGE('',*,*,#3095,.T.);
#3097=EDGE_LOOP('',(#3087,#3088,#3089,#3096));
#3098=FACE_BOUND('',#3097,.T.);
#3099=ADVANCED_FACE('',(#3098),#3079,.F.);
#3100=CARTESIAN_POINT('',(36.5025,-6.825,-58.8846875));
#3101=DIRECTION('',(0.,1.,0.));
#3102=DIRECTION('',(0.,-0.,1.));
#3103=AXIS2_PLACEMENT_3D('',#3100,#3101,#3102);
#3104=CYLINDRICAL_SURFACE('',#3103,2.);
#3105=CARTESIAN_POINT('',(36.5025,-4.295,-56.8846875));
#3106=VERTEX_POINT('',#3105);
#3107=CARTESIAN_POINT('',(36.5025,3.175,-56.8846875));
#3108=DIRECTION('',(-0.,-1.,-0.));
#3109=VECTOR('',#3108,7.47);
#3110=LINE('',#3107,#3109);
#3111=EDGE_CURVE('',#2303,#3106,#3110,.T.);
#3112=ORIENTED_EDGE('',*,*,#3111,.F.);
#3113=ORIENTED_EDGE('',*,*,#2309,.T.);
#3114=ORIENTED_EDGE('',*,*,#3111,.T.);
#3115=CARTESIAN_POINT('',(36.5025,-4.295,-58.8846875));
#3116=DIRECTION('',(-0.,-1.,-0.));
#3117=DIRECTION('',(0.,-0.,1.));
#3118=AXIS2_PLACEMENT_3D('',#3115,#3116,#3117);
#3119=CIRCLE('',#3118,2.);
#3120=EDGE_CURVE('',#3106,#3106,#3119,.T.);
#3121=ORIENTED_EDGE('',*,*,#3120,.T.);
#3122=EDGE_LOOP('',(#3112,#3113,#3114,#3121));
#3123=FACE_BOUND('',#3122,.T.);
#3124=ADVANCED_FACE('',(#3123),#3104,.F.);
#3125=CARTESIAN_POINT('',(16.5025,-6.825,-81.0846875));
#3126=DIRECTION('',(0.,1.,0.));
#3127=DIRECTION('',(0.,-0.,1.));
#3128=AXIS2_PLACEMENT_3D('',#3125,#3126,#3127);
#3129=CYLINDRICAL_SURFACE('',#3128,2.);
#3130=CARTESIAN_POINT('',(16.5025,-4.295,-79.0846875));
#3131=VERTEX_POINT('',#3130);
#3132=CARTESIAN_POINT('',(16.5025,3.175,-79.0846875));
#3133=DIRECTION('',(-0.,-1.,-0.));
#3134=VECTOR('',#3133,7.47);
#3135=LINE('',#3132,#3134);
#3136=EDGE_CURVE('',#2636,#3131,#3135,.T.);
#3137=ORIENTED_EDGE('',*,*,#3136,.F.);
#3138=ORIENTED_EDGE('',*,*,#2642,.T.);
#3139=ORIENTED_EDGE('',*,*,#3136,.T.);
#3140=CARTESIAN_POINT('',(16.5025,-4.295,-81.0846875));
#3141=DIRECTION('',(-0.,-1.,-0.));
#3142=DIRECTION('',(0.,-0.,1.));
#3143=AXIS2_PLACEMENT_3D('',#3140,#3141,#3142);
#3144=CIRCLE('',#3143,2.);
#3145=EDGE_CURVE('',#3131,#3131,#3144,.T.);
#3146=ORIENTED_EDGE('',*,*,#3145,.T.);
#3147=EDGE_LOOP('',(#3137,#3138,#3139,#3146));
#3148=FACE_BOUND('',#3147,.T.);
#3149=ADVANCED_FACE('',(#3148),#3129,.F.);
#3150=CARTESIAN_POINT('',(26.5025,-6.825,-81.0846875));
#3151=DIRECTION('',(0.,1.,0.));
#3152=DIRECTION('',(0.,-0.,1.));
#3153=AXIS2_PLACEMENT_3D('',#3150,#3151,#3152);
#3154=CYLINDRICAL_SURFACE('',#3153,2.);
#3155=CARTESIAN_POINT('',(26.5025,-4.295,-79.0846875));
#3156=VERTEX_POINT('',#3155);
#3157=CARTESIAN_POINT('',(26.5025,3.175,-79.0846875));
#3158=DIRECTION('',(-0.,-1.,-0.));
#3159=VECTOR('',#3158,7.47);
#3160=LINE('',#3157,#3159);
#3161=EDGE_CURVE('',#2647,#3156,#3160,.T.);
#3162=ORIENTED_EDGE('',*,*,#3161,.F.);
#3163=ORIENTED_EDGE('',*,*,#2653,.T.);
#3164=ORIENTED_EDGE('',*,*,#3161,.T.);
#3165=CARTESIAN_POINT('',(26.5025,-4.295,-81.0846875));
#3166=DIRECTION('',(-0.,-1.,-0.));
#3167=DIRECTION('',(0.,-0.,1.));
#3168=AXIS2_PLACEMENT_3D('',#3165,#3166,#3167);
#3169=CIRCLE('',#3168,2.);
#3170=EDGE_CURVE('',#3156,#3156,#3169,.T.);
#3171=ORIENTED_EDGE('',*,*,#3170,.T.);
#3172=EDGE_LOOP('',(#3162,#3163,#3164,#3171));
#3173=FACE_BOUND('',#3172,.T.);
#3174=ADVANCED_FACE('',(#3173),#3154,.F.);
#3175=CARTESIAN_POINT('',(36.5025,-6.825,-81.0846875));
#3176=DIRECTION('',(0.,1.,0.));
#3177=DIRECTION('',(0.,-0.,1.));
#3178=AXIS2_PLACEMENT_3D('',#3175,#3176,#3177);
#3179=CYLINDRICAL_SURFACE('',#3178,2.);
#3180=CARTESIAN_POINT('',(36.5025,-4.295,-79.0846875));
#3181=VERTEX_POINT('',#3180);
#3182=CARTESIAN_POINT('',(36.5025,3.175,-79.0846875));
#3183=DIRECTION('',(-0.,-1.,-0.));
#3184=VECTOR('',#3183,7.47);
#3185=LINE('',#3182,#3184);
#3186=EDGE_CURVE('',#2658,#3181,#3185,.T.);
#3187=ORIENTED_EDGE('',*,*,#3186,.F.);
#3188=ORIENTED_EDGE('',*,*,#2664,.T.);
#3189=ORIENTED_EDGE('',*,*,#3186,.T.);
#3190=CARTESIAN_POINT('',(36.5025,-4.295,-81.0846875));
#3191=DIRECTION('',(-0.,-1.,-0.));
#3192=DIRECTION('',(0.,-0.,1.));
#3193=AXIS2_PLACEMENT_3D('',#3190,#3191,#3192);
#3194=CIRCLE('',#3193,2.);
#3195=EDGE_CURVE('',#3181,#3181,#3194,.T.);
#3196=ORIENTED_EDGE('',*,*,#3195,.T.);
#3197=EDGE_LOOP('',(#3187,#3188,#3189,#3196));
#3198=FACE_BOUND('',#3197,.T.);
#3199=ADVANCED_FACE('',(#3198),#3179,.F.);
#3200=CARTESIAN_POINT('',(46.5025,-6.825,-81.0846875));
#3201=DIRECTION('',(0.,1.,0.));
#3202=DIRECTION('',(0.,-0.,1.));
#3203=AXIS2_PLACEMENT_3D('',#3200,#3201,#3202);
#3204=CYLINDRICAL_SURFACE('',#3203,2.);
#3205=CARTESIAN_POINT('',(46.5025,-4.295,-79.0846875));
#3206=VERTEX_POINT('',#3205);
#3207=CARTESIAN_POINT('',(46.5025,3.175,-79.0846875));
#3208=DIRECTION('',(-0.,-1.,-0.));
#3209=VECTOR('',#3208,7.47);
#3210=LINE('',#3207,#3209);
#3211=EDGE_CURVE('',#2669,#3206,#3210,.T.);
#3212=ORIENTED_EDGE('',*,*,#3211,.F.);
#3213=ORIENTED_EDGE('',*,*,#2675,.T.);
#3214=ORIENTED_EDGE('',*,*,#3211,.T.);
#3215=CARTESIAN_POINT('',(46.5025,-4.295,-81.0846875));
#3216=DIRECTION('',(-0.,-1.,-0.));
#3217=DIRECTION('',(0.,-0.,1.));
#3218=AXIS2_PLACEMENT_3D('',#3215,#3216,#3217);
#3219=CIRCLE('',#3218,2.);
#3220=EDGE_CURVE('',#3206,#3206,#3219,.T.);
#3221=ORIENTED_EDGE('',*,*,#3220,.T.);
#3222=EDGE_LOOP('',(#3212,#3213,#3214,#3221));
#3223=FACE_BOUND('',#3222,.T.);
#3224=ADVANCED_FACE('',(#3223),#3204,.F.);
#3225=CARTESIAN_POINT('',(36.5025,-6.825,-69.9846875));
#3226=DIRECTION('',(0.,1.,0.));
#3227=DIRECTION('',(0.,-0.,1.));
#3228=AXIS2_PLACEMENT_3D('',#3225,#3226,#3227);
#3229=CYLINDRICAL_SURFACE('',#3228,2.);
#3230=CARTESIAN_POINT('',(36.5025,-4.295,-67.9846875));
#3231=VERTEX_POINT('',#3230);
#3232=CARTESIAN_POINT('',(36.5025,3.175,-67.9846875));
#3233=DIRECTION('',(-0.,-1.,-0.));
#3234=VECTOR('',#3233,7.47);
#3235=LINE('',#3232,#3234);
#3236=EDGE_CURVE('',#2159,#3231,#3235,.T.);
#3237=ORIENTED_EDGE('',*,*,#3236,.F.);
#3238=ORIENTED_EDGE('',*,*,#2165,.T.);
#3239=ORIENTED_EDGE('',*,*,#3236,.T.);
#3240=CARTESIAN_POINT('',(36.5025,-4.295,-69.9846875));
#3241=DIRECTION('',(-0.,-1.,-0.));
#3242=DIRECTION('',(0.,-0.,1.));
#3243=AXIS2_PLACEMENT_3D('',#3240,#3241,#3242);
#3244=CIRCLE('',#3243,2.);
#3245=EDGE_CURVE('',#3231,#3231,#3244,.T.);
#3246=ORIENTED_EDGE('',*,*,#3245,.T.);
#3247=EDGE_LOOP('',(#3237,#3238,#3239,#3246));
#3248=FACE_BOUND('',#3247,.T.);
#3249=ADVANCED_FACE('',(#3248),#3229,.F.);
#3250=CARTESIAN_POINT('',(26.5025,-6.825,-69.9846875));
#3251=DIRECTION('',(0.,1.,0.));
#3252=DIRECTION('',(0.,-0.,1.));
#3253=AXIS2_PLACEMENT_3D('',#3250,#3251,#3252);
#3254=CYLINDRICAL_SURFACE('',#3253,2.);
#3255=CARTESIAN_POINT('',(26.5025,-4.295,-67.9846875));
#3256=VERTEX_POINT('',#3255);
#3257=CARTESIAN_POINT('',(26.5025,3.175,-67.9846875));
#3258=DIRECTION('',(-0.,-1.,-0.));
#3259=VECTOR('',#3258,7.47);
#3260=LINE('',#3257,#3259);
#3261=EDGE_CURVE('',#2170,#3256,#3260,.T.);
#3262=ORIENTED_EDGE('',*,*,#3261,.F.);
#3263=ORIENTED_EDGE('',*,*,#2176,.T.);
#3264=ORIENTED_EDGE('',*,*,#3261,.T.);
#3265=CARTESIAN_POINT('',(26.5025,-4.295,-69.9846875));
#3266=DIRECTION('',(-0.,-1.,-0.));
#3267=DIRECTION('',(0.,-0.,1.));
#3268=AXIS2_PLACEMENT_3D('',#3265,#3266,#3267);
#3269=CIRCLE('',#3268,2.);
#3270=EDGE_CURVE('',#3256,#3256,#3269,.T.);
#3271=ORIENTED_EDGE('',*,*,#3270,.T.);
#3272=EDGE_LOOP('',(#3262,#3263,#3264,#3271));
#3273=FACE_BOUND('',#3272,.T.);
#3274=ADVANCED_FACE('',(#3273),#3254,.F.);
#3275=CARTESIAN_POINT('',(16.5025,-6.825,-69.9846875));
#3276=DIRECTION('',(0.,1.,0.));
#3277=DIRECTION('',(0.,-0.,1.));
#3278=AXIS2_PLACEMENT_3D('',#3275,#3276,#3277);
#3279=CYLINDRICAL_SURFACE('',#3278,2.);
#3280=CARTESIAN_POINT('',(16.5025,-4.295,-67.9846875));
#3281=VERTEX_POINT('',#3280);
#3282=CARTESIAN_POINT('',(16.5025,3.175,-67.9846875));
#3283=DIRECTION('',(-0.,-1.,-0.));
#3284=VECTOR('',#3283,7.47);
#3285=LINE('',#3282,#3284);
#3286=EDGE_CURVE('',#2181,#3281,#3285,.T.);
#3287=ORIENTED_EDGE('',*,*,#3286,.F.);
#3288=ORIENTED_EDGE('',*,*,#2187,.T.);
#3289=ORIENTED_EDGE('',*,*,#3286,.T.);
#3290=CARTESIAN_POINT('',(16.5025,-4.295,-69.9846875));
#3291=DIRECTION('',(-0.,-1.,-0.));
#3292=DIRECTION('',(0.,-0.,1.));
#3293=AXIS2_PLACEMENT_3D('',#3290,#3291,#3292);
#3294=CIRCLE('',#3293,2.);
#3295=EDGE_CURVE('',#3281,#3281,#3294,.T.);
#3296=ORIENTED_EDGE('',*,*,#3295,.T.);
#3297=EDGE_LOOP('',(#3287,#3288,#3289,#3296));
#3298=FACE_BOUND('',#3297,.T.);
#3299=ADVANCED_FACE('',(#3298),#3279,.F.);
#3300=CARTESIAN_POINT('',(56.5025,-6.825,-81.0846875));
#3301=DIRECTION('',(0.,1.,0.));
#3302=DIRECTION('',(0.,-0.,1.));
#3303=AXIS2_PLACEMENT_3D('',#3300,#3301,#3302);
#3304=CYLINDRICAL_SURFACE('',#3303,2.);
#3305=CARTESIAN_POINT('',(56.5025,-4.295,-79.0846875));
#3306=VERTEX_POINT('',#3305);
#3307=CARTESIAN_POINT('',(56.5025,3.175,-79.0846875));
#3308=DIRECTION('',(-0.,-1.,-0.));
#3309=VECTOR('',#3308,7.47);
#3310=LINE('',#3307,#3309);
#3311=EDGE_CURVE('',#2680,#3306,#3310,.T.);
#3312=ORIENTED_EDGE('',*,*,#3311,.F.);
#3313=ORIENTED_EDGE('',*,*,#2686,.T.);
#3314=ORIENTED_EDGE('',*,*,#3311,.T.);
#3315=CARTESIAN_POINT('',(56.5025,-4.295,-81.0846875));
#3316=DIRECTION('',(-0.,-1.,-0.));
#3317=DIRECTION('',(0.,-0.,1.));
#3318=AXIS2_PLACEMENT_3D('',#3315,#3316,#3317);
#3319=CIRCLE('',#3318,2.);
#3320=EDGE_CURVE('',#3306,#3306,#3319,.T.);
#3321=ORIENTED_EDGE('',*,*,#3320,.T.);
#3322=EDGE_LOOP('',(#3312,#3313,#3314,#3321));
#3323=FACE_BOUND('',#3322,.T.);
#3324=ADVANCED_FACE('',(#3323),#3304,.F.);
#3325=CARTESIAN_POINT('',(36.5025,-6.825,-25.5846875));
#3326=DIRECTION('',(0.,1.,0.));
#3327=DIRECTION('',(0.,-0.,1.));
#3328=AXIS2_PLACEMENT_3D('',#3325,#3326,#3327);
#3329=CYLINDRICAL_SURFACE('',#3328,2.);
#3330=CARTESIAN_POINT('',(36.5025,-4.295,-23.5846875));
#3331=VERTEX_POINT('',#3330);
#3332=CARTESIAN_POINT('',(36.5025,3.175,-23.5846875));
#3333=DIRECTION('',(-0.,-1.,-0.));
#3334=VECTOR('',#3333,7.47);
#3335=LINE('',#3332,#3334);
#3336=EDGE_CURVE('',#1893,#3331,#3335,.T.);
#3337=ORIENTED_EDGE('',*,*,#3336,.F.);
#3338=ORIENTED_EDGE('',*,*,#1899,.T.);
#3339=ORIENTED_EDGE('',*,*,#3336,.T.);
#3340=CARTESIAN_POINT('',(36.5025,-4.295,-25.5846875));
#3341=DIRECTION('',(-0.,-1.,-0.));
#3342=DIRECTION('',(0.,-0.,1.));
#3343=AXIS2_PLACEMENT_3D('',#3340,#3341,#3342);
#3344=CIRCLE('',#3343,2.);
#3345=EDGE_CURVE('',#3331,#3331,#3344,.T.);
#3346=ORIENTED_EDGE('',*,*,#3345,.T.);
#3347=EDGE_LOOP('',(#3337,#3338,#3339,#3346));
#3348=FACE_BOUND('',#3347,.T.);
#3349=ADVANCED_FACE('',(#3348),#3329,.F.);
#3350=CARTESIAN_POINT('',(26.5025,-6.825,-25.5846875));
#3351=DIRECTION('',(0.,1.,0.));
#3352=DIRECTION('',(0.,-0.,1.));
#3353=AXIS2_PLACEMENT_3D('',#3350,#3351,#3352);
#3354=CYLINDRICAL_SURFACE('',#3353,2.);
#3355=CARTESIAN_POINT('',(26.5025,-4.295,-23.5846875));
#3356=VERTEX_POINT('',#3355);
#3357=CARTESIAN_POINT('',(26.5025,3.175,-23.5846875));
#3358=DIRECTION('',(-0.,-1.,-0.));
#3359=VECTOR('',#3358,7.47);
#3360=LINE('',#3357,#3359);
#3361=EDGE_CURVE('',#1904,#3356,#3360,.T.);
#3362=ORIENTED_EDGE('',*,*,#3361,.F.);
#3363=ORIENTED_EDGE('',*,*,#1910,.T.);
#3364=ORIENTED_EDGE('',*,*,#3361,.T.);
#3365=CARTESIAN_POINT('',(26.5025,-4.295,-25.5846875));
#3366=DIRECTION('',(-0.,-1.,-0.));
#3367=DIRECTION('',(0.,-0.,1.));
#3368=AXIS2_PLACEMENT_3D('',#3365,#3366,#3367);
#3369=CIRCLE('',#3368,2.);
#3370=EDGE_CURVE('',#3356,#3356,#3369,.T.);
#3371=ORIENTED_EDGE('',*,*,#3370,.T.);
#3372=EDGE_LOOP('',(#3362,#3363,#3364,#3371));
#3373=FACE_BOUND('',#3372,.T.);
#3374=ADVANCED_FACE('',(#3373),#3354,.F.);
#3375=CARTESIAN_POINT('',(16.5025,-6.825,-25.5846875));
#3376=DIRECTION('',(0.,1.,0.));
#3377=DIRECTION('',(0.,-0.,1.));
#3378=AXIS2_PLACEMENT_3D('',#3375,#3376,#3377);
#3379=CYLINDRICAL_SURFACE('',#3378,2.);
#3380=CARTESIAN_POINT('',(16.5025,-4.295,-23.5846875));
#3381=VERTEX_POINT('',#3380);
#3382=CARTESIAN_POINT('',(16.5025,3.175,-23.5846875));
#3383=DIRECTION('',(-0.,-1.,-0.));
#3384=VECTOR('',#3383,7.47);
#3385=LINE('',#3382,#3384);
#3386=EDGE_CURVE('',#1915,#3381,#3385,.T.);
#3387=ORIENTED_EDGE('',*,*,#3386,.F.);
#3388=ORIENTED_EDGE('',*,*,#1921,.T.);
#3389=ORIENTED_EDGE('',*,*,#3386,.T.);
#3390=CARTESIAN_POINT('',(16.5025,-4.295,-25.5846875));
#3391=DIRECTION('',(-0.,-1.,-0.));
#3392=DIRECTION('',(0.,-0.,1.));
#3393=AXIS2_PLACEMENT_3D('',#3390,#3391,#3392);
#3394=CIRCLE('',#3393,2.);
#3395=EDGE_CURVE('',#3381,#3381,#3394,.T.);
#3396=ORIENTED_EDGE('',*,*,#3395,.T.);
#3397=EDGE_LOOP('',(#3387,#3388,#3389,#3396));
#3398=FACE_BOUND('',#3397,.T.);
#3399=ADVANCED_FACE('',(#3398),#3379,.F.);
#3400=CARTESIAN_POINT('',(56.5025,-6.825,-36.6846875));
#3401=DIRECTION('',(0.,1.,0.));
#3402=DIRECTION('',(0.,-0.,1.));
#3403=AXIS2_PLACEMENT_3D('',#3400,#3401,#3402);
#3404=CYLINDRICAL_SURFACE('',#3403,2.);
#3405=CARTESIAN_POINT('',(56.5025,-4.295,-34.6846875));
#3406=VERTEX_POINT('',#3405);
#3407=CARTESIAN_POINT('',(56.5025,3.175,-34.6846875));
#3408=DIRECTION('',(-0.,-1.,-0.));
#3409=VECTOR('',#3408,7.47);
#3410=LINE('',#3407,#3409);
#3411=EDGE_CURVE('',#2514,#3406,#3410,.T.);
#3412=ORIENTED_EDGE('',*,*,#3411,.F.);
#3413=ORIENTED_EDGE('',*,*,#2520,.T.);
#3414=ORIENTED_EDGE('',*,*,#3411,.T.);
#3415=CARTESIAN_POINT('',(56.5025,-4.295,-36.6846875));
#3416=DIRECTION('',(-0.,-1.,-0.));
#3417=DIRECTION('',(0.,-0.,1.));
#3418=AXIS2_PLACEMENT_3D('',#3415,#3416,#3417);
#3419=CIRCLE('',#3418,2.);
#3420=EDGE_CURVE('',#3406,#3406,#3419,.T.);
#3421=ORIENTED_EDGE('',*,*,#3420,.T.);
#3422=EDGE_LOOP('',(#3412,#3413,#3414,#3421));
#3423=FACE_BOUND('',#3422,.T.);
#3424=ADVANCED_FACE('',(#3423),#3404,.F.);
#3425=CARTESIAN_POINT('',(46.5025,-6.825,-25.5846875));
#3426=DIRECTION('',(0.,1.,0.));
#3427=DIRECTION('',(0.,-0.,1.));
#3428=AXIS2_PLACEMENT_3D('',#3425,#3426,#3427);
#3429=CYLINDRICAL_SURFACE('',#3428,2.);
#3430=CARTESIAN_POINT('',(46.5025,-4.295,-23.5846875));
#3431=VERTEX_POINT('',#3430);
#3432=CARTESIAN_POINT('',(46.5025,3.175,-23.5846875));
#3433=DIRECTION('',(-0.,-1.,-0.));
#3434=VECTOR('',#3433,7.47);
#3435=LINE('',#3432,#3434);
#3436=EDGE_CURVE('',#1926,#3431,#3435,.T.);
#3437=ORIENTED_EDGE('',*,*,#3436,.F.);
#3438=ORIENTED_EDGE('',*,*,#1932,.T.);
#3439=ORIENTED_EDGE('',*,*,#3436,.T.);
#3440=CARTESIAN_POINT('',(46.5025,-4.295,-25.5846875));
#3441=DIRECTION('',(-0.,-1.,-0.));
#3442=DIRECTION('',(0.,-0.,1.));
#3443=AXIS2_PLACEMENT_3D('',#3440,#3441,#3442);
#3444=CIRCLE('',#3443,2.);
#3445=EDGE_CURVE('',#3431,#3431,#3444,.T.);
#3446=ORIENTED_EDGE('',*,*,#3445,.T.);
#3447=EDGE_LOOP('',(#3437,#3438,#3439,#3446));
#3448=FACE_BOUND('',#3447,.T.);
#3449=ADVANCED_FACE('',(#3448),#3429,.F.);
#3450=CARTESIAN_POINT('',(56.5025,-6.825,-25.5846875));
#3451=DIRECTION('',(0.,1.,0.));
#3452=DIRECTION('',(0.,-0.,1.));
#3453=AXIS2_PLACEMENT_3D('',#3450,#3451,#3452);
#3454=CYLINDRICAL_SURFACE('',#3453,2.);
#3455=CARTESIAN_POINT('',(56.5025,-4.295,-23.5846875));
#3456=VERTEX_POINT('',#3455);
#3457=CARTESIAN_POINT('',(56.5025,3.175,-23.5846875));
#3458=DIRECTION('',(-0.,-1.,-0.));
#3459=VECTOR('',#3458,7.47);
#3460=LINE('',#3457,#3459);
#3461=EDGE_CURVE('',#1937,#3456,#3460,.T.);
#3462=ORIENTED_EDGE('',*,*,#3461,.F.);
#3463=ORIENTED_EDGE('',*,*,#1943,.T.);
#3464=ORIENTED_EDGE('',*,*,#3461,.T.);
#3465=CARTESIAN_POINT('',(56.5025,-4.295,-25.5846875));
#3466=DIRECTION('',(-0.,-1.,-0.));
#3467=DIRECTION('',(0.,-0.,1.));
#3468=AXIS2_PLACEMENT_3D('',#3465,#3466,#3467);
#3469=CIRCLE('',#3468,2.);
#3470=EDGE_CURVE('',#3456,#3456,#3469,.T.);
#3471=ORIENTED_EDGE('',*,*,#3470,.T.);
#3472=EDGE_LOOP('',(#3462,#3463,#3464,#3471));
#3473=FACE_BOUND('',#3472,.T.);
#3474=ADVANCED_FACE('',(#3473),#3454,.F.);
#3475=CARTESIAN_POINT('',(6.5025,-6.825,-69.9846875));
#3476=DIRECTION('',(0.,1.,0.));
#3477=DIRECTION('',(0.,-0.,1.));
#3478=AXIS2_PLACEMENT_3D('',#3475,#3476,#3477);
#3479=CYLINDRICAL_SURFACE('',#3478,2.);
#3480=CARTESIAN_POINT('',(6.5025,-4.295,-67.9846875));
#3481=VERTEX_POINT('',#3480);
#3482=CARTESIAN_POINT('',(6.5025,3.175,-67.9846875));
#3483=DIRECTION('',(-0.,-1.,-0.));
#3484=VECTOR('',#3483,7.47);
#3485=LINE('',#3482,#3484);
#3486=EDGE_CURVE('',#2192,#3481,#3485,.T.);
#3487=ORIENTED_EDGE('',*,*,#3486,.F.);
#3488=ORIENTED_EDGE('',*,*,#2198,.T.);
#3489=ORIENTED_EDGE('',*,*,#3486,.T.);
#3490=CARTESIAN_POINT('',(6.5025,-4.295,-69.9846875));
#3491=DIRECTION('',(-0.,-1.,-0.));
#3492=DIRECTION('',(0.,-0.,1.));
#3493=AXIS2_PLACEMENT_3D('',#3490,#3491,#3492);
#3494=CIRCLE('',#3493,2.);
#3495=EDGE_CURVE('',#3481,#3481,#3494,.T.);
#3496=ORIENTED_EDGE('',*,*,#3495,.T.);
#3497=EDGE_LOOP('',(#3487,#3488,#3489,#3496));
#3498=FACE_BOUND('',#3497,.T.);
#3499=ADVANCED_FACE('',(#3498),#3479,.F.);
#3500=CARTESIAN_POINT('',(6.5025,-6.825,-58.8846875));
#3501=DIRECTION('',(0.,1.,0.));
#3502=DIRECTION('',(0.,-0.,1.));
#3503=AXIS2_PLACEMENT_3D('',#3500,#3501,#3502);
#3504=CYLINDRICAL_SURFACE('',#3503,2.);
#3505=CARTESIAN_POINT('',(6.5025,-4.295,-56.8846875));
#3506=VERTEX_POINT('',#3505);
#3507=CARTESIAN_POINT('',(6.5025,3.175,-56.8846875));
#3508=DIRECTION('',(-0.,-1.,-0.));
#3509=VECTOR('',#3508,7.47);
#3510=LINE('',#3507,#3509);
#3511=EDGE_CURVE('',#2314,#3506,#3510,.T.);
#3512=ORIENTED_EDGE('',*,*,#3511,.F.);
#3513=ORIENTED_EDGE('',*,*,#2320,.T.);
#3514=ORIENTED_EDGE('',*,*,#3511,.T.);
#3515=CARTESIAN_POINT('',(6.5025,-4.295,-58.8846875));
#3516=DIRECTION('',(-0.,-1.,-0.));
#3517=DIRECTION('',(0.,-0.,1.));
#3518=AXIS2_PLACEMENT_3D('',#3515,#3516,#3517);
#3519=CIRCLE('',#3518,2.);
#3520=EDGE_CURVE('',#3506,#3506,#3519,.T.);
#3521=ORIENTED_EDGE('',*,*,#3520,.T.);
#3522=EDGE_LOOP('',(#3512,#3513,#3514,#3521));
#3523=FACE_BOUND('',#3522,.T.);
#3524=ADVANCED_FACE('',(#3523),#3504,.F.);
#3525=CARTESIAN_POINT('',(46.5025,-6.825,-36.6846875));
#3526=DIRECTION('',(0.,1.,0.));
#3527=DIRECTION('',(0.,-0.,1.));
#3528=AXIS2_PLACEMENT_3D('',#3525,#3526,#3527);
#3529=CYLINDRICAL_SURFACE('',#3528,2.);
#3530=CARTESIAN_POINT('',(46.5025,-4.295,-34.6846875));
#3531=VERTEX_POINT('',#3530);
#3532=CARTESIAN_POINT('',(46.5025,3.175,-34.6846875));
#3533=DIRECTION('',(-0.,-1.,-0.));
#3534=VECTOR('',#3533,7.47);
#3535=LINE('',#3532,#3534);
#3536=EDGE_CURVE('',#2525,#3531,#3535,.T.);
#3537=ORIENTED_EDGE('',*,*,#3536,.F.);
#3538=ORIENTED_EDGE('',*,*,#2531,.T.);
#3539=ORIENTED_EDGE('',*,*,#3536,.T.);
#3540=CARTESIAN_POINT('',(46.5025,-4.295,-36.6846875));
#3541=DIRECTION('',(-0.,-1.,-0.));
#3542=DIRECTION('',(0.,-0.,1.));
#3543=AXIS2_PLACEMENT_3D('',#3540,#3541,#3542);
#3544=CIRCLE('',#3543,2.);
#3545=EDGE_CURVE('',#3531,#3531,#3544,.T.);
#3546=ORIENTED_EDGE('',*,*,#3545,.T.);
#3547=EDGE_LOOP('',(#3537,#3538,#3539,#3546));
#3548=FACE_BOUND('',#3547,.T.);
#3549=ADVANCED_FACE('',(#3548),#3529,.F.);
#3550=CARTESIAN_POINT('',(36.5025,-6.825,-36.6846875));
#3551=DIRECTION('',(0.,1.,0.));
#3552=DIRECTION('',(0.,-0.,1.));
#3553=AXIS2_PLACEMENT_3D('',#3550,#3551,#3552);
#3554=CYLINDRICAL_SURFACE('',#3553,2.);
#3555=CARTESIAN_POINT('',(36.5025,-4.295,-34.6846875));
#3556=VERTEX_POINT('',#3555);
#3557=CARTESIAN_POINT('',(36.5025,3.175,-34.6846875));
#3558=DIRECTION('',(-0.,-1.,-0.));
#3559=VECTOR('',#3558,7.47);
#3560=LINE('',#3557,#3559);
#3561=EDGE_CURVE('',#2536,#3556,#3560,.T.);
#3562=ORIENTED_EDGE('',*,*,#3561,.F.);
#3563=ORIENTED_EDGE('',*,*,#2542,.T.);
#3564=ORIENTED_EDGE('',*,*,#3561,.T.);
#3565=CARTESIAN_POINT('',(36.5025,-4.295,-36.6846875));
#3566=DIRECTION('',(-0.,-1.,-0.));
#3567=DIRECTION('',(0.,-0.,1.));
#3568=AXIS2_PLACEMENT_3D('',#3565,#3566,#3567);
#3569=CIRCLE('',#3568,2.);
#3570=EDGE_CURVE('',#3556,#3556,#3569,.T.);
#3571=ORIENTED_EDGE('',*,*,#3570,.T.);
#3572=EDGE_LOOP('',(#3562,#3563,#3564,#3571));
#3573=FACE_BOUND('',#3572,.T.);
#3574=ADVANCED_FACE('',(#3573),#3554,.F.);
#3575=CARTESIAN_POINT('',(26.5025,-6.825,-36.6846875));
#3576=DIRECTION('',(0.,1.,0.));
#3577=DIRECTION('',(0.,-0.,1.));
#3578=AXIS2_PLACEMENT_3D('',#3575,#3576,#3577);
#3579=CYLINDRICAL_SURFACE('',#3578,2.);
#3580=CARTESIAN_POINT('',(26.5025,-4.295,-34.6846875));
#3581=VERTEX_POINT('',#3580);
#3582=CARTESIAN_POINT('',(26.5025,3.175,-34.6846875));
#3583=DIRECTION('',(-0.,-1.,-0.));
#3584=VECTOR('',#3583,7.47);
#3585=LINE('',#3582,#3584);
#3586=EDGE_CURVE('',#2547,#3581,#3585,.T.);
#3587=ORIENTED_EDGE('',*,*,#3586,.F.);
#3588=ORIENTED_EDGE('',*,*,#2553,.T.);
#3589=ORIENTED_EDGE('',*,*,#3586,.T.);
#3590=CARTESIAN_POINT('',(26.5025,-4.295,-36.6846875));
#3591=DIRECTION('',(-0.,-1.,-0.));
#3592=DIRECTION('',(0.,-0.,1.));
#3593=AXIS2_PLACEMENT_3D('',#3590,#3591,#3592);
#3594=CIRCLE('',#3593,2.);
#3595=EDGE_CURVE('',#3581,#3581,#3594,.T.);
#3596=ORIENTED_EDGE('',*,*,#3595,.T.);
#3597=EDGE_LOOP('',(#3587,#3588,#3589,#3596));
#3598=FACE_BOUND('',#3597,.T.);
#3599=ADVANCED_FACE('',(#3598),#3579,.F.);
#3600=CARTESIAN_POINT('',(16.5025,-6.825,-36.6846875));
#3601=DIRECTION('',(0.,1.,0.));
#3602=DIRECTION('',(0.,-0.,1.));
#3603=AXIS2_PLACEMENT_3D('',#3600,#3601,#3602);
#3604=CYLINDRICAL_SURFACE('',#3603,2.);
#3605=CARTESIAN_POINT('',(16.5025,-4.295,-34.6846875));
#3606=VERTEX_POINT('',#3605);
#3607=CARTESIAN_POINT('',(16.5025,3.175,-34.6846875));
#3608=DIRECTION('',(-0.,-1.,-0.));
#3609=VECTOR('',#3608,7.47);
#3610=LINE('',#3607,#3609);
#3611=EDGE_CURVE('',#2558,#3606,#3610,.T.);
#3612=ORIENTED_EDGE('',*,*,#3611,.F.);
#3613=ORIENTED_EDGE('',*,*,#2564,.T.);
#3614=ORIENTED_EDGE('',*,*,#3611,.T.);
#3615=CARTESIAN_POINT('',(16.5025,-4.295,-36.6846875));
#3616=DIRECTION('',(-0.,-1.,-0.));
#3617=DIRECTION('',(0.,-0.,1.));
#3618=AXIS2_PLACEMENT_3D('',#3615,#3616,#3617);
#3619=CIRCLE('',#3618,2.);
#3620=EDGE_CURVE('',#3606,#3606,#3619,.T.);
#3621=ORIENTED_EDGE('',*,*,#3620,.T.);
#3622=EDGE_LOOP('',(#3612,#3613,#3614,#3621));
#3623=FACE_BOUND('',#3622,.T.);
#3624=ADVANCED_FACE('',(#3623),#3604,.F.);
#3625=CARTESIAN_POINT('',(56.5025,-6.825,-47.7846875));
#3626=DIRECTION('',(0.,1.,0.));
#3627=DIRECTION('',(0.,-0.,1.));
#3628=AXIS2_PLACEMENT_3D('',#3625,#3626,#3627);
#3629=CYLINDRICAL_SURFACE('',#3628,2.);
#3630=CARTESIAN_POINT('',(56.5025,-4.295,-45.7846875));
#3631=VERTEX_POINT('',#3630);
#3632=CARTESIAN_POINT('',(56.5025,3.175,-45.7846875));
#3633=DIRECTION('',(-0.,-1.,-0.));
#3634=VECTOR('',#3633,7.47);
#3635=LINE('',#3632,#3634);
#3636=EDGE_CURVE('',#2403,#3631,#3635,.T.);
#3637=ORIENTED_EDGE('',*,*,#3636,.F.);
#3638=ORIENTED_EDGE('',*,*,#2409,.T.);
#3639=ORIENTED_EDGE('',*,*,#3636,.T.);
#3640=CARTESIAN_POINT('',(56.5025,-4.295,-47.7846875));
#3641=DIRECTION('',(-0.,-1.,-0.));
#3642=DIRECTION('',(0.,-0.,1.));
#3643=AXIS2_PLACEMENT_3D('',#3640,#3641,#3642);
#3644=CIRCLE('',#3643,2.);
#3645=EDGE_CURVE('',#3631,#3631,#3644,.T.);
#3646=ORIENTED_EDGE('',*,*,#3645,.T.);
#3647=EDGE_LOOP('',(#3637,#3638,#3639,#3646));
#3648=FACE_BOUND('',#3647,.T.);
#3649=ADVANCED_FACE('',(#3648),#3629,.F.);
#3650=CARTESIAN_POINT('',(46.5025,-6.825,-47.7846875));
#3651=DIRECTION('',(0.,1.,0.));
#3652=DIRECTION('',(0.,-0.,1.));
#3653=AXIS2_PLACEMENT_3D('',#3650,#3651,#3652);
#3654=CYLINDRICAL_SURFACE('',#3653,2.);
#3655=CARTESIAN_POINT('',(46.5025,-4.295,-45.7846875));
#3656=VERTEX_POINT('',#3655);
#3657=CARTESIAN_POINT('',(46.5025,3.175,-45.7846875));
#3658=DIRECTION('',(-0.,-1.,-0.));
#3659=VECTOR('',#3658,7.47);
#3660=LINE('',#3657,#3659);
#3661=EDGE_CURVE('',#2414,#3656,#3660,.T.);
#3662=ORIENTED_EDGE('',*,*,#3661,.F.);
#3663=ORIENTED_EDGE('',*,*,#2420,.T.);
#3664=ORIENTED_EDGE('',*,*,#3661,.T.);
#3665=CARTESIAN_POINT('',(46.5025,-4.295,-47.7846875));
#3666=DIRECTION('',(-0.,-1.,-0.));
#3667=DIRECTION('',(0.,-0.,1.));
#3668=AXIS2_PLACEMENT_3D('',#3665,#3666,#3667);
#3669=CIRCLE('',#3668,2.);
#3670=EDGE_CURVE('',#3656,#3656,#3669,.T.);
#3671=ORIENTED_EDGE('',*,*,#3670,.T.);
#3672=EDGE_LOOP('',(#3662,#3663,#3664,#3671));
#3673=FACE_BOUND('',#3672,.T.);
#3674=ADVANCED_FACE('',(#3673),#3654,.F.);
#3675=CARTESIAN_POINT('',(36.5025,-6.825,-47.7846875));
#3676=DIRECTION('',(0.,1.,0.));
#3677=DIRECTION('',(0.,-0.,1.));
#3678=AXIS2_PLACEMENT_3D('',#3675,#3676,#3677);
#3679=CYLINDRICAL_SURFACE('',#3678,2.);
#3680=CARTESIAN_POINT('',(36.5025,-4.295,-45.7846875));
#3681=VERTEX_POINT('',#3680);
#3682=CARTESIAN_POINT('',(36.5025,3.175,-45.7846875));
#3683=DIRECTION('',(-0.,-1.,-0.));
#3684=VECTOR('',#3683,7.47);
#3685=LINE('',#3682,#3684);
#3686=EDGE_CURVE('',#2425,#3681,#3685,.T.);
#3687=ORIENTED_EDGE('',*,*,#3686,.F.);
#3688=ORIENTED_EDGE('',*,*,#2431,.T.);
#3689=ORIENTED_EDGE('',*,*,#3686,.T.);
#3690=CARTESIAN_POINT('',(36.5025,-4.295,-47.7846875));
#3691=DIRECTION('',(-0.,-1.,-0.));
#3692=DIRECTION('',(0.,-0.,1.));
#3693=AXIS2_PLACEMENT_3D('',#3690,#3691,#3692);
#3694=CIRCLE('',#3693,2.);
#3695=EDGE_CURVE('',#3681,#3681,#3694,.T.);
#3696=ORIENTED_EDGE('',*,*,#3695,.T.);
#3697=EDGE_LOOP('',(#3687,#3688,#3689,#3696));
#3698=FACE_BOUND('',#3697,.T.);
#3699=ADVANCED_FACE('',(#3698),#3679,.F.);
#3700=CARTESIAN_POINT('',(26.5025,-6.825,-47.7846875));
#3701=DIRECTION('',(0.,1.,0.));
#3702=DIRECTION('',(0.,-0.,1.));
#3703=AXIS2_PLACEMENT_3D('',#3700,#3701,#3702);
#3704=CYLINDRICAL_SURFACE('',#3703,2.);
#3705=CARTESIAN_POINT('',(26.5025,-4.295,-45.7846875));
#3706=VERTEX_POINT('',#3705);
#3707=CARTESIAN_POINT('',(26.5025,3.175,-45.7846875));
#3708=DIRECTION('',(-0.,-1.,-0.));
#3709=VECTOR('',#3708,7.47);
#3710=LINE('',#3707,#3709);
#3711=EDGE_CURVE('',#2436,#3706,#3710,.T.);
#3712=ORIENTED_EDGE('',*,*,#3711,.F.);
#3713=ORIENTED_EDGE('',*,*,#2442,.T.);
#3714=ORIENTED_EDGE('',*,*,#3711,.T.);
#3715=CARTESIAN_POINT('',(26.5025,-4.295,-47.7846875));
#3716=DIRECTION('',(-0.,-1.,-0.));
#3717=DIRECTION('',(0.,-0.,1.));
#3718=AXIS2_PLACEMENT_3D('',#3715,#3716,#3717);
#3719=CIRCLE('',#3718,2.);
#3720=EDGE_CURVE('',#3706,#3706,#3719,.T.);
#3721=ORIENTED_EDGE('',*,*,#3720,.T.);
#3722=EDGE_LOOP('',(#3712,#3713,#3714,#3721));
#3723=FACE_BOUND('',#3722,.T.);
#3724=ADVANCED_FACE('',(#3723),#3704,.F.);
#3725=CARTESIAN_POINT('',(0.,2.175,0.));
#3726=DIRECTION('',(0.,-1.,0.));
#3727=DIRECTION('',(0.,0.,-1.));
#3728=AXIS2_PLACEMENT_3D('',#3725,#3726,#3727);
#3729=PLANE('',#3728);
#3730=ORIENTED_EDGE('',*,*,#1386,.F.);
#3731=ORIENTED_EDGE('',*,*,#269,.F.);
#3732=ORIENTED_EDGE('',*,*,#1407,.T.);
#3733=ORIENTED_EDGE('',*,*,#1351,.F.);
#3734=EDGE_LOOP('',(#3730,#3731,#3732,#3733));
#3735=FACE_BOUND('',#3734,.T.);
#3736=ADVANCED_FACE('',(#3735),#3729,.F.);
#3737=CARTESIAN_POINT('',(0.,2.175,0.));
#3738=DIRECTION('',(0.,1.,0.));
#3739=DIRECTION('',(0.,0.,1.));
#3740=AXIS2_PLACEMENT_3D('',#3737,#3738,#3739);
#3741=PLANE('',#3740);
#3742=ORIENTED_EDGE('',*,*,#1282,.T.);
#3743=ORIENTED_EDGE('',*,*,#1257,.F.);
#3744=ORIENTED_EDGE('',*,*,#301,.F.);
#3745=ORIENTED_EDGE('',*,*,#1309,.T.);
#3746=EDGE_LOOP('',(#3742,#3743,#3744,#3745));
#3747=FACE_BOUND('',#3746,.T.);
#3748=ADVANCED_FACE('',(#3747),#3741,.T.);
#3749=CARTESIAN_POINT('',(0.,2.175,0.));
#3750=DIRECTION('',(0.,-1.,0.));
#3751=DIRECTION('',(0.,0.,-1.));
#3752=AXIS2_PLACEMENT_3D('',#3749,#3750,#3751);
#3753=PLANE('',#3752);
#3754=ORIENTED_EDGE('',*,*,#1807,.F.);
#3755=ORIENTED_EDGE('',*,*,#141,.F.);
#3756=ORIENTED_EDGE('',*,*,#1739,.T.);
#3757=ORIENTED_EDGE('',*,*,#1777,.F.);
#3758=EDGE_LOOP('',(#3754,#3755,#3756,#3757));
#3759=FACE_BOUND('',#3758,.T.);
#3760=ADVANCED_FACE('',(#3759),#3753,.F.);
#3761=CARTESIAN_POINT('',(0.,2.175,0.));
#3762=DIRECTION('',(0.,-1.,0.));
#3763=DIRECTION('',(0.,0.,-1.));
#3764=AXIS2_PLACEMENT_3D('',#3761,#3762,#3763);
#3765=PLANE('',#3764);
#3766=ORIENTED_EDGE('',*,*,#1680,.F.);
#3767=ORIENTED_EDGE('',*,*,#173,.F.);
#3768=ORIENTED_EDGE('',*,*,#1701,.T.);
#3769=ORIENTED_EDGE('',*,*,#1645,.F.);
#3770=EDGE_LOOP('',(#3766,#3767,#3768,#3769));
#3771=FACE_BOUND('',#3770,.T.);
#3772=ADVANCED_FACE('',(#3771),#3765,.F.);
#3773=CARTESIAN_POINT('',(0.,2.175,0.));
#3774=DIRECTION('',(0.,-1.,0.));
#3775=DIRECTION('',(0.,0.,-1.));
#3776=AXIS2_PLACEMENT_3D('',#3773,#3774,#3775);
#3777=PLANE('',#3776);
#3778=ORIENTED_EDGE('',*,*,#1582,.F.);
#3779=ORIENTED_EDGE('',*,*,#205,.F.);
#3780=ORIENTED_EDGE('',*,*,#1603,.T.);
#3781=ORIENTED_EDGE('',*,*,#1547,.F.);
#3782=EDGE_LOOP('',(#3778,#3779,#3780,#3781));
#3783=FACE_BOUND('',#3782,.T.);
#3784=ADVANCED_FACE('',(#3783),#3777,.F.);
#3785=CARTESIAN_POINT('',(0.,2.175,0.));
#3786=DIRECTION('',(0.,-1.,0.));
#3787=DIRECTION('',(0.,0.,-1.));
#3788=AXIS2_PLACEMENT_3D('',#3785,#3786,#3787);
#3789=PLANE('',#3788);
#3790=ORIENTED_EDGE('',*,*,#1484,.F.);
#3791=ORIENTED_EDGE('',*,*,#237,.F.);
#3792=ORIENTED_EDGE('',*,*,#1505,.T.);
#3793=ORIENTED_EDGE('',*,*,#1449,.F.);
#3794=EDGE_LOOP('',(#3790,#3791,#3792,#3793));
#3795=FACE_BOUND('',#3794,.T.);
#3796=ADVANCED_FACE('',(#3795),#3789,.F.);
#3797=CARTESIAN_POINT('',(20.,1.5875,-6.9694));
#3798=DIRECTION('',(0.,0.,-1.));
#3799=DIRECTION('',(0.,1.,0.));
#3800=AXIS2_PLACEMENT_3D('',#3797,#3798,#3799);
#3801=PLANE('',#3800);
#3802=ORIENTED_EDGE('',*,*,#2120,.T.);
#3803=CARTESIAN_POINT('',(50.,-1.295,-6.9694));
#3804=DIRECTION('',(-1.,-0.,0.));
#3805=VECTOR('',#3804,30.);
#3806=LINE('',#3803,#3805);
#3807=EDGE_CURVE('',#2107,#973,#3806,.T.);
#3808=ORIENTED_EDGE('',*,*,#3807,.T.);
#3809=ORIENTED_EDGE('',*,*,#1000,.F.);
#3810=CARTESIAN_POINT('',(20.,-4.295,-6.9694));
#3811=DIRECTION('',(1.,0.,-0.));
#3812=VECTOR('',#3811,30.);
#3813=LINE('',#3810,#3812);
#3814=EDGE_CURVE('',#989,#2115,#3813,.T.);
#3815=ORIENTED_EDGE('',*,*,#3814,.T.);
#3816=EDGE_LOOP('',(#3802,#3808,#3809,#3815));
#3817=FACE_BOUND('',#3816,.T.);
#3818=ADVANCED_FACE('',(#3817),#3801,.F.);
#3819=CARTESIAN_POINT('',(86.5025,4.,-81.1246875));
#3820=DIRECTION('',(0.,-1.,0.));
#3821=DIRECTION('',(0.,0.,-1.));
#3822=AXIS2_PLACEMENT_3D('',#3819,#3820,#3821);
#3823=CYLINDRICAL_SURFACE('',#3822,2.);
#3824=CARTESIAN_POINT('',(86.5025,-4.295,-83.1246875));
#3825=VERTEX_POINT('',#3824);
#3826=CARTESIAN_POINT('',(86.5025,-4.295,-83.1246875));
#3827=DIRECTION('',(-0.,1.,-0.));
#3828=VECTOR('',#3827,7.47);
#3829=LINE('',#3826,#3828);
#3830=EDGE_CURVE('',#3825,#2730,#3829,.T.);
#3831=ORIENTED_EDGE('',*,*,#3830,.F.);
#3832=CARTESIAN_POINT('',(86.5025,-4.295,-81.1246875));
#3833=DIRECTION('',(0.,-1.,0.));
#3834=DIRECTION('',(0.,0.,-1.));
#3835=AXIS2_PLACEMENT_3D('',#3832,#3833,#3834);
#3836=CIRCLE('',#3835,2.);
#3837=EDGE_CURVE('',#3825,#3825,#3836,.T.);
#3838=ORIENTED_EDGE('',*,*,#3837,.T.);
#3839=ORIENTED_EDGE('',*,*,#3830,.T.);
#3840=ORIENTED_EDGE('',*,*,#2736,.F.);
#3841=EDGE_LOOP('',(#3831,#3838,#3839,#3840));
#3842=FACE_BOUND('',#3841,.T.);
#3843=ADVANCED_FACE('',(#3842),#3823,.F.);
#3844=CARTESIAN_POINT('',(66.5025,4.,-81.1246875));
#3845=DIRECTION('',(0.,-1.,0.));
#3846=DIRECTION('',(0.,0.,-1.));
#3847=AXIS2_PLACEMENT_3D('',#3844,#3845,#3846);
#3848=CYLINDRICAL_SURFACE('',#3847,2.);
#3849=CARTESIAN_POINT('',(66.5025,-4.295,-83.1246875));
#3850=VERTEX_POINT('',#3849);
#3851=CARTESIAN_POINT('',(66.5025,-4.295,-83.1246875));
#3852=DIRECTION('',(-0.,1.,-0.));
#3853=VECTOR('',#3852,7.47);
#3854=LINE('',#3851,#3853);
#3855=EDGE_CURVE('',#3850,#2719,#3854,.T.);
#3856=ORIENTED_EDGE('',*,*,#3855,.F.);
#3857=CARTESIAN_POINT('',(66.5025,-4.295,-81.1246875));
#3858=DIRECTION('',(0.,-1.,0.));
#3859=DIRECTION('',(0.,0.,-1.));
#3860=AXIS2_PLACEMENT_3D('',#3857,#3858,#3859);
#3861=CIRCLE('',#3860,2.);
#3862=EDGE_CURVE('',#3850,#3850,#3861,.T.);
#3863=ORIENTED_EDGE('',*,*,#3862,.T.);
#3864=ORIENTED_EDGE('',*,*,#3855,.T.);
#3865=ORIENTED_EDGE('',*,*,#2725,.F.);
#3866=EDGE_LOOP('',(#3856,#3863,#3864,#3865));
#3867=FACE_BOUND('',#3866,.T.);
#3868=ADVANCED_FACE('',(#3867),#3848,.F.);
#3869=CARTESIAN_POINT('',(96.5025,4.,-81.1246875));
#3870=DIRECTION('',(0.,-1.,0.));
#3871=DIRECTION('',(0.,0.,-1.));
#3872=AXIS2_PLACEMENT_3D('',#3869,#3870,#3871);
#3873=CYLINDRICAL_SURFACE('',#3872,2.);
#3874=CARTESIAN_POINT('',(96.5025,-4.295,-83.1246875));
#3875=VERTEX_POINT('',#3874);
#3876=CARTESIAN_POINT('',(96.5025,-4.295,-83.1246875));
#3877=DIRECTION('',(-0.,1.,-0.));
#3878=VECTOR('',#3877,7.47);
#3879=LINE('',#3876,#3878);
#3880=EDGE_CURVE('',#3875,#2708,#3879,.T.);
#3881=ORIENTED_EDGE('',*,*,#3880,.F.);
#3882=CARTESIAN_POINT('',(96.5025,-4.295,-81.1246875));
#3883=DIRECTION('',(0.,-1.,0.));
#3884=DIRECTION('',(0.,0.,-1.));
#3885=AXIS2_PLACEMENT_3D('',#3882,#3883,#3884);
#3886=CIRCLE('',#3885,2.);
#3887=EDGE_CURVE('',#3875,#3875,#3886,.T.);
#3888=ORIENTED_EDGE('',*,*,#3887,.T.);
#3889=ORIENTED_EDGE('',*,*,#3880,.T.);
#3890=ORIENTED_EDGE('',*,*,#2714,.F.);
#3891=EDGE_LOOP('',(#3881,#3888,#3889,#3890));
#3892=FACE_BOUND('',#3891,.T.);
#3893=ADVANCED_FACE('',(#3892),#3873,.F.);
#3894=CARTESIAN_POINT('',(76.5025,4.,-81.1246875));
#3895=DIRECTION('',(0.,-1.,0.));
#3896=DIRECTION('',(0.,0.,-1.));
#3897=AXIS2_PLACEMENT_3D('',#3894,#3895,#3896);
#3898=CYLINDRICAL_SURFACE('',#3897,2.);
#3899=CARTESIAN_POINT('',(76.5025,-4.295,-83.1246875));
#3900=VERTEX_POINT('',#3899);
#3901=CARTESIAN_POINT('',(76.5025,-4.295,-83.1246875));
#3902=DIRECTION('',(-0.,1.,-0.));
#3903=VECTOR('',#3902,7.47);
#3904=LINE('',#3901,#3903);
#3905=EDGE_CURVE('',#3900,#2697,#3904,.T.);
#3906=ORIENTED_EDGE('',*,*,#3905,.F.);
#3907=CARTESIAN_POINT('',(76.5025,-4.295,-81.1246875));
#3908=DIRECTION('',(0.,-1.,0.));
#3909=DIRECTION('',(0.,0.,-1.));
#3910=AXIS2_PLACEMENT_3D('',#3907,#3908,#3909);
#3911=CIRCLE('',#3910,2.);
#3912=EDGE_CURVE('',#3900,#3900,#3911,.T.);
#3913=ORIENTED_EDGE('',*,*,#3912,.T.);
#3914=ORIENTED_EDGE('',*,*,#3905,.T.);
#3915=ORIENTED_EDGE('',*,*,#2703,.F.);
#3916=EDGE_LOOP('',(#3906,#3913,#3914,#3915));
#3917=FACE_BOUND('',#3916,.T.);
#3918=ADVANCED_FACE('',(#3917),#3898,.F.);
#3919=CARTESIAN_POINT('',(96.5025,4.,-70.0246875));
#3920=DIRECTION('',(0.,-1.,0.));
#3921=DIRECTION('',(0.,0.,-1.));
#3922=AXIS2_PLACEMENT_3D('',#3919,#3920,#3921);
#3923=CYLINDRICAL_SURFACE('',#3922,2.);
#3924=CARTESIAN_POINT('',(96.5025,-4.295,-72.0246875));
#3925=VERTEX_POINT('',#3924);
#3926=CARTESIAN_POINT('',(96.5025,-4.295,-72.0246875));
#3927=DIRECTION('',(-0.,1.,-0.));
#3928=VECTOR('',#3927,7.47);
#3929=LINE('',#3926,#3928);
#3930=EDGE_CURVE('',#3925,#2242,#3929,.T.);
#3931=ORIENTED_EDGE('',*,*,#3930,.F.);
#3932=CARTESIAN_POINT('',(96.5025,-4.295,-70.0246875));
#3933=DIRECTION('',(0.,-1.,0.));
#3934=DIRECTION('',(0.,0.,-1.));
#3935=AXIS2_PLACEMENT_3D('',#3932,#3933,#3934);
#3936=CIRCLE('',#3935,2.);
#3937=EDGE_CURVE('',#3925,#3925,#3936,.T.);
#3938=ORIENTED_EDGE('',*,*,#3937,.T.);
#3939=ORIENTED_EDGE('',*,*,#3930,.T.);
#3940=ORIENTED_EDGE('',*,*,#2248,.F.);
#3941=EDGE_LOOP('',(#3931,#3938,#3939,#3940));
#3942=FACE_BOUND('',#3941,.T.);
#3943=ADVANCED_FACE('',(#3942),#3923,.F.);
#3944=CARTESIAN_POINT('',(66.5025,4.,-70.0246875));
#3945=DIRECTION('',(0.,-1.,0.));
#3946=DIRECTION('',(0.,0.,-1.));
#3947=AXIS2_PLACEMENT_3D('',#3944,#3945,#3946);
#3948=CYLINDRICAL_SURFACE('',#3947,2.);
#3949=CARTESIAN_POINT('',(66.5025,-4.295,-72.0246875));
#3950=VERTEX_POINT('',#3949);
#3951=CARTESIAN_POINT('',(66.5025,-4.295,-72.0246875));
#3952=DIRECTION('',(-0.,1.,-0.));
#3953=VECTOR('',#3952,7.47);
#3954=LINE('',#3951,#3953);
#3955=EDGE_CURVE('',#3950,#2231,#3954,.T.);
#3956=ORIENTED_EDGE('',*,*,#3955,.F.);
#3957=CARTESIAN_POINT('',(66.5025,-4.295,-70.0246875));
#3958=DIRECTION('',(0.,-1.,0.));
#3959=DIRECTION('',(0.,0.,-1.));
#3960=AXIS2_PLACEMENT_3D('',#3957,#3958,#3959);
#3961=CIRCLE('',#3960,2.);
#3962=EDGE_CURVE('',#3950,#3950,#3961,.T.);
#3963=ORIENTED_EDGE('',*,*,#3962,.T.);
#3964=ORIENTED_EDGE('',*,*,#3955,.T.);
#3965=ORIENTED_EDGE('',*,*,#2237,.F.);
#3966=EDGE_LOOP('',(#3956,#3963,#3964,#3965));
#3967=FACE_BOUND('',#3966,.T.);
#3968=ADVANCED_FACE('',(#3967),#3948,.F.);
#3969=CARTESIAN_POINT('',(76.5025,4.,-70.0246875));
#3970=DIRECTION('',(0.,-1.,0.));
#3971=DIRECTION('',(0.,0.,-1.));
#3972=AXIS2_PLACEMENT_3D('',#3969,#3970,#3971);
#3973=CYLINDRICAL_SURFACE('',#3972,2.);
#3974=CARTESIAN_POINT('',(76.5025,-4.295,-72.0246875));
#3975=VERTEX_POINT('',#3974);
#3976=CARTESIAN_POINT('',(76.5025,-4.295,-72.0246875));
#3977=DIRECTION('',(-0.,1.,-0.));
#3978=VECTOR('',#3977,7.47);
#3979=LINE('',#3976,#3978);
#3980=EDGE_CURVE('',#3975,#2220,#3979,.T.);
#3981=ORIENTED_EDGE('',*,*,#3980,.F.);
#3982=CARTESIAN_POINT('',(76.5025,-4.295,-70.0246875));
#3983=DIRECTION('',(0.,-1.,0.));
#3984=DIRECTION('',(0.,0.,-1.));
#3985=AXIS2_PLACEMENT_3D('',#3982,#3983,#3984);
#3986=CIRCLE('',#3985,2.);
#3987=EDGE_CURVE('',#3975,#3975,#3986,.T.);
#3988=ORIENTED_EDGE('',*,*,#3987,.T.);
#3989=ORIENTED_EDGE('',*,*,#3980,.T.);
#3990=ORIENTED_EDGE('',*,*,#2226,.F.);
#3991=EDGE_LOOP('',(#3981,#3988,#3989,#3990));
#3992=FACE_BOUND('',#3991,.T.);
#3993=ADVANCED_FACE('',(#3992),#3973,.F.);
#3994=CARTESIAN_POINT('',(86.5025,4.,-70.0246875));
#3995=DIRECTION('',(0.,-1.,0.));
#3996=DIRECTION('',(0.,0.,-1.));
#3997=AXIS2_PLACEMENT_3D('',#3994,#3995,#3996);
#3998=CYLINDRICAL_SURFACE('',#3997,2.);
#3999=CARTESIAN_POINT('',(86.5025,-4.295,-72.0246875));
#4000=VERTEX_POINT('',#3999);
#4001=CARTESIAN_POINT('',(86.5025,-4.295,-72.0246875));
#4002=DIRECTION('',(-0.,1.,-0.));
#4003=VECTOR('',#4002,7.47);
#4004=LINE('',#4001,#4003);
#4005=EDGE_CURVE('',#4000,#2209,#4004,.T.);
#4006=ORIENTED_EDGE('',*,*,#4005,.F.);
#4007=CARTESIAN_POINT('',(86.5025,-4.295,-70.0246875));
#4008=DIRECTION('',(0.,-1.,0.));
#4009=DIRECTION('',(0.,0.,-1.));
#4010=AXIS2_PLACEMENT_3D('',#4007,#4008,#4009);
#4011=CIRCLE('',#4010,2.);
#4012=EDGE_CURVE('',#4000,#4000,#4011,.T.);
#4013=ORIENTED_EDGE('',*,*,#4012,.T.);
#4014=ORIENTED_EDGE('',*,*,#4005,.T.);
#4015=ORIENTED_EDGE('',*,*,#2215,.F.);
#4016=EDGE_LOOP('',(#4006,#4013,#4014,#4015));
#4017=FACE_BOUND('',#4016,.T.);
#4018=ADVANCED_FACE('',(#4017),#3998,.F.);
#4019=CARTESIAN_POINT('',(66.5025,4.,-58.8146875));
#4020=DIRECTION('',(0.,-1.,0.));
#4021=DIRECTION('',(0.,0.,-1.));
#4022=AXIS2_PLACEMENT_3D('',#4019,#4020,#4021);
#4023=CYLINDRICAL_SURFACE('',#4022,2.);
#4024=CARTESIAN_POINT('',(66.5025,-4.295,-60.8146875));
#4025=VERTEX_POINT('',#4024);
#4026=CARTESIAN_POINT('',(66.5025,-4.295,-60.8146875));
#4027=DIRECTION('',(-0.,1.,-0.));
#4028=VECTOR('',#4027,7.47);
#4029=LINE('',#4026,#4028);
#4030=EDGE_CURVE('',#4025,#2364,#4029,.T.);
#4031=ORIENTED_EDGE('',*,*,#4030,.F.);
#4032=CARTESIAN_POINT('',(66.5025,-4.295,-58.8146875));
#4033=DIRECTION('',(0.,-1.,0.));
#4034=DIRECTION('',(0.,0.,-1.));
#4035=AXIS2_PLACEMENT_3D('',#4032,#4033,#4034);
#4036=CIRCLE('',#4035,2.);
#4037=EDGE_CURVE('',#4025,#4025,#4036,.T.);
#4038=ORIENTED_EDGE('',*,*,#4037,.T.);
#4039=ORIENTED_EDGE('',*,*,#4030,.T.);
#4040=ORIENTED_EDGE('',*,*,#2370,.F.);
#4041=EDGE_LOOP('',(#4031,#4038,#4039,#4040));
#4042=FACE_BOUND('',#4041,.T.);
#4043=ADVANCED_FACE('',(#4042),#4023,.F.);
#4044=CARTESIAN_POINT('',(96.5025,4.,-58.8146875));
#4045=DIRECTION('',(0.,-1.,0.));
#4046=DIRECTION('',(0.,0.,-1.));
#4047=AXIS2_PLACEMENT_3D('',#4044,#4045,#4046);
#4048=CYLINDRICAL_SURFACE('',#4047,2.);
#4049=CARTESIAN_POINT('',(96.5025,-4.295,-60.8146875));
#4050=VERTEX_POINT('',#4049);
#4051=CARTESIAN_POINT('',(96.5025,-4.295,-60.8146875));
#4052=DIRECTION('',(-0.,1.,-0.));
#4053=VECTOR('',#4052,7.47);
#4054=LINE('',#4051,#4053);
#4055=EDGE_CURVE('',#4050,#2353,#4054,.T.);
#4056=ORIENTED_EDGE('',*,*,#4055,.F.);
#4057=CARTESIAN_POINT('',(96.5025,-4.295,-58.8146875));
#4058=DIRECTION('',(0.,-1.,0.));
#4059=DIRECTION('',(0.,0.,-1.));
#4060=AXIS2_PLACEMENT_3D('',#4057,#4058,#4059);
#4061=CIRCLE('',#4060,2.);
#4062=EDGE_CURVE('',#4050,#4050,#4061,.T.);
#4063=ORIENTED_EDGE('',*,*,#4062,.T.);
#4064=ORIENTED_EDGE('',*,*,#4055,.T.);
#4065=ORIENTED_EDGE('',*,*,#2359,.F.);
#4066=EDGE_LOOP('',(#4056,#4063,#4064,#4065));
#4067=FACE_BOUND('',#4066,.T.);
#4068=ADVANCED_FACE('',(#4067),#4048,.F.);
#4069=CARTESIAN_POINT('',(86.5025,4.,-58.8146875));
#4070=DIRECTION('',(0.,-1.,0.));
#4071=DIRECTION('',(0.,0.,-1.));
#4072=AXIS2_PLACEMENT_3D('',#4069,#4070,#4071);
#4073=CYLINDRICAL_SURFACE('',#4072,2.);
#4074=CARTESIAN_POINT('',(86.5025,-4.295,-60.8146875));
#4075=VERTEX_POINT('',#4074);
#4076=CARTESIAN_POINT('',(86.5025,-4.295,-60.8146875));
#4077=DIRECTION('',(-0.,1.,-0.));
#4078=VECTOR('',#4077,7.47);
#4079=LINE('',#4076,#4078);
#4080=EDGE_CURVE('',#4075,#2342,#4079,.T.);
#4081=ORIENTED_EDGE('',*,*,#4080,.F.);
#4082=CARTESIAN_POINT('',(86.5025,-4.295,-58.8146875));
#4083=DIRECTION('',(0.,-1.,0.));
#4084=DIRECTION('',(0.,0.,-1.));
#4085=AXIS2_PLACEMENT_3D('',#4082,#4083,#4084);
#4086=CIRCLE('',#4085,2.);
#4087=EDGE_CURVE('',#4075,#4075,#4086,.T.);
#4088=ORIENTED_EDGE('',*,*,#4087,.T.);
#4089=ORIENTED_EDGE('',*,*,#4080,.T.);
#4090=ORIENTED_EDGE('',*,*,#2348,.F.);
#4091=EDGE_LOOP('',(#4081,#4088,#4089,#4090));
#4092=FACE_BOUND('',#4091,.T.);
#4093=ADVANCED_FACE('',(#4092),#4073,.F.);
#4094=CARTESIAN_POINT('',(76.5025,4.,-58.8146875));
#4095=DIRECTION('',(0.,-1.,0.));
#4096=DIRECTION('',(0.,0.,-1.));
#4097=AXIS2_PLACEMENT_3D('',#4094,#4095,#4096);
#4098=CYLINDRICAL_SURFACE('',#4097,2.);
#4099=CARTESIAN_POINT('',(76.5025,-4.295,-60.8146875));
#4100=VERTEX_POINT('',#4099);
#4101=CARTESIAN_POINT('',(76.5025,-4.295,-60.8146875));
#4102=DIRECTION('',(-0.,1.,-0.));
#4103=VECTOR('',#4102,7.47);
#4104=LINE('',#4101,#4103);
#4105=EDGE_CURVE('',#4100,#2331,#4104,.T.);
#4106=ORIENTED_EDGE('',*,*,#4105,.F.);
#4107=CARTESIAN_POINT('',(76.5025,-4.295,-58.8146875));
#4108=DIRECTION('',(0.,-1.,0.));
#4109=DIRECTION('',(0.,0.,-1.));
#4110=AXIS2_PLACEMENT_3D('',#4107,#4108,#4109);
#4111=CIRCLE('',#4110,2.);
#4112=EDGE_CURVE('',#4100,#4100,#4111,.T.);
#4113=ORIENTED_EDGE('',*,*,#4112,.T.);
#4114=ORIENTED_EDGE('',*,*,#4105,.T.);
#4115=ORIENTED_EDGE('',*,*,#2337,.F.);
#4116=EDGE_LOOP('',(#4106,#4113,#4114,#4115));
#4117=FACE_BOUND('',#4116,.T.);
#4118=ADVANCED_FACE('',(#4117),#4098,.F.);
#4119=CARTESIAN_POINT('',(86.5025,4.,-47.7146875));
#4120=DIRECTION('',(0.,-1.,0.));
#4121=DIRECTION('',(0.,0.,-1.));
#4122=AXIS2_PLACEMENT_3D('',#4119,#4120,#4121);
#4123=CYLINDRICAL_SURFACE('',#4122,2.);
#4124=CARTESIAN_POINT('',(86.5025,-4.295,-49.7146875));
#4125=VERTEX_POINT('',#4124);
#4126=CARTESIAN_POINT('',(86.5025,-4.295,-49.7146875));
#4127=DIRECTION('',(-0.,1.,-0.));
#4128=VECTOR('',#4127,7.47);
#4129=LINE('',#4126,#4128);
#4130=EDGE_CURVE('',#4125,#2486,#4129,.T.);
#4131=ORIENTED_EDGE('',*,*,#4130,.F.);
#4132=CARTESIAN_POINT('',(86.5025,-4.295,-47.7146875));
#4133=DIRECTION('',(0.,-1.,0.));
#4134=DIRECTION('',(0.,0.,-1.));
#4135=AXIS2_PLACEMENT_3D('',#4132,#4133,#4134);
#4136=CIRCLE('',#4135,2.);
#4137=EDGE_CURVE('',#4125,#4125,#4136,.T.);
#4138=ORIENTED_EDGE('',*,*,#4137,.T.);
#4139=ORIENTED_EDGE('',*,*,#4130,.T.);
#4140=ORIENTED_EDGE('',*,*,#2492,.F.);
#4141=EDGE_LOOP('',(#4131,#4138,#4139,#4140));
#4142=FACE_BOUND('',#4141,.T.);
#4143=ADVANCED_FACE('',(#4142),#4123,.F.);
#4144=CARTESIAN_POINT('',(76.5025,4.,-47.7146875));
#4145=DIRECTION('',(0.,-1.,0.));
#4146=DIRECTION('',(0.,0.,-1.));
#4147=AXIS2_PLACEMENT_3D('',#4144,#4145,#4146);
#4148=CYLINDRICAL_SURFACE('',#4147,2.);
#4149=CARTESIAN_POINT('',(76.5025,-4.295,-49.7146875));
#4150=VERTEX_POINT('',#4149);
#4151=CARTESIAN_POINT('',(76.5025,-4.295,-49.7146875));
#4152=DIRECTION('',(-0.,1.,-0.));
#4153=VECTOR('',#4152,7.47);
#4154=LINE('',#4151,#4153);
#4155=EDGE_CURVE('',#4150,#2475,#4154,.T.);
#4156=ORIENTED_EDGE('',*,*,#4155,.F.);
#4157=CARTESIAN_POINT('',(76.5025,-4.295,-47.7146875));
#4158=DIRECTION('',(0.,-1.,0.));
#4159=DIRECTION('',(0.,0.,-1.));
#4160=AXIS2_PLACEMENT_3D('',#4157,#4158,#4159);
#4161=CIRCLE('',#4160,2.);
#4162=EDGE_CURVE('',#4150,#4150,#4161,.T.);
#4163=ORIENTED_EDGE('',*,*,#4162,.T.);
#4164=ORIENTED_EDGE('',*,*,#4155,.T.);
#4165=ORIENTED_EDGE('',*,*,#2481,.F.);
#4166=EDGE_LOOP('',(#4156,#4163,#4164,#4165));
#4167=FACE_BOUND('',#4166,.T.);
#4168=ADVANCED_FACE('',(#4167),#4148,.F.);
#4169=CARTESIAN_POINT('',(66.5025,4.,-47.7146875));
#4170=DIRECTION('',(0.,-1.,0.));
#4171=DIRECTION('',(0.,0.,-1.));
#4172=AXIS2_PLACEMENT_3D('',#4169,#4170,#4171);
#4173=CYLINDRICAL_SURFACE('',#4172,2.);
#4174=CARTESIAN_POINT('',(66.5025,-4.295,-49.7146875));
#4175=VERTEX_POINT('',#4174);
#4176=CARTESIAN_POINT('',(66.5025,-4.295,-49.7146875));
#4177=DIRECTION('',(-0.,1.,-0.));
#4178=VECTOR('',#4177,7.47);
#4179=LINE('',#4176,#4178);
#4180=EDGE_CURVE('',#4175,#2464,#4179,.T.);
#4181=ORIENTED_EDGE('',*,*,#4180,.F.);
#4182=CARTESIAN_POINT('',(66.5025,-4.295,-47.7146875));
#4183=DIRECTION('',(0.,-1.,0.));
#4184=DIRECTION('',(0.,0.,-1.));
#4185=AXIS2_PLACEMENT_3D('',#4182,#4183,#4184);
#4186=CIRCLE('',#4185,2.);
#4187=EDGE_CURVE('',#4175,#4175,#4186,.T.);
#4188=ORIENTED_EDGE('',*,*,#4187,.T.);
#4189=ORIENTED_EDGE('',*,*,#4180,.T.);
#4190=ORIENTED_EDGE('',*,*,#2470,.F.);
#4191=EDGE_LOOP('',(#4181,#4188,#4189,#4190));
#4192=FACE_BOUND('',#4191,.T.);
#4193=ADVANCED_FACE('',(#4192),#4173,.F.);
#4194=CARTESIAN_POINT('',(96.5025,4.,-47.7146875));
#4195=DIRECTION('',(0.,-1.,0.));
#4196=DIRECTION('',(0.,0.,-1.));
#4197=AXIS2_PLACEMENT_3D('',#4194,#4195,#4196);
#4198=CYLINDRICAL_SURFACE('',#4197,2.);
#4199=CARTESIAN_POINT('',(96.5025,-4.295,-49.7146875));
#4200=VERTEX_POINT('',#4199);
#4201=CARTESIAN_POINT('',(96.5025,-4.295,-49.7146875));
#4202=DIRECTION('',(-0.,1.,-0.));
#4203=VECTOR('',#4202,7.47);
#4204=LINE('',#4201,#4203);
#4205=EDGE_CURVE('',#4200,#2453,#4204,.T.);
#4206=ORIENTED_EDGE('',*,*,#4205,.F.);
#4207=CARTESIAN_POINT('',(96.5025,-4.295,-47.7146875));
#4208=DIRECTION('',(0.,-1.,0.));
#4209=DIRECTION('',(0.,0.,-1.));
#4210=AXIS2_PLACEMENT_3D('',#4207,#4208,#4209);
#4211=CIRCLE('',#4210,2.);
#4212=EDGE_CURVE('',#4200,#4200,#4211,.T.);
#4213=ORIENTED_EDGE('',*,*,#4212,.T.);
#4214=ORIENTED_EDGE('',*,*,#4205,.T.);
#4215=ORIENTED_EDGE('',*,*,#2459,.F.);
#4216=EDGE_LOOP('',(#4206,#4213,#4214,#4215));
#4217=FACE_BOUND('',#4216,.T.);
#4218=ADVANCED_FACE('',(#4217),#4198,.F.);
#4219=CARTESIAN_POINT('',(96.5025,4.,-36.6846875));
#4220=DIRECTION('',(0.,-1.,0.));
#4221=DIRECTION('',(0.,0.,-1.));
#4222=AXIS2_PLACEMENT_3D('',#4219,#4220,#4221);
#4223=CYLINDRICAL_SURFACE('',#4222,2.);
#4224=CARTESIAN_POINT('',(96.5025,-4.295,-38.6846875));
#4225=VERTEX_POINT('',#4224);
#4226=CARTESIAN_POINT('',(96.5025,-4.295,-38.6846875));
#4227=DIRECTION('',(-0.,1.,-0.));
#4228=VECTOR('',#4227,7.47);
#4229=LINE('',#4226,#4228);
#4230=EDGE_CURVE('',#4225,#2608,#4229,.T.);
#4231=ORIENTED_EDGE('',*,*,#4230,.F.);
#4232=CARTESIAN_POINT('',(96.5025,-4.295,-36.6846875));
#4233=DIRECTION('',(0.,-1.,0.));
#4234=DIRECTION('',(0.,0.,-1.));
#4235=AXIS2_PLACEMENT_3D('',#4232,#4233,#4234);
#4236=CIRCLE('',#4235,2.);
#4237=EDGE_CURVE('',#4225,#4225,#4236,.T.);
#4238=ORIENTED_EDGE('',*,*,#4237,.T.);
#4239=ORIENTED_EDGE('',*,*,#4230,.T.);
#4240=ORIENTED_EDGE('',*,*,#2614,.F.);
#4241=EDGE_LOOP('',(#4231,#4238,#4239,#4240));
#4242=FACE_BOUND('',#4241,.T.);
#4243=ADVANCED_FACE('',(#4242),#4223,.F.);
#4244=CARTESIAN_POINT('',(86.5025,4.,-36.6846875));
#4245=DIRECTION('',(0.,-1.,0.));
#4246=DIRECTION('',(0.,0.,-1.));
#4247=AXIS2_PLACEMENT_3D('',#4244,#4245,#4246);
#4248=CYLINDRICAL_SURFACE('',#4247,2.);
#4249=CARTESIAN_POINT('',(86.5025,-4.295,-38.6846875));
#4250=VERTEX_POINT('',#4249);
#4251=CARTESIAN_POINT('',(86.5025,-4.295,-38.6846875));
#4252=DIRECTION('',(-0.,1.,-0.));
#4253=VECTOR('',#4252,7.47);
#4254=LINE('',#4251,#4253);
#4255=EDGE_CURVE('',#4250,#2597,#4254,.T.);
#4256=ORIENTED_EDGE('',*,*,#4255,.F.);
#4257=CARTESIAN_POINT('',(86.5025,-4.295,-36.6846875));
#4258=DIRECTION('',(0.,-1.,0.));
#4259=DIRECTION('',(0.,0.,-1.));
#4260=AXIS2_PLACEMENT_3D('',#4257,#4258,#4259);
#4261=CIRCLE('',#4260,2.);
#4262=EDGE_CURVE('',#4250,#4250,#4261,.T.);
#4263=ORIENTED_EDGE('',*,*,#4262,.T.);
#4264=ORIENTED_EDGE('',*,*,#4255,.T.);
#4265=ORIENTED_EDGE('',*,*,#2603,.F.);
#4266=EDGE_LOOP('',(#4256,#4263,#4264,#4265));
#4267=FACE_BOUND('',#4266,.T.);
#4268=ADVANCED_FACE('',(#4267),#4248,.F.);
#4269=CARTESIAN_POINT('',(76.5025,4.,-36.6846875));
#4270=DIRECTION('',(0.,-1.,0.));
#4271=DIRECTION('',(0.,0.,-1.));
#4272=AXIS2_PLACEMENT_3D('',#4269,#4270,#4271);
#4273=CYLINDRICAL_SURFACE('',#4272,2.);
#4274=CARTESIAN_POINT('',(76.5025,-4.295,-38.6846875));
#4275=VERTEX_POINT('',#4274);
#4276=CARTESIAN_POINT('',(76.5025,-4.295,-38.6846875));
#4277=DIRECTION('',(-0.,1.,-0.));
#4278=VECTOR('',#4277,7.47);
#4279=LINE('',#4276,#4278);
#4280=EDGE_CURVE('',#4275,#2586,#4279,.T.);
#4281=ORIENTED_EDGE('',*,*,#4280,.F.);
#4282=CARTESIAN_POINT('',(76.5025,-4.295,-36.6846875));
#4283=DIRECTION('',(0.,-1.,0.));
#4284=DIRECTION('',(0.,0.,-1.));
#4285=AXIS2_PLACEMENT_3D('',#4282,#4283,#4284);
#4286=CIRCLE('',#4285,2.);
#4287=EDGE_CURVE('',#4275,#4275,#4286,.T.);
#4288=ORIENTED_EDGE('',*,*,#4287,.T.);
#4289=ORIENTED_EDGE('',*,*,#4280,.T.);
#4290=ORIENTED_EDGE('',*,*,#2592,.F.);
#4291=EDGE_LOOP('',(#4281,#4288,#4289,#4290));
#4292=FACE_BOUND('',#4291,.T.);
#4293=ADVANCED_FACE('',(#4292),#4273,.F.);
#4294=CARTESIAN_POINT('',(66.5025,4.,-36.6846875));
#4295=DIRECTION('',(0.,-1.,0.));
#4296=DIRECTION('',(0.,0.,-1.));
#4297=AXIS2_PLACEMENT_3D('',#4294,#4295,#4296);
#4298=CYLINDRICAL_SURFACE('',#4297,2.);
#4299=CARTESIAN_POINT('',(66.5025,-4.295,-38.6846875));
#4300=VERTEX_POINT('',#4299);
#4301=CARTESIAN_POINT('',(66.5025,-4.295,-38.6846875));
#4302=DIRECTION('',(-0.,1.,-0.));
#4303=VECTOR('',#4302,7.47);
#4304=LINE('',#4301,#4303);
#4305=EDGE_CURVE('',#4300,#2575,#4304,.T.);
#4306=ORIENTED_EDGE('',*,*,#4305,.F.);
#4307=CARTESIAN_POINT('',(66.5025,-4.295,-36.6846875));
#4308=DIRECTION('',(0.,-1.,0.));
#4309=DIRECTION('',(0.,0.,-1.));
#4310=AXIS2_PLACEMENT_3D('',#4307,#4308,#4309);
#4311=CIRCLE('',#4310,2.);
#4312=EDGE_CURVE('',#4300,#4300,#4311,.T.);
#4313=ORIENTED_EDGE('',*,*,#4312,.T.);
#4314=ORIENTED_EDGE('',*,*,#4305,.T.);
#4315=ORIENTED_EDGE('',*,*,#2581,.F.);
#4316=EDGE_LOOP('',(#4306,#4313,#4314,#4315));
#4317=FACE_BOUND('',#4316,.T.);
#4318=ADVANCED_FACE('',(#4317),#4298,.F.);
#4319=CARTESIAN_POINT('',(102.,0.,-19.9796875));
#4320=DIRECTION('',(0.,1.,0.));
#4321=DIRECTION('',(0.,0.,1.));
#4322=AXIS2_PLACEMENT_3D('',#4319,#4320,#4321);
#4323=PLANE('',#4322);
#4324=ORIENTED_EDGE('',*,*,#2058,.F.);
#4325=ORIENTED_EDGE('',*,*,#629,.F.);
#4326=ORIENTED_EDGE('',*,*,#919,.T.);
#4327=ORIENTED_EDGE('',*,*,#590,.T.);
#4328=EDGE_LOOP('',(#4324,#4325,#4326,#4327));
#4329=FACE_BOUND('',#4328,.T.);
#4330=ADVANCED_FACE('',(#4329),#4323,.T.);
#4331=CARTESIAN_POINT('',(62.,0.,-31.0896875));
#4332=DIRECTION('',(0.,-1.,0.));
#4333=DIRECTION('',(0.,0.,-1.));
#4334=AXIS2_PLACEMENT_3D('',#4331,#4332,#4333);
#4335=PLANE('',#4334);
#4336=ORIENTED_EDGE('',*,*,#1793,.F.);
#4337=ORIENTED_EDGE('',*,*,#1763,.T.);
#4338=ORIENTED_EDGE('',*,*,#1725,.T.);
#4339=ORIENTED_EDGE('',*,*,#898,.T.);
#4340=EDGE_LOOP('',(#4336,#4337,#4338,#4339));
#4341=FACE_BOUND('',#4340,.T.);
#4342=ADVANCED_FACE('',(#4341),#4335,.F.);
#4343=CARTESIAN_POINT('',(60.5,0.,-42.1997));
#4344=DIRECTION('',(0.,-1.,0.));
#4345=DIRECTION('',(0.,0.,-1.));
#4346=AXIS2_PLACEMENT_3D('',#4343,#4344,#4345);
#4347=PLANE('',#4346);
#4348=ORIENTED_EDGE('',*,*,#1666,.F.);
#4349=ORIENTED_EDGE('',*,*,#1629,.T.);
#4350=ORIENTED_EDGE('',*,*,#1694,.T.);
#4351=ORIENTED_EDGE('',*,*,#866,.T.);
#4352=EDGE_LOOP('',(#4348,#4349,#4350,#4351));
#4353=FACE_BOUND('',#4352,.T.);
#4354=ADVANCED_FACE('',(#4353),#4347,.F.);
#4355=CARTESIAN_POINT('',(59.2,0.,-53.3097));
#4356=DIRECTION('',(0.,-1.,0.));
#4357=DIRECTION('',(0.,0.,-1.));
#4358=AXIS2_PLACEMENT_3D('',#4355,#4356,#4357);
#4359=PLANE('',#4358);
#4360=ORIENTED_EDGE('',*,*,#1568,.F.);
#4361=ORIENTED_EDGE('',*,*,#1531,.T.);
#4362=ORIENTED_EDGE('',*,*,#1596,.T.);
#4363=ORIENTED_EDGE('',*,*,#834,.T.);
#4364=EDGE_LOOP('',(#4360,#4361,#4362,#4363));
#4365=FACE_BOUND('',#4364,.T.);
#4366=ADVANCED_FACE('',(#4365),#4359,.F.);
#4367=CARTESIAN_POINT('',(57.6,0.,-64.4197));
#4368=DIRECTION('',(0.,-1.,0.));
#4369=DIRECTION('',(0.,0.,-1.));
#4370=AXIS2_PLACEMENT_3D('',#4367,#4368,#4369);
#4371=PLANE('',#4370);
#4372=ORIENTED_EDGE('',*,*,#1470,.F.);
#4373=ORIENTED_EDGE('',*,*,#1433,.T.);
#4374=ORIENTED_EDGE('',*,*,#1498,.T.);
#4375=ORIENTED_EDGE('',*,*,#802,.T.);
#4376=EDGE_LOOP('',(#4372,#4373,#4374,#4375));
#4377=FACE_BOUND('',#4376,.T.);
#4378=ADVANCED_FACE('',(#4377),#4371,.F.);
#4379=CARTESIAN_POINT('',(52.8,0.,-75.5297));
#4380=DIRECTION('',(0.,-1.,0.));
#4381=DIRECTION('',(0.,0.,-1.));
#4382=AXIS2_PLACEMENT_3D('',#4379,#4380,#4381);
#4383=PLANE('',#4382);
#4384=ORIENTED_EDGE('',*,*,#1372,.F.);
#4385=ORIENTED_EDGE('',*,*,#1335,.T.);
#4386=ORIENTED_EDGE('',*,*,#1400,.T.);
#4387=ORIENTED_EDGE('',*,*,#770,.T.);
#4388=EDGE_LOOP('',(#4384,#4385,#4386,#4387));
#4389=FACE_BOUND('',#4388,.T.);
#4390=ADVANCED_FACE('',(#4389),#4383,.F.);
#4391=CARTESIAN_POINT('',(59.2,0.,-86.6397));
#4392=DIRECTION('',(0.,-1.,0.));
#4393=DIRECTION('',(0.,0.,-1.));
#4394=AXIS2_PLACEMENT_3D('',#4391,#4392,#4393);
#4395=PLANE('',#4394);
#4396=ORIENTED_EDGE('',*,*,#1243,.F.);
#4397=ORIENTED_EDGE('',*,*,#1273,.T.);
#4398=ORIENTED_EDGE('',*,*,#1302,.T.);
#4399=ORIENTED_EDGE('',*,*,#738,.T.);
#4400=EDGE_LOOP('',(#4396,#4397,#4398,#4399));
#4401=FACE_BOUND('',#4400,.T.);
#4402=ADVANCED_FACE('',(#4401),#4395,.F.);
#4403=CARTESIAN_POINT('',(35.,-1.295,-9.9719));
#4404=DIRECTION('',(0.,1.,0.));
#4405=DIRECTION('',(0.,0.,1.));
#4406=AXIS2_PLACEMENT_3D('',#4403,#4404,#4405);
#4407=PLANE('',#4406);
#4408=ORIENTED_EDGE('',*,*,#3807,.F.);
#4409=ORIENTED_EDGE('',*,*,#2112,.F.);
#4410=ORIENTED_EDGE('',*,*,#1202,.T.);
#4411=ORIENTED_EDGE('',*,*,#978,.T.);
#4412=EDGE_LOOP('',(#4408,#4409,#4410,#4411));
#4413=FACE_BOUND('',#4412,.T.);
#4414=ADVANCED_FACE('',(#4413),#4407,.T.);
#4415=CARTESIAN_POINT('',(35.,-1.295,-101.8594));
#4416=DIRECTION('',(0.,1.,0.));
#4417=DIRECTION('',(-1.,0.,0.));
#4418=AXIS2_PLACEMENT_3D('',#4415,#4416,#4417);
#4419=PLANE('',#4418);
#4420=ORIENTED_EDGE('',*,*,#2762,.F.);
#4421=ORIENTED_EDGE('',*,*,#2813,.F.);
#4422=ORIENTED_EDGE('',*,*,#1134,.T.);
#4423=ORIENTED_EDGE('',*,*,#2790,.T.);
#4424=EDGE_LOOP('',(#4420,#4421,#4422,#4423));
#4425=FACE_BOUND('',#4424,.T.);
#4426=ADVANCED_FACE('',(#4425),#4419,.T.);
#4427=CARTESIAN_POINT('',(-14.8337,-2.795,-70.9144));
#4428=DIRECTION('',(0.,0.,1.));
#4429=DIRECTION('',(1.,0.,0.));
#4430=AXIS2_PLACEMENT_3D('',#4427,#4428,#4429);
#4431=PLANE('',#4430);
#4432=ORIENTED_EDGE('',*,*,#938,.T.);
#4433=CARTESIAN_POINT('',(-14.8337,-4.295,-70.9144));
#4434=VERTEX_POINT('',#4433);
#4435=CARTESIAN_POINT('',(-14.8337,-4.295,-70.9144));
#4436=DIRECTION('',(1.,0.,-0.));
#4437=VECTOR('',#4436,3.);
#4438=LINE('',#4435,#4437);
#4439=EDGE_CURVE('',#4434,#933,#4438,.T.);
#4440=ORIENTED_EDGE('',*,*,#4439,.F.);
#4441=CARTESIAN_POINT('',(-14.8337,-1.295,-70.9144));
#4442=VERTEX_POINT('',#4441);
#4443=CARTESIAN_POINT('',(-14.8337,-1.295,-70.9144));
#4444=DIRECTION('',(0.,-1.,0.));
#4445=VECTOR('',#4444,3.);
#4446=LINE('',#4443,#4445);
#4447=EDGE_CURVE('',#4442,#4434,#4446,.T.);
#4448=ORIENTED_EDGE('',*,*,#4447,.F.);
#4449=CARTESIAN_POINT('',(-14.8337,-1.295,-70.9144));
#4450=DIRECTION('',(1.,0.,-0.));
#4451=VECTOR('',#4450,3.);
#4452=LINE('',#4449,#4451);
#4453=EDGE_CURVE('',#4442,#931,#4452,.T.);
#4454=ORIENTED_EDGE('',*,*,#4453,.T.);
#4455=EDGE_LOOP('',(#4432,#4440,#4448,#4454));
#4456=FACE_BOUND('',#4455,.T.);
#4457=ADVANCED_FACE('',(#4456),#4431,.F.);
#4458=CARTESIAN_POINT('',(-14.8337,-2.795,-40.9144));
#4459=DIRECTION('',(0.,0.,-1.));
#4460=DIRECTION('',(-1.,0.,0.));
#4461=AXIS2_PLACEMENT_3D('',#4458,#4459,#4460);
#4462=PLANE('',#4461);
#4463=ORIENTED_EDGE('',*,*,#1018,.T.);
#4464=CARTESIAN_POINT('',(-14.8337,-1.295,-40.9144));
#4465=VERTEX_POINT('',#4464);
#4466=CARTESIAN_POINT('',(-14.8337,-1.295,-40.9144));
#4467=DIRECTION('',(1.,0.,-0.));
#4468=VECTOR('',#4467,3.);
#4469=LINE('',#4466,#4468);
#4470=EDGE_CURVE('',#4465,#1013,#4469,.T.);
#4471=ORIENTED_EDGE('',*,*,#4470,.F.);
#4472=CARTESIAN_POINT('',(-14.8337,-4.295,-40.9144));
#4473=VERTEX_POINT('',#4472);
#4474=CARTESIAN_POINT('',(-14.8337,-4.295,-40.9144));
#4475=DIRECTION('',(-0.,1.,-0.));
#4476=VECTOR('',#4475,3.);
#4477=LINE('',#4474,#4476);
#4478=EDGE_CURVE('',#4473,#4465,#4477,.T.);
#4479=ORIENTED_EDGE('',*,*,#4478,.F.);
#4480=CARTESIAN_POINT('',(-14.8337,-4.295,-40.9144));
#4481=DIRECTION('',(1.,-0.,-0.));
#4482=VECTOR('',#4481,3.);
#4483=LINE('',#4480,#4482);
#4484=EDGE_CURVE('',#4473,#1011,#4483,.T.);
#4485=ORIENTED_EDGE('',*,*,#4484,.T.);
#4486=EDGE_LOOP('',(#4463,#4471,#4479,#4485));
#4487=FACE_BOUND('',#4486,.T.);
#4488=ADVANCED_FACE('',(#4487),#4462,.F.);
#4489=CARTESIAN_POINT('',(-14.8337,0.,0.));
#4490=DIRECTION('',(-1.,0.,0.));
#4491=DIRECTION('',(0.,-1.,0.));
#4492=AXIS2_PLACEMENT_3D('',#4489,#4490,#4491);
#4493=PLANE('',#4492);
#4494=ORIENTED_EDGE('',*,*,#4447,.T.);
#4495=CARTESIAN_POINT('',(-14.8337,-4.295,-70.9144));
#4496=DIRECTION('',(0.,0.,1.));
#4497=VECTOR('',#4496,30.);
#4498=LINE('',#4495,#4497);
#4499=EDGE_CURVE('',#4434,#4473,#4498,.T.);
#4500=ORIENTED_EDGE('',*,*,#4499,.T.);
#4501=ORIENTED_EDGE('',*,*,#4478,.T.);
#4502=CARTESIAN_POINT('',(-14.8337,-1.295,-40.9144));
#4503=DIRECTION('',(-0.,-0.,-1.));
#4504=VECTOR('',#4503,30.);
#4505=LINE('',#4502,#4504);
#4506=EDGE_CURVE('',#4465,#4442,#4505,.T.);
#4507=ORIENTED_EDGE('',*,*,#4506,.T.);
#4508=EDGE_LOOP('',(#4494,#4500,#4501,#4507));
#4509=FACE_BOUND('',#4508,.T.);
#4510=ADVANCED_FACE('',(#4509),#4493,.T.);
#4511=CARTESIAN_POINT('',(51.,1.175,-14.9875));
#4512=DIRECTION('',(0.,-1.,0.));
#4513=DIRECTION('',(1.,0.,0.));
#4514=AXIS2_PLACEMENT_3D('',#4511,#4512,#4513);
#4515=PLANE('',#4514);
#4516=ORIENTED_EDGE('',*,*,#1179,.T.);
#4517=ORIENTED_EDGE('',*,*,#690,.F.);
#4518=CARTESIAN_POINT('',(2.,1.175,-14.9875));
#4519=DIRECTION('',(1.,0.,-0.));
#4520=VECTOR('',#4519,100.);
#4521=LINE('',#4518,#4520);
#4522=EDGE_CURVE('',#87,#677,#4521,.T.);
#4523=ORIENTED_EDGE('',*,*,#4522,.F.);
#4524=ORIENTED_EDGE('',*,*,#92,.T.);
#4525=EDGE_LOOP('',(#4516,#4517,#4523,#4524));
#4526=FACE_BOUND('',#4525,.T.);
#4527=ADVANCED_FACE('',(#4526),#4515,.F.);
#4528=CARTESIAN_POINT('',(0.,0.,-14.9875));
#4529=DIRECTION('',(0.,0.,1.));
#4530=DIRECTION('',(1.,0.,0.));
#4531=AXIS2_PLACEMENT_3D('',#4528,#4529,#4530);
#4532=PLANE('',#4531);
#4533=ORIENTED_EDGE('',*,*,#4522,.T.);
#4534=ORIENTED_EDGE('',*,*,#682,.T.);
#4535=ORIENTED_EDGE('',*,*,#510,.T.);
#4536=ORIENTED_EDGE('',*,*,#100,.T.);
#4537=EDGE_LOOP('',(#4533,#4534,#4535,#4536));
#4538=FACE_BOUND('',#4537,.T.);
#4539=ADVANCED_FACE('',(#4538),#4532,.T.);
#4540=CARTESIAN_POINT('',(92.,-4.295,-17.9875));
#4541=DIRECTION('',(0.,0.,1.));
#4542=DIRECTION('',(1.,0.,0.));
#4543=AXIS2_PLACEMENT_3D('',#4540,#4541,#4542);
#4544=PLANE('',#4543);
#4545=CARTESIAN_POINT('',(91.7264,-4.295,-17.9875));
#4546=VERTEX_POINT('',#4545);
#4547=CARTESIAN_POINT('',(91.7264,3.175,-17.9875));
#4548=DIRECTION('',(-0.,-1.,-0.));
#4549=VECTOR('',#4548,7.47);
#4550=LINE('',#4547,#4549);
#4551=EDGE_CURVE('',#463,#4546,#4550,.T.);
#4552=ORIENTED_EDGE('',*,*,#4551,.F.);
#4553=ORIENTED_EDGE('',*,*,#483,.F.);
#4554=CARTESIAN_POINT('',(66.7264,-4.295,-17.9875));
#4555=VERTEX_POINT('',#4554);
#4556=CARTESIAN_POINT('',(66.7264,3.175,-17.9875));
#4557=DIRECTION('',(-0.,-1.,-0.));
#4558=VECTOR('',#4557,7.47);
#4559=LINE('',#4556,#4558);
#4560=EDGE_CURVE('',#472,#4555,#4559,.T.);
#4561=ORIENTED_EDGE('',*,*,#4560,.T.);
#4562=CARTESIAN_POINT('',(66.7264,-4.295,-17.9875));
#4563=DIRECTION('',(1.,0.,-0.));
#4564=VECTOR('',#4563,25.);
#4565=LINE('',#4562,#4564);
#4566=EDGE_CURVE('',#4555,#4546,#4565,.T.);
#4567=ORIENTED_EDGE('',*,*,#4566,.T.);
#4568=EDGE_LOOP('',(#4552,#4553,#4561,#4567));
#4569=FACE_BOUND('',#4568,.T.);
#4570=ADVANCED_FACE('',(#4569),#4544,.T.);
#4571=CARTESIAN_POINT('',(3.1663,4.0305,-19.925));
#4572=DIRECTION('',(-1.,0.,0.));
#4573=DIRECTION('',(0.,0.,1.));
#4574=AXIS2_PLACEMENT_3D('',#4571,#4572,#4573);
#4575=CYLINDRICAL_SURFACE('',#4574,3.);
#4576=ORIENTED_EDGE('',*,*,#117,.F.);
#4577=ORIENTED_EDGE('',*,*,#501,.T.);
#4578=CARTESIAN_POINT('',(3.1663,4.0305,-19.925));
#4579=DIRECTION('',(-1.,0.,0.));
#4580=DIRECTION('',(0.,0.,1.));
#4581=AXIS2_PLACEMENT_3D('',#4578,#4579,#4580);
#4582=CIRCLE('',#4581,3.);
#4583=EDGE_CURVE('',#1863,#488,#4582,.T.);
#4584=ORIENTED_EDGE('',*,*,#4583,.F.);
#4585=ORIENTED_EDGE('',*,*,#1868,.F.);
#4586=EDGE_LOOP('',(#4576,#4577,#4584,#4585));
#4587=FACE_BOUND('',#4586,.T.);
#4588=ADVANCED_FACE('',(#4587),#4575,.F.);
#4589=CARTESIAN_POINT('',(3.1663,0.,0.));
#4590=DIRECTION('',(-1.,0.,0.));
#4591=DIRECTION('',(0.,-1.,0.));
#4592=AXIS2_PLACEMENT_3D('',#4589,#4590,#4591);
#4593=PLANE('',#4592);
#4594=ORIENTED_EDGE('',*,*,#1874,.T.);
#4595=ORIENTED_EDGE('',*,*,#4583,.T.);
#4596=ORIENTED_EDGE('',*,*,#495,.T.);
#4597=ORIENTED_EDGE('',*,*,#612,.T.);
#4598=ORIENTED_EDGE('',*,*,#657,.T.);
#4599=ORIENTED_EDGE('',*,*,#566,.F.);
#4600=EDGE_LOOP('',(#4594,#4595,#4596,#4597,#4598,#4599));
#4601=FACE_BOUND('',#4600,.T.);
#4602=ADVANCED_FACE('',(#4601),#4593,.T.);
#4603=CARTESIAN_POINT('',(3.1663,4.0305,-92.823));
#4604=DIRECTION('',(-1.,0.,0.));
#4605=DIRECTION('',(0.,0.,1.));
#4606=AXIS2_PLACEMENT_3D('',#4603,#4604,#4605);
#4607=CYLINDRICAL_SURFACE('',#4606,3.);
#4608=CARTESIAN_POINT('',(3.1663,4.0305,-92.823));
#4609=DIRECTION('',(-1.,0.,0.));
#4610=DIRECTION('',(0.,0.,1.));
#4611=AXIS2_PLACEMENT_3D('',#4608,#4609,#4610);
#4612=CIRCLE('',#4611,3.);
#4613=EDGE_CURVE('',#2073,#2071,#4612,.T.);
#4614=ORIENTED_EDGE('',*,*,#4613,.F.);
#4615=ORIENTED_EDGE('',*,*,#2095,.F.);
#4616=ORIENTED_EDGE('',*,*,#326,.F.);
#4617=ORIENTED_EDGE('',*,*,#2084,.F.);
#4618=EDGE_LOOP('',(#4614,#4615,#4616,#4617));
#4619=FACE_BOUND('',#4618,.T.);
#4620=ADVANCED_FACE('',(#4619),#4607,.F.);
#4621=CARTESIAN_POINT('',(3.1663,0.,0.));
#4622=DIRECTION('',(-1.,0.,0.));
#4623=DIRECTION('',(0.,-1.,0.));
#4624=AXIS2_PLACEMENT_3D('',#4621,#4622,#4623);
#4625=PLANE('',#4624);
#4626=ORIENTED_EDGE('',*,*,#2078,.T.);
#4627=ORIENTED_EDGE('',*,*,#4613,.T.);
#4628=EDGE_LOOP('',(#4626,#4627));
#4629=FACE_BOUND('',#4628,.T.);
#4630=ADVANCED_FACE('',(#4629),#4625,.T.);
#4631=CARTESIAN_POINT('',(32.,5.705,-16.4875));
#4632=DIRECTION('',(1.,0.,0.));
#4633=DIRECTION('',(0.,0.,-1.));
#4634=AXIS2_PLACEMENT_3D('',#4631,#4632,#4633);
#4635=PLANE('',#4634);
#4636=ORIENTED_EDGE('',*,*,#452,.T.);
#4637=CARTESIAN_POINT('',(32.,-4.295,-17.9875));
#4638=DIRECTION('',(-0.,-0.,1.));
#4639=VECTOR('',#4638,2.);
#4640=LINE('',#4637,#4639);
#4641=EDGE_CURVE('',#441,#401,#4640,.T.);
#4642=ORIENTED_EDGE('',*,*,#4641,.T.);
#4643=ORIENTED_EDGE('',*,*,#406,.F.);
#4644=ORIENTED_EDGE('',*,*,#539,.F.);
#4645=EDGE_LOOP('',(#4636,#4642,#4643,#4644));
#4646=FACE_BOUND('',#4645,.T.);
#4647=ADVANCED_FACE('',(#4646),#4635,.F.);
#4648=CARTESIAN_POINT('',(66.7264,3.175,-16.9875));
#4649=DIRECTION('',(-1.,0.,0.));
#4650=DIRECTION('',(0.,0.,1.));
#4651=AXIS2_PLACEMENT_3D('',#4648,#4649,#4650);
#4652=PLANE('',#4651);
#4653=CARTESIAN_POINT('',(66.7264,-4.295,-15.9875));
#4654=DIRECTION('',(-0.,-0.,-1.));
#4655=VECTOR('',#4654,2.);
#4656=LINE('',#4653,#4655);
#4657=EDGE_CURVE('',#361,#4555,#4656,.T.);
#4658=ORIENTED_EDGE('',*,*,#4657,.T.);
#4659=ORIENTED_EDGE('',*,*,#4560,.F.);
#4660=ORIENTED_EDGE('',*,*,#477,.F.);
#4661=ORIENTED_EDGE('',*,*,#372,.T.);
#4662=EDGE_LOOP('',(#4658,#4659,#4660,#4661));
#4663=FACE_BOUND('',#4662,.T.);
#4664=ADVANCED_FACE('',(#4663),#4652,.F.);
#4665=CARTESIAN_POINT('',(7.,5.705,-16.9875));
#4666=DIRECTION('',(-1.,0.,0.));
#4667=DIRECTION('',(0.,0.,1.));
#4668=AXIS2_PLACEMENT_3D('',#4665,#4666,#4667);
#4669=PLANE('',#4668);
#4670=ORIENTED_EDGE('',*,*,#532,.T.);
#4671=ORIENTED_EDGE('',*,*,#390,.T.);
#4672=CARTESIAN_POINT('',(7.,-4.295,-15.9875));
#4673=DIRECTION('',(-0.,-0.,-1.));
#4674=VECTOR('',#4673,2.);
#4675=LINE('',#4672,#4674);
#4676=EDGE_CURVE('',#385,#433,#4675,.T.);
#4677=ORIENTED_EDGE('',*,*,#4676,.T.);
#4678=ORIENTED_EDGE('',*,*,#438,.F.);
#4679=EDGE_LOOP('',(#4670,#4671,#4677,#4678));
#4680=FACE_BOUND('',#4679,.T.);
#4681=ADVANCED_FACE('',(#4680),#4669,.F.);
#4682=CARTESIAN_POINT('',(91.7264,3.175,-16.9875));
#4683=DIRECTION('',(1.,0.,0.));
#4684=DIRECTION('',(0.,0.,-1.));
#4685=AXIS2_PLACEMENT_3D('',#4682,#4683,#4684);
#4686=PLANE('',#4685);
#4687=CARTESIAN_POINT('',(91.7264,-4.295,-17.9875));
#4688=DIRECTION('',(-0.,-0.,1.));
#4689=VECTOR('',#4688,2.);
#4690=LINE('',#4687,#4689);
#4691=EDGE_CURVE('',#4546,#353,#4690,.T.);
#4692=ORIENTED_EDGE('',*,*,#4691,.T.);
#4693=ORIENTED_EDGE('',*,*,#358,.F.);
#4694=ORIENTED_EDGE('',*,*,#468,.F.);
#4695=ORIENTED_EDGE('',*,*,#4551,.T.);
#4696=EDGE_LOOP('',(#4692,#4693,#4694,#4695));
#4697=FACE_BOUND('',#4696,.T.);
#4698=ADVANCED_FACE('',(#4697),#4686,.F.);
#4699=CARTESIAN_POINT('',(0.,-1.295,0.));
#4700=DIRECTION('',(0.,-1.,0.));
#4701=DIRECTION('',(0.,0.,-1.));
#4702=AXIS2_PLACEMENT_3D('',#4699,#4700,#4701);
#4703=PLANE('',#4702);
#4704=ORIENTED_EDGE('',*,*,#76,.F.);
#4705=ORIENTED_EDGE('',*,*,#1155,.F.);
#4706=ORIENTED_EDGE('',*,*,#946,.F.);
#4707=ORIENTED_EDGE('',*,*,#4453,.F.);
#4708=ORIENTED_EDGE('',*,*,#4506,.F.);
#4709=ORIENTED_EDGE('',*,*,#4470,.T.);
#4710=ORIENTED_EDGE('',*,*,#1040,.F.);
#4711=ORIENTED_EDGE('',*,*,#1186,.T.);
#4712=EDGE_LOOP('',(#4704,#4705,#4706,#4707,#4708,#4709,#4710,#4711));
#4713=FACE_BOUND('',#4712,.T.);
#4714=ADVANCED_FACE('',(#4713),#4703,.F.);
#4715=CARTESIAN_POINT('',(0.,-4.295,0.));
#4716=DIRECTION('',(0.,-1.,0.));
#4717=DIRECTION('',(0.,0.,-1.));
#4718=AXIS2_PLACEMENT_3D('',#4715,#4716,#4717);
#4719=PLANE('',#4718);
#4720=ORIENTED_EDGE('',*,*,#366,.F.);
#4721=ORIENTED_EDGE('',*,*,#4691,.F.);
#4722=ORIENTED_EDGE('',*,*,#4566,.F.);
#4723=ORIENTED_EDGE('',*,*,#4657,.F.);
#4724=EDGE_LOOP('',(#4720,#4721,#4722,#4723));
#4725=FACE_BOUND('',#4724,.T.);
#4726=ORIENTED_EDGE('',*,*,#4641,.F.);
#4727=ORIENTED_EDGE('',*,*,#446,.F.);
#4728=ORIENTED_EDGE('',*,*,#4676,.F.);
#4729=ORIENTED_EDGE('',*,*,#412,.F.);
#4730=EDGE_LOOP('',(#4726,#4727,#4728,#4729));
#4731=FACE_BOUND('',#4730,.T.);
#4732=ORIENTED_EDGE('',*,*,#1216,.F.);
#4733=ORIENTED_EDGE('',*,*,#2126,.T.);
#4734=ORIENTED_EDGE('',*,*,#3814,.F.);
#4735=ORIENTED_EDGE('',*,*,#994,.T.);
#4736=ORIENTED_EDGE('',*,*,#1193,.T.);
#4737=ORIENTED_EDGE('',*,*,#1026,.F.);
#4738=ORIENTED_EDGE('',*,*,#4484,.F.);
#4739=ORIENTED_EDGE('',*,*,#4499,.F.);
#4740=ORIENTED_EDGE('',*,*,#4439,.T.);
#4741=ORIENTED_EDGE('',*,*,#960,.F.);
#4742=ORIENTED_EDGE('',*,*,#1148,.T.);
#4743=ORIENTED_EDGE('',*,*,#2820,.T.);
#4744=ORIENTED_EDGE('',*,*,#2776,.F.);
#4745=ORIENTED_EDGE('',*,*,#2797,.T.);
#4746=ORIENTED_EDGE('',*,*,#1118,.T.);
#4747=ORIENTED_EDGE('',*,*,#1066,.T.);
#4748=EDGE_LOOP('',(#4732,#4733,#4734,#4735,#4736,#4737,#4738,#4739,#4740,#4741,#4742,#4743,#4744,#4745,#4746,#4747));
#4749=FACE_BOUND('',#4748,.T.);
#4750=ORIENTED_EDGE('',*,*,#2870,.F.);
#4751=EDGE_LOOP('',(#4750));
#4752=FACE_BOUND('',#4751,.T.);
#4753=ORIENTED_EDGE('',*,*,#2895,.F.);
#4754=EDGE_LOOP('',(#4753));
#4755=FACE_BOUND('',#4754,.T.);
#4756=ORIENTED_EDGE('',*,*,#2920,.F.);
#4757=EDGE_LOOP('',(#4756));
#4758=FACE_BOUND('',#4757,.T.);
#4759=ORIENTED_EDGE('',*,*,#3520,.F.);
#4760=EDGE_LOOP('',(#4759));
#4761=FACE_BOUND('',#4760,.T.);
#4762=ORIENTED_EDGE('',*,*,#3495,.F.);
#4763=EDGE_LOOP('',(#4762));
#4764=FACE_BOUND('',#4763,.T.);
#4765=ORIENTED_EDGE('',*,*,#2845,.F.);
#4766=EDGE_LOOP('',(#4765));
#4767=FACE_BOUND('',#4766,.T.);
#4768=ORIENTED_EDGE('',*,*,#3470,.F.);
#4769=EDGE_LOOP('',(#4768));
#4770=FACE_BOUND('',#4769,.T.);
#4771=ORIENTED_EDGE('',*,*,#3420,.F.);
#4772=EDGE_LOOP('',(#4771));
#4773=FACE_BOUND('',#4772,.T.);
#4774=ORIENTED_EDGE('',*,*,#3645,.F.);
#4775=EDGE_LOOP('',(#4774));
#4776=FACE_BOUND('',#4775,.T.);
#4777=ORIENTED_EDGE('',*,*,#3070,.F.);
#4778=EDGE_LOOP('',(#4777));
#4779=FACE_BOUND('',#4778,.T.);
#4780=ORIENTED_EDGE('',*,*,#2970,.F.);
#4781=EDGE_LOOP('',(#4780));
#4782=FACE_BOUND('',#4781,.T.);
#4783=ORIENTED_EDGE('',*,*,#3320,.F.);
#4784=EDGE_LOOP('',(#4783));
#4785=FACE_BOUND('',#4784,.T.);
#4786=ORIENTED_EDGE('',*,*,#3220,.F.);
#4787=EDGE_LOOP('',(#4786));
#4788=FACE_BOUND('',#4787,.T.);
#4789=ORIENTED_EDGE('',*,*,#3195,.F.);
#4790=EDGE_LOOP('',(#4789));
#4791=FACE_BOUND('',#4790,.T.);
#4792=ORIENTED_EDGE('',*,*,#3170,.F.);
#4793=EDGE_LOOP('',(#4792));
#4794=FACE_BOUND('',#4793,.T.);
#4795=ORIENTED_EDGE('',*,*,#3145,.F.);
#4796=EDGE_LOOP('',(#4795));
#4797=FACE_BOUND('',#4796,.T.);
#4798=ORIENTED_EDGE('',*,*,#2945,.F.);
#4799=EDGE_LOOP('',(#4798));
#4800=FACE_BOUND('',#4799,.T.);
#4801=ORIENTED_EDGE('',*,*,#3245,.F.);
#4802=EDGE_LOOP('',(#4801));
#4803=FACE_BOUND('',#4802,.T.);
#4804=ORIENTED_EDGE('',*,*,#3270,.F.);
#4805=EDGE_LOOP('',(#4804));
#4806=FACE_BOUND('',#4805,.T.);
#4807=ORIENTED_EDGE('',*,*,#3295,.F.);
#4808=EDGE_LOOP('',(#4807));
#4809=FACE_BOUND('',#4808,.T.);
#4810=ORIENTED_EDGE('',*,*,#3095,.F.);
#4811=EDGE_LOOP('',(#4810));
#4812=FACE_BOUND('',#4811,.T.);
#4813=ORIENTED_EDGE('',*,*,#3120,.F.);
#4814=EDGE_LOOP('',(#4813));
#4815=FACE_BOUND('',#4814,.T.);
#4816=ORIENTED_EDGE('',*,*,#3020,.F.);
#4817=EDGE_LOOP('',(#4816));
#4818=FACE_BOUND('',#4817,.T.);
#4819=ORIENTED_EDGE('',*,*,#2995,.F.);
#4820=EDGE_LOOP('',(#4819));
#4821=FACE_BOUND('',#4820,.T.);
#4822=ORIENTED_EDGE('',*,*,#3670,.F.);
#4823=EDGE_LOOP('',(#4822));
#4824=FACE_BOUND('',#4823,.T.);
#4825=ORIENTED_EDGE('',*,*,#3695,.F.);
#4826=EDGE_LOOP('',(#4825));
#4827=FACE_BOUND('',#4826,.T.);
#4828=ORIENTED_EDGE('',*,*,#3720,.F.);
#4829=EDGE_LOOP('',(#4828));
#4830=FACE_BOUND('',#4829,.T.);
#4831=ORIENTED_EDGE('',*,*,#3045,.F.);
#4832=EDGE_LOOP('',(#4831));
#4833=FACE_BOUND('',#4832,.T.);
#4834=ORIENTED_EDGE('',*,*,#3620,.F.);
#4835=EDGE_LOOP('',(#4834));
#4836=FACE_BOUND('',#4835,.T.);
#4837=ORIENTED_EDGE('',*,*,#3545,.F.);
#4838=EDGE_LOOP('',(#4837));
#4839=FACE_BOUND('',#4838,.T.);
#4840=ORIENTED_EDGE('',*,*,#3570,.F.);
#4841=EDGE_LOOP('',(#4840));
#4842=FACE_BOUND('',#4841,.T.);
#4843=ORIENTED_EDGE('',*,*,#3595,.F.);
#4844=EDGE_LOOP('',(#4843));
#4845=FACE_BOUND('',#4844,.T.);
#4846=ORIENTED_EDGE('',*,*,#3445,.F.);
#4847=EDGE_LOOP('',(#4846));
#4848=FACE_BOUND('',#4847,.T.);
#4849=ORIENTED_EDGE('',*,*,#3345,.F.);
#4850=EDGE_LOOP('',(#4849));
#4851=FACE_BOUND('',#4850,.T.);
#4852=ORIENTED_EDGE('',*,*,#3370,.F.);
#4853=EDGE_LOOP('',(#4852));
#4854=FACE_BOUND('',#4853,.T.);
#4855=ORIENTED_EDGE('',*,*,#3395,.F.);
#4856=EDGE_LOOP('',(#4855));
#4857=FACE_BOUND('',#4856,.T.);
#4858=ORIENTED_EDGE('',*,*,#3887,.F.);
#4859=EDGE_LOOP('',(#4858));
#4860=FACE_BOUND('',#4859,.T.);
#4861=ORIENTED_EDGE('',*,*,#3837,.F.);
#4862=EDGE_LOOP('',(#4861));
#4863=FACE_BOUND('',#4862,.T.);
#4864=ORIENTED_EDGE('',*,*,#3912,.F.);
#4865=EDGE_LOOP('',(#4864));
#4866=FACE_BOUND('',#4865,.T.);
#4867=ORIENTED_EDGE('',*,*,#3862,.F.);
#4868=EDGE_LOOP('',(#4867));
#4869=FACE_BOUND('',#4868,.T.);
#4870=ORIENTED_EDGE('',*,*,#3937,.F.);
#4871=EDGE_LOOP('',(#4870));
#4872=FACE_BOUND('',#4871,.T.);
#4873=ORIENTED_EDGE('',*,*,#4012,.F.);
#4874=EDGE_LOOP('',(#4873));
#4875=FACE_BOUND('',#4874,.T.);
#4876=ORIENTED_EDGE('',*,*,#3987,.F.);
#4877=EDGE_LOOP('',(#4876));
#4878=FACE_BOUND('',#4877,.T.);
#4879=ORIENTED_EDGE('',*,*,#3962,.F.);
#4880=EDGE_LOOP('',(#4879));
#4881=FACE_BOUND('',#4880,.T.);
#4882=ORIENTED_EDGE('',*,*,#4062,.F.);
#4883=EDGE_LOOP('',(#4882));
#4884=FACE_BOUND('',#4883,.T.);
#4885=ORIENTED_EDGE('',*,*,#4087,.F.);
#4886=EDGE_LOOP('',(#4885));
#4887=FACE_BOUND('',#4886,.T.);
#4888=ORIENTED_EDGE('',*,*,#4112,.F.);
#4889=EDGE_LOOP('',(#4888));
#4890=FACE_BOUND('',#4889,.T.);
#4891=ORIENTED_EDGE('',*,*,#4037,.F.);
#4892=EDGE_LOOP('',(#4891));
#4893=FACE_BOUND('',#4892,.T.);
#4894=ORIENTED_EDGE('',*,*,#2016,.F.);
#4895=EDGE_LOOP('',(#4894));
#4896=FACE_BOUND('',#4895,.T.);
#4897=ORIENTED_EDGE('',*,*,#2041,.F.);
#4898=EDGE_LOOP('',(#4897));
#4899=FACE_BOUND('',#4898,.T.);
#4900=ORIENTED_EDGE('',*,*,#1966,.F.);
#4901=EDGE_LOOP('',(#4900));
#4902=FACE_BOUND('',#4901,.T.);
#4903=ORIENTED_EDGE('',*,*,#1991,.F.);
#4904=EDGE_LOOP('',(#4903));
#4905=FACE_BOUND('',#4904,.T.);
#4906=ORIENTED_EDGE('',*,*,#4312,.F.);
#4907=EDGE_LOOP('',(#4906));
#4908=FACE_BOUND('',#4907,.T.);
#4909=ORIENTED_EDGE('',*,*,#4287,.F.);
#4910=EDGE_LOOP('',(#4909));
#4911=FACE_BOUND('',#4910,.T.);
#4912=ORIENTED_EDGE('',*,*,#4262,.F.);
#4913=EDGE_LOOP('',(#4912));
#4914=FACE_BOUND('',#4913,.T.);
#4915=ORIENTED_EDGE('',*,*,#4237,.F.);
#4916=EDGE_LOOP('',(#4915));
#4917=FACE_BOUND('',#4916,.T.);
#4918=ORIENTED_EDGE('',*,*,#4187,.F.);
#4919=EDGE_LOOP('',(#4918));
#4920=FACE_BOUND('',#4919,.T.);
#4921=ORIENTED_EDGE('',*,*,#4162,.F.);
#4922=EDGE_LOOP('',(#4921));
#4923=FACE_BOUND('',#4922,.T.);
#4924=ORIENTED_EDGE('',*,*,#4137,.F.);
#4925=EDGE_LOOP('',(#4924));
#4926=FACE_BOUND('',#4925,.T.);
#4927=ORIENTED_EDGE('',*,*,#4212,.F.);
#4928=EDGE_LOOP('',(#4927));
#4929=FACE_BOUND('',#4928,.T.);
#4930=ADVANCED_FACE('',(#4725,#4731,#4749,#4752,#4755,#4758,#4761,#4764,#4767,#4770,#4773,#4776,#4779,#4782,#4785,#4788,#4791,#4794,#4797,#4800,#4803,#4806,#4809,#4812,#4815,#4818,
#4821,#4824,#4827,#4830,#4833,#4836,#4839,#4842,#4845,#4848,#4851,#4854,#4857,#4860,#4863,#4866,#4869,#4872,#4875,#4878,#4881,#4884,#4887,#4890,#4893,
#4896,#4899,#4902,#4905,#4908,#4911,#4914,#4917,#4920,#4923,#4926,#4929),#4719,.T.);
#4931=CLOSED_SHELL('',(#336,#376,#416,#456,#544,#600,#647,#669,#924,#964,#1004,#1044,#1084,#1106,#1169,#1223,#1261,#1292,#1321,#1361,#1390,#1419,#1459,#1488,#1517,#1557,
#1586,#1615,#1655,#1684,#1713,#1751,#1782,#1811,#1947,#1972,#1997,#2022,#2047,#2064,#2099,#2130,#2252,#2374,#2496,#2618,#2740,#2780,#2802,#2824,#2849,
#2874,#2899,#2924,#2949,#2974,#2999,#3024,#3049,#3074,#3099,#3124,#3149,#3174,#3199,#3224,#3249,#3274,#3299,#3324,#3349,#3374,#3399,#3424,#3449,#3474,
#3499,#3524,#3549,#3574,#3599,#3624,#3649,#3674,#3699,#3724,#3736,#3748,#3760,#3772,#3784,#3796,#3818,#3843,#3868,#3893,#3918,#3943,#3968,#3993,#4018,
#4043,#4068,#4093,#4118,#4143,#4168,#4193,#4218,#4243,#4268,#4293,#4318,#4330,#4342,#4354,#4366,#4378,#4390,#4402,#4414,#4426,#4457,#4488,#4510,#4527,
#4539,#4570,#4588,#4602,#4620,#4630,#4647,#4664,#4681,#4698,#4714,#4930));
#4932=MANIFOLD_SOLID_BREP('Body 05',#4931);
#4933=COLOUR_RGB('',0.494117647,0.494117647,0.525490224);
#4934=FILL_AREA_STYLE_COLOUR('',#4933);
#4935=FILL_AREA_STYLE('',(#4934));
#4936=SURFACE_STYLE_FILL_AREA(#4935);
#4937=SURFACE_SIDE_STYLE('',(#4936));
#4938=SURFACE_STYLE_USAGE(.BOTH.,#4937);
#4939=PRESENTATION_STYLE_ASSIGNMENT((#4938));
#54=STYLED_ITEM('',(#4939),#4932);
#4940=(NAMED_UNIT(*)PLANE_ANGLE_UNIT()SI_UNIT($,.RADIAN.));
#4941=PLANE_ANGLE_MEASURE_WITH_UNIT(PLANE_ANGLE_MEASURE(0.0174532925),#4940);
#4942=(CONVERSION_BASED_UNIT('DEGREE',#4941)NAMED_UNIT(#4943)PLANE_ANGLE_UNIT());
#4943=DIMENSIONAL_EXPONENTS(0.,0.,0.,0.,0.,0.,0.);
#4944=(NAMED_UNIT(*)SI_UNIT($,.STERADIAN.)SOLID_ANGLE_UNIT());
#4945=(LENGTH_UNIT()NAMED_UNIT(*)SI_UNIT(.MILLI.,.METRE.));
#4946=UNCERTAINTY_MEASURE_WITH_UNIT(LENGTH_MEASURE(1.000000E-03),#4945,'DISTANCE_ACCURACY_VALUE','Maximum Tolerance applied to model');
#4947=(GEOMETRIC_REPRESENTATION_CONTEXT(3)GLOBAL_UNCERTAINTY_ASSIGNED_CONTEXT((#4946))GLOBAL_UNIT_ASSIGNED_CONTEXT((#4945,#4942,#4944))REPRESENTATION_CONTEXT('','[WOJ-CUENC-006-RevAB] Control Unit Enclosure Interface Card Support 3D Print Mid.SLDPRT'));
#4959=CARTESIAN_POINT('',(0.,0.,0.));
#4960=DIRECTION('',(0.,0.,1.));
#4961=DIRECTION('',(1.,0.,-0.));
#4962=AXIS2_PLACEMENT_3D('',#4959,#4960,#4961);
#4963=ITEM_DEFINED_TRANSFORMATION('','',#4962,#15);
#4964=(REPRESENTATION_RELATIONSHIP('','',#4949,#35)REPRESENTATION_RELATIONSHIP_WITH_TRANSFORMATION(#4963)SHAPE_REPRESENTATION_RELATIONSHIP());
#4965=NEXT_ASSEMBLY_USAGE_OCCURRENCE('[WOJ-CUENC-006-RevAB] Control Unit Enclosure Interface Card Support 3D Print Mid.SLDPRT_2','[WOJ-CUENC-006-RevAB] Control Unit Enclosure Interface Card Support 3D Print Mid.SLDPRT','[WOJ-CUENC-006-RevAB] Control Unit Enclosure Interface Card Support 3D Print Mid.SLDPRT',#44,#4958,$);
#4966=PRODUCT_DEFINITION_SHAPE('','',#4965);
#4967=CONTEXT_DEPENDENT_SHAPE_REPRESENTATION(#4964,#4966);
#4949=SHAPE_REPRESENTATION('[WOJ-CUENC-006-RevAB] Control Unit Enclosure Interface Card Support 3D Print Mid.SLDPRT',(#15),#4947);
#4968=CARTESIAN_POINT('',(0.,0.,0.));
#4969=DIRECTION('',(0.,0.,1.));
#4970=DIRECTION('',(1.,0.,0.));
#4971=AXIS2_PLACEMENT_3D('',#4968,#4969,#4970);
#4973=MAPPED_ITEM('',#4972,#4971);
#4972=REPRESENTATION_MAP(#4971,#4949);
#4974=APPLICATION_CONTEXT('Managed model based 3d engineering');
#4975=APPLICATION_PROTOCOL_DEFINITION('international standard','ap242_managed_model_based_3d_engineering',2014,#4974);
#4976=PRODUCT_CONTEXT('',#4974,'mechanical');
#4977=PRODUCT_DEFINITION_CONTEXT('part definition',#4974,'design');
#4957=PRODUCT('[WOJ-CUENC-006-RevAB] Control Unit Enclosure Interface Card Support 3D Print Mid.SLDPRT','[WOJ-CUENC-006-RevAB] Control Unit Enclosure Interface Card Support 3D Print Mid.SLDPRT','',(#4976));
#4978=PRODUCT_RELATED_PRODUCT_CATEGORY('part','',(#4957));
#4979=PRODUCT_DEFINITION_FORMATION_WITH_SPECIFIED_SOURCE('','',#4957,.NOT_KNOWN.);
#4958=PRODUCT_DEFINITION('design','',#4979,#4977);
#4956=PRODUCT_DEFINITION_SHAPE('','',#4958);
#4980=SHAPE_DEFINITION_REPRESENTATION(#4956,#4949);
#4948=DRAUGHTING_MODEL('',(#4973),#4947);
#35=SHAPE_REPRESENTATION('SidePanel_Left.step',(#15,#4962),#33);
#36=ADVANCED_BREP_SHAPE_REPRESENTATION('SidePanel_Left.step',(#4932),#33);
#4988=SHAPE_REPRESENTATION_RELATIONSHIP('','',#35,#36);
#4989=CARTESIAN_POINT('',(0.,0.,0.));
#4990=DIRECTION('',(0.,0.,1.));
#4991=DIRECTION('',(1.,0.,0.));
#4992=AXIS2_PLACEMENT_3D('',#4989,#4990,#4991);
#4994=MAPPED_ITEM('',#4993,#4992);
#4993=REPRESENTATION_MAP(#4992,#35);
#43=PRODUCT('SidePanel_Left.step','SidePanel_Left.step','',(#4976));
#4995=PRODUCT_RELATED_PRODUCT_CATEGORY('part','',(#43));
#4996=PRODUCT_DEFINITION_FORMATION_WITH_SPECIFIED_SOURCE('','',#43,.NOT_KNOWN.);
#44=PRODUCT_DEFINITION('design','',#4996,#4977);
#42=PRODUCT_DEFINITION_SHAPE('','',#44);
#4997=SHAPE_DEFINITION_REPRESENTATION(#42,#35);
#34=DRAUGHTING_MODEL('',(#4994),#33);
#16=SHAPE_REPRESENTATION('root',(#15,#48),#10);
#4998=CARTESIAN_POINT('',(0.,0.,0.));
#4999=DIRECTION('',(0.,0.,1.));
#5000=DIRECTION('',(1.,0.,0.));
#5001=AXIS2_PLACEMENT_3D('',#4998,#4999,#5000);
#5003=MAPPED_ITEM('',#5002,#5001);
#5002=REPRESENTATION_MAP(#5001,#16);
#24=PRODUCT('root','root','',(#4976));
#5004=PRODUCT_RELATED_PRODUCT_CATEGORY('part','',(#24));
#5005=PRODUCT_DEFINITION_FORMATION_WITH_SPECIFIED_SOURCE('','',#24,.NOT_KNOWN.);
#25=PRODUCT_DEFINITION('design','',#5005,#4977);
#23=PRODUCT_DEFINITION_SHAPE('','',#25);
#5006=SHAPE_DEFINITION_REPRESENTATION(#23,#16);
#11=DRAUGHTING_MODEL('',(#5003),#10);
#5007=DESCRIPTIVE_REPRESENTATION_ITEM('KEY','C:\\Users\\bilal\\AppData\\Local\\Packages\\Shapr3D.Shapr3D_j403pzjkqtqbj\\TempState\\d2825231-0a3a-4d4f-88e5-ad40ad81e4f2.tmp');
#5008=PROPERTY_DEFINITION('KEY','',#25);
#5009=REPRESENTATION('',(#5007),#10);
#5010=PROPERTY_DEFINITION_REPRESENTATION(#5008,#5009);
#5011=GENERAL_PROPERTY('','KEY','');
#5012=GENERAL_PROPERTY_ASSOCIATION('','',#5011,#5008);
#1=MECHANICAL_DESIGN_GEOMETRIC_PRESENTATION_REPRESENTATION('',(#54),#10);
ENDSEC;
END-ISO-10303-21;
